order_id,status,total_amount,currency,payment_method,shipping_method,notes
1,Delivered,521.95,GBP,klarna,fedex,
2,Shipped,786.99,USD,google_pay,pickup_point,
3,Returned,844.95,GBP,debit_card,economy,
4,Returned,422.99,GBP,credit_card,ups,
5,Cancelled,1357.95,EUR,debit_card,standard,
6,Refunded,1297.95,GBP,credit_card,economy,
7,Cancelled,69.99,USD,google_pay,ups,
8,Pending,435.95,USD,credit_card,standard,
9,Refunded,826.95,GBP,google_pay,standard,
10,Refunded,790.95,EUR,credit_card,express,
11,Cancelled,223.95,USD,bank_transfer,economy,
12,Delivered,425.99,USD,debit_card,overnight,
13,Refunded,1170.95,USD,bank_transfer,fedex,
14,Delivered,769.99,GBP,paypal,pickup_point,
15,Refunded,668.99,GBP,google_pay,ups,
16,Cancelled,179.99,USD,paypal,pickup_point,
17,Cancelled,1130.99,EUR,bank_transfer,ups,
18,Cancelled,1480.99,GBP,google_pay,fedex,
19,Shipped,1049.95,GBP,apple_pay,fedex,
20,Cancelled,1353.99,USD,google_pay,economy,
21,Cancelled,1466.99,USD,bank_transfer,economy,
22,Delivered,1151.99,USD,debit_card,ups,
23,Returned,1077.95,USD,klarna,economy,
24,Shipped,49.95,USD,google_pay,express,
25,Shipped,15.95,GBP,bank_transfer,economy,
26,Returned,639.99,EUR,google_pay,express,
27,Pending,1486.95,USD,paypal,express,
28,Processing,378.95,EUR,credit_card,standard,
29,Shipped,1010.99,EUR,paypal,overnight,
30,Pending,353.99,USD,bank_transfer,express,
31,Returned,146.95,EUR,bank_transfer,ups,
32,Shipped,637.99,EUR,google_pay,overnight,
33,Refunded,996.95,USD,apple_pay,overnight,
34,Delivered,729.99,USD,credit_card,dhl,
35,Returned,606.95,EUR,klarna,dhl,
36,Processing,1167.99,USD,credit_card,standard,
37,Shipped,1474.95,EUR,paypal,dhl,
38,Pending,423.95,GBP,paypal,overnight,
39,Delivered,838.95,USD,bank_transfer,pickup_point,
40,Pending,78.99,GBP,apple_pay,economy,
41,Refunded,717.99,GBP,debit_card,fedex,
42,Processing,156.95,GBP,apple_pay,dhl,
43,Delivered,76.99,USD,credit_card,express,
44,Processing,486.99,EUR,bank_transfer,pickup_point,
45,Pending,859.99,GBP,debit_card,economy,
46,Shipped,264.95,EUR,klarna,express,
47,Cancelled,112.95,USD,bank_transfer,ups,
48,Delivered,1294.95,EUR,apple_pay,economy,
49,Cancelled,1310.95,EUR,credit_card,ups,
50,Shipped,404.95,USD,klarna,ups,
51,Processing,492.95,USD,debit_card,ups,
52,Refunded,141.99,USD,apple_pay,express,
53,Processing,1247.95,EUR,debit_card,dhl,
54,Pending,700.95,GBP,klarna,fedex,
55,Returned,444.95,GBP,debit_card,ups,
56,Shipped,320.95,GBP,paypal,overnight,
57,Pending,1496.95,GBP,google_pay,overnight,
58,Delivered,1049.95,USD,google_pay,express,
59,Processing,593.99,USD,google_pay,economy,
60,Returned,455.95,USD,bank_transfer,express,
61,Delivered,358.95,EUR,debit_card,dhl,Signature required
62,Processing,1320.95,EUR,debit_card,dhl,
63,Cancelled,185.99,EUR,credit_card,pickup_point,
64,Delivered,1146.95,USD,credit_card,express,
65,Refunded,1465.99,EUR,paypal,overnight,
66,Refunded,968.95,USD,google_pay,ups,
67,Refunded,999.99,EUR,paypal,express,
68,Delivered,1001.95,GBP,klarna,fedex,
69,Pending,11.95,EUR,apple_pay,fedex,
70,Delivered,1123.95,GBP,google_pay,dhl,
71,Refunded,198.95,USD,credit_card,dhl,
72,Returned,1185.99,GBP,apple_pay,fedex,
73,Returned,11.99,GBP,credit_card,economy,
74,Delivered,19.95,USD,apple_pay,express,
75,Refunded,881.99,USD,google_pay,dhl,Residential address
76,Delivered,1415.95,EUR,debit_card,ups,
77,Delivered,1490.99,EUR,apple_pay,dhl,
78,Refunded,51.95,GBP,klarna,pickup_point,
79,Returned,1071.99,EUR,google_pay,fedex,
80,Cancelled,80.99,EUR,apple_pay,economy,
81,Refunded,1216.99,USD,apple_pay,fedex,
82,Pending,1002.99,USD,debit_card,express,
83,Cancelled,1124.99,GBP,credit_card,fedex,
84,Returned,340.99,EUR,debit_card,fedex,Leave with neighbor if not home
85,Cancelled,842.99,USD,bank_transfer,ups,
86,Delivered,392.99,USD,apple_pay,overnight,
87,Cancelled,1307.95,USD,klarna,ups,
88,Returned,596.95,USD,debit_card,fedex,
89,Processing,237.99,GBP,google_pay,fedex,
90,Refunded,810.99,GBP,debit_card,express,
91,Shipped,468.99,EUR,google_pay,overnight,
92,Processing,842.99,USD,debit_card,economy,
93,Shipped,961.99,USD,paypal,ups,
94,Pending,1164.95,GBP,credit_card,overnight,
95,Returned,867.95,USD,klarna,standard,
96,Pending,301.95,USD,google_pay,fedex,
97,Returned,1481.99,EUR,klarna,dhl,
98,Processing,376.99,USD,paypal,economy,
99,Refunded,858.99,EUR,debit_card,fedex,
100,Shipped,675.99,EUR,paypal,pickup_point,
101,Cancelled,210.95,GBP,apple_pay,fedex,
102,Processing,182.99,USD,bank_transfer,fedex,
103,Delivered,93.99,USD,google_pay,pickup_point,Please leave at front door
104,Refunded,54.95,EUR,credit_card,dhl,
105,Cancelled,1204.99,GBP,klarna,overnight,
106,Delivered,785.95,GBP,apple_pay,economy,
107,Refunded,474.95,USD,debit_card,overnight,
108,Refunded,492.95,EUR,bank_transfer,express,Gift wrapping requested
109,Pending,649.95,USD,google_pay,overnight,
110,Cancelled,1427.99,EUR,paypal,ups,
111,Delivered,1485.95,GBP,klarna,overnight,
112,Pending,27.95,GBP,klarna,economy,
113,Cancelled,965.99,EUR,klarna,overnight,
114,Returned,921.95,GBP,paypal,overnight,Signature required
115,Refunded,1109.99,GBP,credit_card,economy,
116,Processing,1377.95,USD,credit_card,fedex,
117,Refunded,388.95,EUR,google_pay,dhl,
118,Cancelled,423.99,USD,google_pay,standard,
119,Processing,1380.95,EUR,credit_card,overnight,
120,Returned,412.99,EUR,paypal,economy,
121,Cancelled,799.95,EUR,credit_card,pickup_point,
122,Pending,909.95,USD,credit_card,fedex,
123,Delivered,1458.99,EUR,google_pay,fedex,
124,Refunded,667.99,USD,debit_card,fedex,
125,Processing,1256.95,EUR,bank_transfer,standard,
126,Processing,659.95,GBP,bank_transfer,express,
127,Pending,516.95,GBP,credit_card,economy,
128,Processing,1216.99,GBP,credit_card,standard,
129,Cancelled,865.99,USD,apple_pay,economy,
130,Returned,156.95,EUR,google_pay,express,
131,Shipped,1201.99,USD,apple_pay,pickup_point,
132,Delivered,312.95,USD,debit_card,ups,
133,Cancelled,582.99,GBP,debit_card,pickup_point,
134,Shipped,1296.95,GBP,paypal,overnight,
135,Cancelled,930.99,USD,apple_pay,express,
136,Shipped,1321.95,GBP,google_pay,dhl,
137,Pending,1054.95,GBP,google_pay,standard,
138,Pending,419.95,USD,apple_pay,dhl,Ring doorbell twice
139,Cancelled,1336.95,GBP,klarna,pickup_point,
140,Pending,1327.99,USD,google_pay,ups,
141,Shipped,1098.95,USD,credit_card,express,
142,Pending,315.99,EUR,paypal,fedex,
143,Pending,899.99,EUR,google_pay,overnight,
144,Pending,522.99,EUR,paypal,overnight,
145,Delivered,1317.99,USD,apple_pay,overnight,
146,Pending,90.99,USD,credit_card,express,
147,Pending,1092.99,EUR,bank_transfer,express,
148,Cancelled,1450.95,USD,debit_card,express,Do not leave in direct sunlight
149,Returned,24.95,USD,debit_card,economy,
150,Returned,710.99,GBP,paypal,fedex,
151,Returned,519.99,EUR,debit_card,standard,
152,Refunded,347.95,USD,paypal,express,
153,Shipped,329.99,USD,klarna,overnight,
154,Refunded,731.99,USD,credit_card,dhl,
155,Delivered,46.99,EUR,google_pay,pickup_point,
156,Pending,394.99,USD,apple_pay,fedex,
157,Delivered,68.99,GBP,credit_card,ups,
158,Processing,1221.99,USD,google_pay,express,
159,Pending,340.99,USD,debit_card,pickup_point,
160,Cancelled,857.99,USD,apple_pay,overnight,
161,Cancelled,697.95,GBP,paypal,express,
162,Delivered,224.99,GBP,debit_card,pickup_point,
163,Returned,760.99,USD,apple_pay,pickup_point,Leave with neighbor if not home
164,Processing,631.99,USD,credit_card,dhl,
165,Cancelled,383.99,EUR,bank_transfer,standard,
166,Refunded,314.99,USD,paypal,dhl,
167,Delivered,624.99,USD,bank_transfer,standard,
168,Delivered,991.99,EUR,bank_transfer,express,
169,Shipped,42.95,EUR,google_pay,fedex,
170,Delivered,1264.95,GBP,apple_pay,fedex,
171,Cancelled,630.99,GBP,klarna,ups,
172,Refunded,84.95,USD,debit_card,economy,
173,Returned,1304.95,GBP,debit_card,ups,
174,Processing,1174.95,GBP,debit_card,fedex,Please leave at front door
175,Processing,488.99,USD,klarna,ups,Ring doorbell twice
176,Returned,708.95,USD,google_pay,dhl,
177,Pending,434.99,EUR,google_pay,fedex,
178,Shipped,408.99,EUR,paypal,ups,
179,Cancelled,523.99,USD,debit_card,fedex,
180,Pending,1448.99,EUR,credit_card,ups,
181,Shipped,429.95,USD,paypal,dhl,
182,Shipped,399.99,USD,klarna,pickup_point,
183,Processing,430.99,GBP,google_pay,overnight,
184,Processing,1240.95,EUR,google_pay,economy,
185,Delivered,641.95,USD,apple_pay,pickup_point,
186,Processing,309.99,GBP,debit_card,standard,
187,Refunded,224.95,EUR,google_pay,overnight,
188,Refunded,1430.95,GBP,google_pay,standard,
189,Delivered,547.99,GBP,paypal,standard,
190,Returned,560.99,USD,paypal,fedex,
191,Cancelled,512.99,EUR,google_pay,express,
192,Returned,291.95,USD,paypal,express,
193,Refunded,263.99,USD,klarna,express,
194,Shipped,1081.95,GBP,klarna,express,
195,Cancelled,230.99,EUR,credit_card,overnight,
196,Refunded,1288.95,USD,credit_card,economy,
197,Shipped,405.95,USD,paypal,standard,
198,Pending,695.95,USD,bank_transfer,fedex,
199,Refunded,1096.99,EUR,google_pay,pickup_point,
200,Refunded,1044.99,EUR,bank_transfer,overnight,
201,Cancelled,502.99,GBP,klarna,fedex,
202,Delivered,1090.99,GBP,klarna,economy,
203,Pending,483.95,GBP,apple_pay,pickup_point,
204,Shipped,984.95,GBP,apple_pay,standard,
205,Shipped,580.95,EUR,debit_card,ups,
206,Shipped,492.95,USD,klarna,express,
207,Delivered,1004.95,USD,credit_card,pickup_point,
208,Cancelled,541.95,EUR,apple_pay,fedex,
209,Shipped,717.99,EUR,apple_pay,overnight,
210,Cancelled,155.95,GBP,bank_transfer,standard,
211,Shipped,587.95,EUR,credit_card,ups,
212,Cancelled,768.95,EUR,google_pay,standard,
213,Processing,1037.99,USD,klarna,overnight,
214,Pending,871.99,USD,klarna,dhl,Residential address
215,Delivered,1088.95,USD,klarna,express,
216,Cancelled,386.95,USD,apple_pay,dhl,
217,Cancelled,847.99,EUR,apple_pay,dhl,
218,Delivered,1252.99,EUR,apple_pay,standard,
219,Cancelled,1357.95,EUR,credit_card,express,
220,Shipped,813.95,GBP,debit_card,overnight,
221,Refunded,49.99,GBP,debit_card,fedex,
222,Pending,106.99,EUR,debit_card,economy,
223,Delivered,509.99,GBP,debit_card,express,
224,Refunded,503.95,EUR,google_pay,overnight,
225,Processing,1086.99,EUR,google_pay,fedex,
226,Shipped,1113.95,EUR,paypal,ups,
227,Delivered,743.95,USD,paypal,ups,
228,Refunded,187.99,GBP,credit_card,pickup_point,
229,Shipped,838.95,EUR,debit_card,overnight,
230,Cancelled,1121.95,GBP,bank_transfer,ups,
231,Returned,488.99,EUR,google_pay,economy,
232,Pending,224.95,GBP,bank_transfer,overnight,
233,Cancelled,175.95,USD,apple_pay,express,
234,Refunded,546.99,GBP,debit_card,ups,
235,Delivered,266.95,EUR,bank_transfer,ups,
236,Pending,922.99,GBP,bank_transfer,pickup_point,
237,Cancelled,1498.99,USD,debit_card,overnight,
238,Delivered,450.95,GBP,bank_transfer,dhl,
239,Refunded,588.99,USD,credit_card,overnight,
240,Refunded,1466.95,USD,bank_transfer,fedex,
241,Refunded,578.95,GBP,debit_card,fedex,
242,Cancelled,1456.99,EUR,google_pay,fedex,
243,Shipped,1132.95,GBP,debit_card,economy,
244,Refunded,55.99,EUR,google_pay,overnight,
245,Processing,712.99,EUR,apple_pay,pickup_point,
246,Cancelled,787.95,USD,debit_card,overnight,
247,Returned,938.95,EUR,apple_pay,express,
248,Returned,1296.95,EUR,paypal,pickup_point,
249,Pending,472.95,USD,google_pay,standard,
250,Processing,91.95,GBP,klarna,pickup_point,
251,Refunded,476.95,EUR,credit_card,ups,
252,Refunded,1167.95,GBP,credit_card,ups,
253,Refunded,721.99,GBP,credit_card,dhl,
254,Cancelled,1127.95,USD,paypal,economy,
255,Delivered,211.99,GBP,paypal,dhl,
256,Refunded,985.99,EUR,credit_card,pickup_point,
257,Returned,733.95,EUR,google_pay,standard,
258,Cancelled,182.99,GBP,apple_pay,pickup_point,
259,Pending,1376.99,EUR,debit_card,standard,
260,Processing,273.99,GBP,apple_pay,ups,
261,Processing,695.95,GBP,debit_card,express,
262,Refunded,678.95,USD,paypal,pickup_point,
263,Pending,1413.99,GBP,debit_card,fedex,
264,Shipped,1186.99,EUR,paypal,pickup_point,
265,Delivered,493.95,USD,credit_card,fedex,
266,Pending,299.99,USD,klarna,pickup_point,
267,Returned,1418.99,GBP,apple_pay,fedex,
268,Returned,955.95,EUR,bank_transfer,fedex,
269,Delivered,758.95,EUR,bank_transfer,overnight,
270,Cancelled,1328.95,GBP,apple_pay,standard,
271,Cancelled,236.95,EUR,bank_transfer,ups,Leave with neighbor if not home
272,Returned,163.99,EUR,google_pay,ups,
273,Refunded,1070.95,USD,paypal,express,
274,Refunded,1336.95,USD,klarna,fedex,
275,Delivered,168.99,EUR,paypal,standard,
276,Delivered,1345.99,EUR,klarna,economy,
277,Processing,968.95,GBP,paypal,economy,
278,Refunded,188.95,GBP,credit_card,ups,
279,Refunded,496.95,USD,klarna,pickup_point,
280,Processing,156.95,GBP,klarna,standard,
281,Processing,688.95,USD,credit_card,dhl,
282,Shipped,1125.95,EUR,credit_card,standard,
283,Processing,411.99,EUR,credit_card,ups,
284,Pending,1220.99,EUR,debit_card,overnight,
285,Refunded,867.99,USD,bank_transfer,overnight,
286,Shipped,916.95,EUR,bank_transfer,pickup_point,
287,Pending,165.95,USD,debit_card,fedex,
288,Shipped,760.99,USD,apple_pay,standard,
289,Processing,834.95,GBP,debit_card,ups,
290,Cancelled,898.99,USD,apple_pay,economy,
291,Refunded,394.95,EUR,paypal,economy,
292,Shipped,733.95,EUR,bank_transfer,ups,
293,Refunded,782.99,USD,credit_card,fedex,
294,Returned,255.99,USD,klarna,express,
295,Pending,1151.95,EUR,klarna,pickup_point,
296,Shipped,839.95,USD,paypal,dhl,
297,Pending,63.95,EUR,klarna,ups,
298,Refunded,1053.95,USD,paypal,standard,
299,Refunded,78.99,GBP,apple_pay,express,
300,Shipped,823.99,GBP,credit_card,express,
301,Processing,301.95,EUR,bank_transfer,overnight,
302,Refunded,948.95,GBP,paypal,dhl,
303,Processing,649.99,GBP,apple_pay,overnight,
304,Processing,1279.95,GBP,debit_card,express,
305,Refunded,981.95,GBP,debit_card,express,
306,Returned,1423.95,GBP,credit_card,pickup_point,Leave with neighbor if not home
307,Returned,1109.99,EUR,klarna,economy,Please leave at front door
308,Refunded,1033.99,USD,debit_card,overnight,
309,Delivered,750.95,GBP,klarna,standard,
310,Processing,90.95,USD,paypal,dhl,
311,Processing,350.99,EUR,debit_card,overnight,
312,Refunded,750.99,EUR,google_pay,dhl,
313,Processing,1274.99,GBP,google_pay,fedex,
314,Pending,1390.99,GBP,bank_transfer,dhl,
315,Processing,246.95,GBP,credit_card,economy,
316,Cancelled,1213.95,USD,bank_transfer,standard,
317,Cancelled,25.95,USD,apple_pay,ups,
318,Cancelled,1254.95,GBP,debit_card,pickup_point,
319,Shipped,1166.99,EUR,bank_transfer,express,
320,Pending,278.95,EUR,google_pay,express,
321,Processing,42.99,USD,apple_pay,fedex,
322,Refunded,519.99,EUR,credit_card,fedex,
323,Shipped,793.99,EUR,klarna,dhl,
324,Shipped,93.95,GBP,credit_card,standard,
325,Refunded,382.99,USD,bank_transfer,overnight,
326,Shipped,919.99,GBP,credit_card,overnight,
327,Pending,481.99,USD,google_pay,economy,
328,Processing,1021.99,GBP,paypal,overnight,
329,Shipped,912.99,GBP,klarna,standard,
330,Delivered,573.99,USD,debit_card,pickup_point,
331,Refunded,1056.99,USD,debit_card,ups,
332,Pending,558.95,GBP,paypal,economy,
333,Pending,837.95,USD,bank_transfer,overnight,
334,Refunded,20.99,USD,paypal,ups,
335,Processing,57.95,GBP,klarna,standard,
336,Refunded,896.95,EUR,credit_card,dhl,
337,Shipped,1030.99,USD,google_pay,express,
338,Cancelled,1013.99,USD,apple_pay,dhl,
339,Delivered,1028.99,EUR,google_pay,dhl,
340,Returned,157.99,EUR,paypal,express,
341,Returned,829.99,USD,apple_pay,pickup_point,
342,Cancelled,992.99,GBP,paypal,dhl,
343,Delivered,632.99,USD,paypal,overnight,
344,Delivered,769.99,GBP,bank_transfer,fedex,
345,Shipped,1015.95,USD,apple_pay,ups,Please pack carefully
346,Processing,539.99,GBP,bank_transfer,dhl,
347,Returned,775.99,EUR,debit_card,overnight,
348,Processing,1255.99,EUR,debit_card,express,
349,Shipped,359.99,EUR,klarna,pickup_point,
350,Pending,342.95,GBP,paypal,dhl,
351,Shipped,610.99,USD,paypal,overnight,
352,Cancelled,1083.99,USD,apple_pay,dhl,
353,Refunded,1164.95,USD,google_pay,standard,
354,Returned,46.95,USD,paypal,standard,
355,Cancelled,127.99,EUR,paypal,express,
356,Processing,1108.95,USD,credit_card,standard,
357,Cancelled,1403.99,GBP,bank_transfer,express,
358,Refunded,296.95,USD,klarna,overnight,
359,Shipped,674.95,GBP,debit_card,pickup_point,
360,Cancelled,625.99,GBP,klarna,standard,
361,Cancelled,582.99,EUR,debit_card,express,
362,Shipped,710.99,USD,debit_card,dhl,
363,Returned,724.99,EUR,debit_card,express,
364,Shipped,338.99,USD,paypal,pickup_point,
365,Refunded,1331.99,USD,klarna,fedex,
366,Returned,913.95,EUR,bank_transfer,standard,
367,Cancelled,121.95,EUR,apple_pay,standard,
368,Shipped,1119.95,GBP,credit_card,economy,
369,Cancelled,1310.95,GBP,apple_pay,pickup_point,
370,Returned,1166.99,USD,paypal,dhl,
371,Delivered,519.99,GBP,paypal,economy,
372,Refunded,95.95,EUR,paypal,dhl,
373,Cancelled,358.95,GBP,bank_transfer,overnight,
374,Delivered,191.99,EUR,klarna,fedex,
375,Pending,407.95,USD,klarna,standard,
376,Refunded,807.95,EUR,bank_transfer,ups,
377,Processing,901.95,USD,bank_transfer,ups,
378,Delivered,1285.99,EUR,debit_card,overnight,
379,Refunded,553.95,EUR,paypal,ups,
380,Delivered,676.99,USD,debit_card,fedex,
381,Refunded,996.99,EUR,debit_card,standard,
382,Processing,347.95,GBP,paypal,pickup_point,
383,Refunded,1386.95,USD,klarna,ups,Residential address
384,Delivered,1151.95,USD,google_pay,fedex,
385,Returned,455.95,USD,klarna,overnight,Business address
386,Shipped,907.99,GBP,credit_card,ups,
387,Pending,57.95,EUR,credit_card,pickup_point,
388,Pending,406.99,USD,paypal,dhl,
389,Processing,1348.95,GBP,debit_card,express,
390,Returned,558.99,USD,debit_card,economy,
391,Returned,696.99,GBP,apple_pay,economy,
392,Processing,730.99,GBP,apple_pay,express,Please leave at front door
393,Pending,63.99,GBP,klarna,standard,
394,Refunded,470.95,EUR,google_pay,economy,
395,Delivered,786.99,USD,debit_card,overnight,
396,Delivered,588.95,EUR,klarna,fedex,
397,Processing,1412.99,EUR,bank_transfer,dhl,
398,Processing,1380.95,EUR,bank_transfer,economy,
399,Returned,863.99,GBP,debit_card,express,Ring doorbell twice
400,Processing,439.95,GBP,apple_pay,express,
401,Processing,863.99,USD,paypal,dhl,
402,Pending,1108.99,EUR,debit_card,express,
403,Refunded,947.99,GBP,apple_pay,dhl,
404,Shipped,845.95,USD,apple_pay,pickup_point,
405,Delivered,518.95,EUR,debit_card,express,
406,Processing,770.95,USD,bank_transfer,dhl,
407,Shipped,1167.95,USD,debit_card,fedex,
408,Shipped,1072.95,USD,klarna,standard,
409,Cancelled,757.99,USD,bank_transfer,ups,
410,Returned,55.95,EUR,credit_card,overnight,
411,Cancelled,608.95,USD,klarna,express,
412,Processing,874.95,GBP,credit_card,economy,
413,Refunded,448.95,USD,apple_pay,overnight,
414,Refunded,1095.95,GBP,klarna,overnight,
415,Shipped,993.99,EUR,credit_card,pickup_point,
416,Returned,850.95,GBP,apple_pay,fedex,
417,Returned,430.95,EUR,bank_transfer,overnight,
418,Processing,1218.99,USD,credit_card,standard,
419,Processing,1315.99,GBP,google_pay,fedex,
420,Refunded,957.95,GBP,credit_card,overnight,
421,Cancelled,856.99,USD,klarna,economy,
422,Delivered,1019.95,USD,paypal,overnight,
423,Shipped,511.99,GBP,klarna,fedex,
424,Returned,883.95,GBP,paypal,ups,
425,Returned,602.95,EUR,debit_card,overnight,
426,Returned,559.95,EUR,debit_card,economy,
427,Cancelled,1225.99,USD,klarna,standard,
428,Refunded,1041.99,GBP,paypal,express,
429,Pending,919.99,GBP,apple_pay,express,
430,Cancelled,644.95,GBP,debit_card,dhl,
431,Cancelled,1046.95,EUR,google_pay,standard,
432,Shipped,234.99,USD,debit_card,dhl,
433,Delivered,1328.95,EUR,klarna,ups,
434,Refunded,697.99,GBP,klarna,standard,
435,Delivered,316.95,EUR,google_pay,pickup_point,
436,Pending,812.99,EUR,paypal,economy,
437,Cancelled,1119.95,USD,klarna,dhl,
438,Cancelled,208.99,GBP,google_pay,express,
439,Returned,597.99,EUR,debit_card,economy,
440,Refunded,1336.95,GBP,debit_card,economy,
441,Returned,875.99,USD,apple_pay,economy,
442,Processing,514.99,GBP,paypal,pickup_point,
443,Refunded,463.99,USD,credit_card,overnight,
444,Returned,1298.99,USD,credit_card,fedex,
445,Delivered,685.95,GBP,apple_pay,ups,
446,Refunded,62.95,USD,paypal,ups,
447,Returned,1381.99,EUR,debit_card,ups,
448,Cancelled,536.99,GBP,google_pay,overnight,
449,Returned,1363.99,USD,klarna,standard,
450,Processing,142.95,USD,bank_transfer,overnight,
451,Returned,1041.95,GBP,google_pay,express,
452,Shipped,1460.99,USD,google_pay,economy,
453,Processing,1108.95,EUR,paypal,fedex,
454,Refunded,1056.95,USD,paypal,dhl,
455,Cancelled,687.95,EUR,paypal,standard,
456,Pending,559.99,GBP,klarna,dhl,
457,Refunded,1052.95,EUR,paypal,standard,Combine with other items if available
458,Processing,95.95,USD,credit_card,express,
459,Delivered,224.99,EUR,google_pay,economy,
460,Refunded,777.99,GBP,bank_transfer,pickup_point,
461,Cancelled,800.99,USD,apple_pay,standard,
462,Delivered,309.99,USD,credit_card,pickup_point,
463,Returned,226.99,USD,debit_card,economy,
464,Refunded,1085.95,EUR,google_pay,express,Business address
465,Delivered,1231.95,EUR,credit_card,pickup_point,
466,Returned,821.99,USD,klarna,economy,
467,Pending,1012.95,GBP,klarna,ups,
468,Shipped,163.99,EUR,apple_pay,standard,
469,Delivered,348.95,EUR,bank_transfer,ups,
470,Processing,1009.95,GBP,apple_pay,fedex,
471,Refunded,1155.99,USD,bank_transfer,pickup_point,
472,Delivered,12.99,EUR,debit_card,express,
473,Pending,114.95,GBP,debit_card,dhl,
474,Shipped,1315.95,USD,klarna,economy,
475,Delivered,998.95,GBP,debit_card,economy,
476,Cancelled,962.95,USD,debit_card,pickup_point,
477,Processing,1001.95,USD,debit_card,express,
478,Delivered,474.95,EUR,google_pay,express,
479,Pending,737.95,GBP,paypal,ups,
480,Processing,359.95,USD,apple_pay,express,
481,Shipped,563.95,GBP,debit_card,express,
482,Shipped,472.95,USD,debit_card,pickup_point,
483,Cancelled,444.99,USD,bank_transfer,dhl,
484,Cancelled,626.99,EUR,paypal,ups,
485,Pending,835.99,EUR,google_pay,standard,
486,Delivered,789.99,GBP,apple_pay,pickup_point,
487,Shipped,1089.99,GBP,paypal,dhl,
488,Returned,294.99,USD,bank_transfer,dhl,
489,Shipped,852.99,EUR,klarna,overnight,
490,Cancelled,373.95,USD,apple_pay,ups,
491,Pending,593.99,GBP,paypal,ups,
492,Processing,281.95,GBP,klarna,pickup_point,
493,Returned,1270.99,USD,apple_pay,economy,
494,Returned,735.95,EUR,apple_pay,ups,
495,Processing,333.99,GBP,apple_pay,express,
496,Pending,1326.99,EUR,apple_pay,express,
497,Pending,778.95,GBP,google_pay,overnight,
498,Shipped,241.99,EUR,credit_card,pickup_point,
499,Cancelled,586.95,USD,bank_transfer,express,
500,Processing,1407.95,USD,debit_card,pickup_point,
501,Pending,828.95,USD,paypal,economy,
502,Delivered,1081.95,USD,bank_transfer,ups,
503,Returned,823.99,USD,credit_card,dhl,
504,Delivered,254.95,EUR,bank_transfer,standard,
505,Delivered,973.99,USD,google_pay,standard,
506,Cancelled,97.95,USD,debit_card,dhl,
507,Pending,836.95,EUR,debit_card,ups,
508,Pending,289.99,USD,credit_card,economy,
509,Pending,767.99,EUR,google_pay,ups,
510,Refunded,1139.95,EUR,paypal,express,
511,Shipped,304.99,USD,klarna,fedex,
512,Cancelled,92.95,EUR,debit_card,overnight,
513,Shipped,338.99,USD,credit_card,pickup_point,
514,Processing,670.95,GBP,apple_pay,economy,
515,Returned,339.95,USD,klarna,economy,
516,Pending,415.95,USD,paypal,fedex,
517,Processing,1182.99,GBP,credit_card,fedex,
518,Pending,1201.95,EUR,paypal,standard,
519,Shipped,537.99,USD,apple_pay,economy,
520,Refunded,857.95,USD,google_pay,overnight,
521,Refunded,377.99,GBP,debit_card,ups,
522,Shipped,602.95,GBP,apple_pay,dhl,
523,Shipped,387.95,USD,paypal,ups,
524,Refunded,227.95,USD,klarna,ups,
525,Shipped,868.95,EUR,bank_transfer,economy,
526,Delivered,1042.99,USD,apple_pay,economy,
527,Processing,1281.95,EUR,google_pay,overnight,
528,Cancelled,244.99,EUR,klarna,fedex,
529,Returned,1289.99,USD,credit_card,ups,
530,Refunded,336.95,EUR,bank_transfer,pickup_point,
531,Pending,606.95,GBP,bank_transfer,overnight,
532,Delivered,696.99,USD,google_pay,overnight,
533,Delivered,385.99,EUR,apple_pay,fedex,
534,Processing,233.99,GBP,apple_pay,overnight,
535,Pending,710.99,EUR,klarna,economy,
536,Processing,1475.95,USD,credit_card,ups,Leave with neighbor if not home
537,Returned,1399.95,EUR,bank_transfer,fedex,
538,Returned,165.95,EUR,bank_transfer,dhl,
539,Refunded,668.95,USD,credit_card,overnight,
540,Shipped,1339.99,GBP,credit_card,dhl,
541,Delivered,1434.95,EUR,credit_card,fedex,
542,Returned,30.99,USD,google_pay,standard,
543,Delivered,1128.95,USD,google_pay,ups,
544,Processing,267.99,USD,debit_card,fedex,
545,Shipped,154.95,GBP,klarna,fedex,
546,Processing,131.99,USD,credit_card,overnight,
547,Delivered,1009.95,EUR,debit_card,fedex,
548,Delivered,358.95,EUR,apple_pay,pickup_point,
549,Shipped,711.95,EUR,credit_card,fedex,
550,Delivered,374.95,USD,bank_transfer,standard,
551,Pending,205.99,GBP,debit_card,dhl,
552,Refunded,897.95,USD,paypal,economy,
553,Pending,534.95,GBP,debit_card,ups,
554,Returned,1238.99,EUR,paypal,ups,
555,Shipped,837.95,USD,paypal,standard,
556,Pending,297.95,GBP,apple_pay,ups,
557,Shipped,1472.99,GBP,apple_pay,dhl,
558,Pending,1004.95,USD,google_pay,pickup_point,Fragile - handle with care
559,Cancelled,1215.95,USD,klarna,ups,
560,Delivered,1329.99,EUR,apple_pay,dhl,
561,Returned,754.99,USD,klarna,economy,
562,Returned,1368.99,EUR,apple_pay,dhl,
563,Processing,69.99,EUR,credit_card,pickup_point,
564,Shipped,337.99,GBP,paypal,express,
565,Returned,207.99,GBP,paypal,express,
566,Cancelled,327.95,USD,debit_card,pickup_point,
567,Pending,1474.99,EUR,paypal,economy,
568,Returned,957.99,USD,apple_pay,express,
569,Pending,828.95,USD,apple_pay,pickup_point,
570,Refunded,1083.99,GBP,klarna,dhl,
571,Refunded,987.95,USD,paypal,economy,
572,Cancelled,414.99,EUR,google_pay,standard,
573,Processing,1208.95,EUR,paypal,economy,
574,Pending,1137.95,EUR,bank_transfer,express,
575,Pending,638.99,GBP,google_pay,standard,
576,Cancelled,248.99,USD,bank_transfer,fedex,
577,Shipped,177.99,EUR,bank_transfer,ups,
578,Delivered,1083.95,USD,apple_pay,dhl,
579,Shipped,117.99,USD,google_pay,economy,
580,Processing,802.95,EUR,debit_card,standard,
581,Cancelled,1445.99,EUR,credit_card,dhl,
582,Pending,1122.95,GBP,bank_transfer,pickup_point,
583,Returned,263.99,EUR,paypal,overnight,
584,Cancelled,483.95,GBP,paypal,pickup_point,
585,Processing,1334.95,USD,google_pay,economy,
586,Delivered,384.95,GBP,credit_card,express,
587,Processing,357.99,GBP,bank_transfer,ups,
588,Cancelled,366.99,EUR,klarna,express,
589,Cancelled,1185.95,EUR,apple_pay,dhl,
590,Delivered,468.95,USD,klarna,dhl,
591,Cancelled,114.95,EUR,debit_card,ups,
592,Returned,1453.99,GBP,bank_transfer,overnight,
593,Cancelled,929.99,USD,bank_transfer,express,
594,Returned,1381.99,USD,google_pay,fedex,
595,Processing,638.95,EUR,debit_card,overnight,
596,Shipped,1026.99,USD,bank_transfer,express,
597,Shipped,1373.99,USD,debit_card,express,
598,Refunded,713.99,GBP,apple_pay,fedex,
599,Shipped,76.99,GBP,debit_card,economy,
600,Delivered,275.99,USD,bank_transfer,fedex,
601,Shipped,1477.95,EUR,klarna,ups,
602,Cancelled,38.95,USD,apple_pay,dhl,
603,Refunded,474.95,EUR,credit_card,overnight,
604,Shipped,910.95,EUR,debit_card,overnight,
605,Returned,135.95,EUR,google_pay,standard,
606,Refunded,987.99,USD,credit_card,dhl,
607,Pending,689.95,USD,klarna,economy,
608,Delivered,635.95,GBP,bank_transfer,express,Leave with neighbor if not home
609,Cancelled,1158.99,EUR,bank_transfer,pickup_point,
610,Cancelled,753.99,USD,debit_card,fedex,
611,Cancelled,981.95,EUR,apple_pay,pickup_point,
612,Cancelled,474.99,GBP,credit_card,dhl,
613,Processing,728.99,GBP,debit_card,economy,
614,Delivered,296.99,USD,debit_card,pickup_point,
615,Delivered,991.95,USD,apple_pay,express,
616,Delivered,331.99,EUR,klarna,standard,
617,Shipped,837.95,EUR,credit_card,overnight,
618,Delivered,1462.99,EUR,debit_card,overnight,
619,Shipped,569.95,GBP,bank_transfer,ups,
620,Delivered,186.95,GBP,google_pay,overnight,
621,Shipped,388.99,USD,google_pay,express,
622,Cancelled,1115.99,EUR,klarna,pickup_point,
623,Cancelled,15.95,USD,debit_card,standard,
624,Delivered,1402.95,GBP,debit_card,economy,
625,Shipped,1052.95,GBP,apple_pay,express,
626,Processing,1193.99,EUR,paypal,standard,
627,Pending,726.99,EUR,bank_transfer,standard,
628,Shipped,18.95,USD,paypal,express,
629,Shipped,1339.95,GBP,debit_card,economy,
630,Processing,1475.95,EUR,bank_transfer,ups,
631,Delivered,556.99,EUR,credit_card,overnight,
632,Shipped,1174.99,EUR,bank_transfer,standard,
633,Returned,217.95,GBP,debit_card,standard,
634,Cancelled,1237.95,EUR,bank_transfer,ups,
635,Pending,701.99,GBP,debit_card,overnight,
636,Pending,1238.95,GBP,debit_card,dhl,
637,Pending,717.95,USD,debit_card,dhl,
638,Delivered,692.95,EUR,klarna,economy,
639,Refunded,1300.95,EUR,paypal,ups,
640,Pending,15.95,GBP,paypal,ups,
641,Refunded,428.99,USD,credit_card,dhl,
642,Processing,463.95,EUR,paypal,economy,
643,Processing,1363.95,USD,apple_pay,economy,
644,Shipped,1186.95,GBP,debit_card,overnight,
645,Returned,1436.95,USD,paypal,dhl,
646,Refunded,353.99,GBP,apple_pay,pickup_point,
647,Pending,1329.99,EUR,google_pay,ups,
648,Processing,1101.99,USD,debit_card,economy,
649,Processing,851.99,USD,debit_card,pickup_point,
650,Returned,512.95,EUR,bank_transfer,ups,
651,Cancelled,792.95,EUR,paypal,dhl,
652,Delivered,1050.95,EUR,google_pay,standard,
653,Pending,178.95,GBP,google_pay,fedex,
654,Processing,985.99,GBP,paypal,standard,
655,Shipped,924.99,GBP,apple_pay,express,
656,Shipped,798.95,USD,debit_card,fedex,
657,Refunded,1222.95,EUR,paypal,overnight,
658,Pending,1342.99,EUR,bank_transfer,economy,
659,Returned,1347.95,EUR,google_pay,dhl,
660,Shipped,1448.95,USD,google_pay,express,
661,Returned,1355.95,USD,apple_pay,standard,
662,Refunded,213.95,EUR,google_pay,economy,
663,Shipped,1189.99,EUR,paypal,pickup_point,
664,Cancelled,814.95,USD,paypal,ups,
665,Cancelled,456.99,USD,credit_card,overnight,
666,Returned,215.99,GBP,paypal,overnight,Signature required
667,Delivered,887.99,USD,paypal,express,Business address
668,Delivered,1467.95,USD,credit_card,express,
669,Returned,608.95,GBP,klarna,economy,
670,Cancelled,1015.99,USD,paypal,overnight,
671,Cancelled,270.95,EUR,debit_card,overnight,
672,Processing,1004.95,USD,google_pay,economy,
673,Refunded,578.95,EUR,google_pay,standard,
674,Refunded,362.95,USD,paypal,express,
675,Processing,245.99,GBP,google_pay,pickup_point,
676,Processing,1235.99,GBP,paypal,standard,
677,Cancelled,1157.95,EUR,credit_card,economy,
678,Cancelled,303.95,USD,klarna,overnight,
679,Processing,712.99,GBP,klarna,dhl,
680,Returned,87.95,EUR,credit_card,standard,
681,Cancelled,362.95,GBP,bank_transfer,ups,
682,Processing,757.99,GBP,debit_card,economy,
683,Returned,28.99,USD,credit_card,economy,
684,Returned,103.95,USD,bank_transfer,standard,Do not leave in direct sunlight
685,Shipped,1034.99,EUR,debit_card,standard,
686,Shipped,758.99,EUR,klarna,ups,
687,Shipped,950.99,USD,bank_transfer,ups,
688,Delivered,722.99,USD,apple_pay,overnight,
689,Returned,1344.95,USD,debit_card,fedex,
690,Delivered,816.95,EUR,debit_card,standard,
691,Cancelled,901.95,USD,google_pay,economy,Deliver to back entrance
692,Shipped,596.95,GBP,google_pay,overnight,
693,Refunded,1447.95,GBP,debit_card,standard,
694,Refunded,204.99,EUR,debit_card,pickup_point,
695,Cancelled,1402.99,GBP,google_pay,economy,
696,Pending,364.95,USD,bank_transfer,overnight,Please pack carefully
697,Returned,710.99,USD,bank_transfer,fedex,
698,Pending,112.95,USD,credit_card,overnight,
699,Returned,710.95,GBP,apple_pay,economy,
700,Returned,516.99,GBP,google_pay,express,ASAP delivery needed
701,Cancelled,60.99,USD,debit_card,standard,
702,Refunded,1227.95,GBP,bank_transfer,standard,
703,Refunded,882.95,GBP,bank_transfer,overnight,
704,Pending,368.95,GBP,apple_pay,express,
705,Delivered,299.95,EUR,klarna,express,
706,Refunded,670.99,GBP,credit_card,standard,
707,Returned,1473.95,USD,google_pay,fedex,
708,Refunded,1251.95,USD,klarna,express,
709,Pending,783.99,EUR,klarna,dhl,
710,Shipped,553.99,EUR,apple_pay,standard,
711,Shipped,1046.95,USD,credit_card,express,
712,Shipped,423.95,USD,apple_pay,standard,
713,Shipped,281.95,EUR,klarna,economy,
714,Returned,30.95,GBP,bank_transfer,pickup_point,
715,Shipped,486.95,GBP,credit_card,dhl,
716,Refunded,1255.95,GBP,apple_pay,overnight,
717,Processing,544.95,EUR,apple_pay,standard,
718,Delivered,633.99,EUR,apple_pay,pickup_point,
719,Processing,1255.99,USD,klarna,express,
720,Shipped,874.95,GBP,apple_pay,pickup_point,
721,Processing,1403.95,USD,google_pay,economy,
722,Pending,471.99,USD,apple_pay,economy,
723,Delivered,135.95,EUR,klarna,ups,
724,Shipped,846.99,USD,apple_pay,ups,
725,Refunded,464.95,GBP,bank_transfer,overnight,
726,Cancelled,415.95,USD,google_pay,fedex,
727,Refunded,531.99,GBP,paypal,express,
728,Delivered,1320.95,GBP,credit_card,overnight,
729,Pending,406.95,EUR,apple_pay,economy,
730,Pending,612.95,GBP,paypal,dhl,
731,Refunded,635.99,GBP,google_pay,fedex,
732,Delivered,1199.95,USD,debit_card,pickup_point,Fragile - handle with care
733,Returned,1355.99,EUR,klarna,standard,
734,Delivered,952.95,EUR,paypal,overnight,
735,Shipped,188.95,EUR,bank_transfer,economy,
736,Refunded,825.95,EUR,klarna,express,
737,Shipped,596.95,EUR,bank_transfer,overnight,
738,Refunded,75.95,USD,apple_pay,standard,
739,Returned,1457.95,USD,google_pay,dhl,
740,Shipped,962.95,EUR,bank_transfer,fedex,
741,Refunded,144.99,GBP,klarna,dhl,
742,Refunded,1260.99,EUR,google_pay,economy,
743,Returned,267.99,EUR,debit_card,ups,
744,Shipped,822.99,EUR,apple_pay,ups,
745,Pending,133.99,GBP,google_pay,dhl,
746,Cancelled,451.99,EUR,klarna,ups,
747,Processing,179.99,EUR,debit_card,dhl,
748,Pending,1134.95,GBP,apple_pay,overnight,ASAP delivery needed
749,Cancelled,1288.99,EUR,debit_card,standard,
750,Shipped,967.99,USD,debit_card,ups,
751,Pending,191.95,USD,apple_pay,pickup_point,
752,Refunded,1054.99,USD,bank_transfer,fedex,
753,Refunded,1184.95,USD,paypal,dhl,
754,Shipped,860.95,EUR,debit_card,economy,
755,Processing,339.95,EUR,paypal,express,
756,Pending,1353.95,EUR,klarna,express,
757,Delivered,725.95,USD,bank_transfer,ups,
758,Processing,1185.99,USD,credit_card,dhl,
759,Delivered,1247.99,GBP,google_pay,fedex,
760,Cancelled,268.99,USD,google_pay,standard,
761,Refunded,1428.95,EUR,credit_card,dhl,
762,Processing,46.95,EUR,debit_card,dhl,
763,Returned,454.95,EUR,google_pay,economy,
764,Refunded,674.99,GBP,klarna,express,Combine with other items if available
765,Shipped,1284.99,USD,bank_transfer,fedex,
766,Cancelled,934.95,GBP,paypal,overnight,
767,Delivered,1380.95,USD,google_pay,fedex,
768,Cancelled,1179.99,EUR,credit_card,dhl,
769,Pending,1109.95,EUR,klarna,economy,
770,Returned,1170.99,GBP,credit_card,fedex,
771,Returned,904.95,GBP,bank_transfer,overnight,
772,Shipped,1375.99,GBP,credit_card,ups,
773,Delivered,785.95,GBP,google_pay,economy,
774,Shipped,1184.99,GBP,apple_pay,economy,
775,Pending,855.99,EUR,apple_pay,express,
776,Returned,31.99,EUR,credit_card,ups,
777,Processing,1371.95,USD,apple_pay,pickup_point,
778,Cancelled,933.95,EUR,paypal,economy,
779,Delivered,724.99,EUR,klarna,pickup_point,Combine with other items if available
780,Pending,101.95,GBP,paypal,overnight,Business address
781,Cancelled,652.99,USD,credit_card,express,
782,Processing,107.95,GBP,google_pay,overnight,
783,Returned,222.95,EUR,klarna,dhl,
784,Pending,534.99,GBP,google_pay,fedex,
785,Pending,1107.99,USD,bank_transfer,ups,
786,Pending,709.95,EUR,klarna,overnight,
787,Shipped,970.99,EUR,paypal,standard,
788,Processing,1306.95,GBP,credit_card,fedex,
789,Shipped,237.95,USD,klarna,dhl,
790,Delivered,941.95,EUR,google_pay,pickup_point,
791,Refunded,1429.99,GBP,credit_card,overnight,
792,Delivered,1023.95,USD,debit_card,ups,Business address
793,Refunded,1113.95,GBP,paypal,ups,Please leave at front door
794,Pending,1249.95,USD,debit_card,standard,
795,Refunded,166.95,USD,klarna,economy,
796,Returned,249.95,USD,klarna,economy,
797,Processing,202.95,EUR,credit_card,pickup_point,
798,Cancelled,408.95,EUR,debit_card,express,
799,Refunded,1252.95,USD,paypal,express,
800,Cancelled,86.99,USD,klarna,dhl,
801,Shipped,286.99,USD,klarna,pickup_point,
802,Shipped,1485.99,GBP,bank_transfer,pickup_point,
803,Cancelled,1204.99,USD,apple_pay,economy,
804,Returned,1030.95,GBP,klarna,economy,
805,Pending,756.95,GBP,bank_transfer,express,
806,Returned,652.99,USD,klarna,ups,
807,Delivered,679.99,EUR,klarna,express,
808,Pending,376.95,EUR,paypal,standard,
809,Processing,1298.99,EUR,bank_transfer,pickup_point,
810,Returned,1135.99,EUR,bank_transfer,economy,
811,Refunded,1417.99,EUR,klarna,pickup_point,
812,Shipped,321.95,EUR,klarna,dhl,
813,Processing,1393.99,GBP,google_pay,economy,
814,Shipped,892.95,GBP,bank_transfer,dhl,
815,Delivered,524.95,GBP,debit_card,standard,
816,Shipped,154.99,USD,credit_card,dhl,
817,Pending,274.95,GBP,google_pay,overnight,
818,Cancelled,533.99,EUR,debit_card,dhl,
819,Delivered,762.99,EUR,bank_transfer,express,
820,Shipped,989.99,GBP,paypal,dhl,
821,Shipped,314.95,USD,apple_pay,express,
822,Cancelled,1229.95,USD,paypal,fedex,
823,Processing,1451.99,USD,bank_transfer,express,
824,Refunded,535.95,GBP,bank_transfer,pickup_point,
825,Shipped,1342.95,EUR,debit_card,standard,
826,Returned,668.95,GBP,google_pay,fedex,
827,Pending,180.95,EUR,google_pay,express,
828,Returned,909.99,GBP,google_pay,dhl,
829,Delivered,414.95,GBP,bank_transfer,dhl,
830,Shipped,1386.95,GBP,google_pay,ups,
831,Delivered,283.95,USD,apple_pay,pickup_point,
832,Cancelled,1083.99,GBP,bank_transfer,overnight,
833,Pending,931.95,EUR,bank_transfer,fedex,
834,Refunded,809.95,EUR,klarna,dhl,
835,Processing,62.95,GBP,google_pay,ups,
836,Refunded,464.95,EUR,google_pay,pickup_point,
837,Cancelled,44.95,EUR,credit_card,standard,
838,Returned,368.99,EUR,google_pay,express,
839,Pending,135.99,GBP,paypal,overnight,
840,Returned,1012.99,USD,klarna,economy,
841,Cancelled,455.95,USD,paypal,economy,
842,Returned,1435.95,USD,bank_transfer,express,
843,Delivered,1068.95,GBP,klarna,dhl,
844,Returned,475.95,USD,bank_transfer,economy,
845,Returned,503.99,GBP,google_pay,economy,
846,Shipped,489.99,GBP,credit_card,express,
847,Returned,681.95,USD,bank_transfer,ups,
848,Delivered,850.95,USD,paypal,express,
849,Cancelled,736.95,USD,apple_pay,dhl,
850,Refunded,1166.99,USD,klarna,standard,
851,Delivered,675.99,USD,bank_transfer,economy,
852,Processing,136.99,USD,klarna,pickup_point,
853,Cancelled,458.99,GBP,google_pay,dhl,
854,Cancelled,1404.95,GBP,paypal,pickup_point,
855,Cancelled,1088.99,USD,google_pay,dhl,Do not leave in direct sunlight
856,Shipped,262.95,USD,paypal,overnight,
857,Refunded,1332.99,GBP,paypal,dhl,
858,Processing,1258.95,GBP,debit_card,ups,
859,Returned,208.95,GBP,paypal,pickup_point,
860,Delivered,430.95,GBP,apple_pay,express,Ring doorbell twice
861,Processing,135.99,GBP,debit_card,pickup_point,
862,Returned,165.99,GBP,google_pay,overnight,
863,Returned,1290.99,EUR,apple_pay,dhl,
864,Returned,575.99,EUR,credit_card,standard,
865,Cancelled,89.95,EUR,klarna,pickup_point,
866,Shipped,1091.95,USD,paypal,fedex,
867,Pending,623.99,USD,google_pay,dhl,
868,Refunded,782.99,GBP,credit_card,dhl,
869,Cancelled,1353.95,EUR,paypal,ups,
870,Refunded,117.95,EUR,klarna,dhl,
871,Refunded,1044.99,EUR,paypal,express,
872,Returned,93.95,EUR,google_pay,economy,
873,Refunded,1048.95,EUR,debit_card,pickup_point,
874,Refunded,795.95,GBP,apple_pay,ups,
875,Processing,32.95,GBP,google_pay,fedex,
876,Delivered,1163.99,GBP,google_pay,dhl,
877,Refunded,245.95,EUR,google_pay,ups,
878,Delivered,375.95,USD,paypal,ups,
879,Shipped,1462.99,GBP,bank_transfer,economy,
880,Returned,125.95,USD,credit_card,ups,
881,Processing,469.99,USD,apple_pay,fedex,
882,Processing,379.99,GBP,credit_card,economy,
883,Returned,817.99,GBP,paypal,overnight,
884,Pending,1070.95,EUR,debit_card,fedex,
885,Refunded,609.95,EUR,apple_pay,overnight,
886,Shipped,1250.95,USD,apple_pay,pickup_point,
887,Pending,829.99,USD,bank_transfer,economy,
888,Returned,202.99,GBP,bank_transfer,standard,
889,Delivered,1089.99,GBP,google_pay,express,
890,Delivered,379.99,GBP,bank_transfer,pickup_point,
891,Cancelled,308.99,EUR,klarna,economy,
892,Processing,910.95,USD,google_pay,overnight,
893,Processing,822.99,EUR,apple_pay,overnight,
894,Processing,1395.99,USD,debit_card,express,
895,Shipped,673.99,USD,klarna,dhl,
896,Delivered,459.95,USD,klarna,pickup_point,
897,Delivered,106.99,GBP,google_pay,economy,
898,Cancelled,1417.95,EUR,apple_pay,ups,
899,Processing,332.99,USD,klarna,pickup_point,
900,Processing,813.95,EUR,google_pay,ups,
901,Processing,1332.95,EUR,bank_transfer,express,
902,Processing,1133.95,GBP,apple_pay,ups,
903,Returned,203.99,USD,credit_card,express,
904,Cancelled,442.95,GBP,klarna,standard,
905,Delivered,738.99,EUR,credit_card,ups,
906,Returned,745.95,GBP,google_pay,ups,
907,Delivered,29.99,EUR,klarna,standard,
908,Pending,405.99,USD,bank_transfer,ups,
909,Refunded,455.95,EUR,bank_transfer,dhl,
910,Cancelled,38.99,USD,paypal,dhl,
911,Returned,462.95,EUR,bank_transfer,economy,
912,Delivered,772.95,EUR,klarna,dhl,
913,Returned,1088.95,GBP,paypal,economy,
914,Cancelled,689.99,GBP,bank_transfer,fedex,
915,Returned,568.95,USD,paypal,fedex,
916,Shipped,379.99,USD,debit_card,overnight,Residential address
917,Delivered,215.95,USD,debit_card,economy,
918,Processing,586.99,GBP,klarna,standard,
919,Refunded,1241.99,GBP,klarna,fedex,
920,Pending,597.95,USD,google_pay,pickup_point,
921,Shipped,35.95,USD,google_pay,overnight,
922,Pending,201.95,EUR,klarna,dhl,
923,Delivered,161.99,USD,bank_transfer,dhl,
924,Processing,818.99,USD,paypal,express,
925,Delivered,1391.99,USD,klarna,fedex,Business address
926,Delivered,1024.95,USD,klarna,economy,
927,Refunded,609.99,GBP,google_pay,standard,
928,Returned,514.95,USD,klarna,ups,
929,Pending,736.99,USD,apple_pay,ups,
930,Delivered,682.99,USD,apple_pay,express,
931,Processing,1404.99,EUR,bank_transfer,ups,
932,Processing,453.99,GBP,credit_card,express,
933,Processing,814.95,USD,debit_card,fedex,
934,Processing,274.95,EUR,klarna,dhl,
935,Shipped,560.95,EUR,debit_card,pickup_point,
936,Returned,832.99,EUR,paypal,pickup_point,
937,Delivered,564.99,GBP,credit_card,economy,
938,Refunded,62.99,EUR,klarna,fedex,
939,Delivered,1003.95,EUR,apple_pay,economy,Signature required
940,Processing,378.99,GBP,bank_transfer,pickup_point,
941,Pending,871.99,EUR,paypal,economy,Leave with neighbor if not home
942,Shipped,876.95,GBP,klarna,ups,
943,Cancelled,1366.99,EUR,apple_pay,dhl,
944,Pending,47.99,GBP,klarna,standard,
945,Delivered,289.95,EUR,credit_card,standard,
946,Delivered,44.99,EUR,google_pay,economy,
947,Refunded,1479.95,GBP,debit_card,ups,
948,Shipped,579.95,USD,google_pay,dhl,
949,Pending,512.95,GBP,debit_card,overnight,
950,Returned,571.95,EUR,credit_card,economy,
951,Shipped,1436.99,USD,bank_transfer,ups,
952,Returned,183.95,USD,debit_card,ups,
953,Shipped,315.95,EUR,debit_card,express,
954,Processing,446.99,EUR,paypal,fedex,
955,Pending,1360.99,GBP,credit_card,fedex,
956,Returned,423.99,USD,klarna,pickup_point,
957,Shipped,383.99,EUR,google_pay,ups,
958,Pending,61.95,GBP,debit_card,economy,
959,Shipped,1001.99,GBP,paypal,standard,
960,Pending,906.95,USD,google_pay,overnight,
961,Refunded,419.95,EUR,paypal,ups,
962,Processing,994.99,GBP,google_pay,dhl,
963,Shipped,843.99,USD,bank_transfer,dhl,
964,Shipped,588.95,EUR,apple_pay,fedex,
965,Cancelled,298.95,EUR,bank_transfer,overnight,
966,Returned,392.99,GBP,credit_card,overnight,
967,Processing,214.95,EUR,debit_card,pickup_point,
968,Shipped,836.95,GBP,google_pay,standard,ASAP delivery needed
969,Returned,1481.95,USD,apple_pay,express,
970,Processing,190.95,GBP,paypal,dhl,
971,Processing,373.99,GBP,bank_transfer,express,
972,Cancelled,936.99,USD,credit_card,express,
973,Refunded,1005.99,USD,debit_card,fedex,
974,Processing,727.99,EUR,bank_transfer,ups,
975,Processing,1144.99,EUR,credit_card,standard,
976,Shipped,405.95,GBP,bank_transfer,dhl,
977,Pending,1391.99,EUR,google_pay,fedex,
978,Returned,682.95,GBP,google_pay,dhl,
979,Delivered,414.95,USD,bank_transfer,ups,
980,Delivered,871.95,USD,paypal,pickup_point,
981,Returned,595.99,EUR,paypal,fedex,
982,Processing,962.99,EUR,klarna,economy,
983,Cancelled,1383.95,GBP,apple_pay,overnight,
984,Shipped,490.99,USD,apple_pay,fedex,
985,Cancelled,908.95,USD,credit_card,overnight,
986,Returned,101.95,EUR,paypal,ups,
987,Delivered,750.95,USD,apple_pay,fedex,
988,Refunded,1364.95,USD,bank_transfer,overnight,
989,Returned,1220.99,EUR,klarna,fedex,Please pack carefully
990,Cancelled,474.99,GBP,klarna,standard,
991,Refunded,103.99,USD,debit_card,standard,
992,Pending,1287.95,USD,credit_card,pickup_point,
993,Pending,1273.95,GBP,bank_transfer,dhl,
994,Returned,1171.95,USD,klarna,dhl,
995,Shipped,314.99,EUR,apple_pay,fedex,
996,Processing,1157.99,EUR,credit_card,pickup_point,
997,Refunded,635.99,GBP,credit_card,economy,
998,Cancelled,490.99,EUR,debit_card,economy,
999,Cancelled,99.95,USD,apple_pay,pickup_point,
1000,Cancelled,48.95,USD,paypal,dhl,
1001,Shipped,731.95,GBP,apple_pay,pickup_point,
1002,Delivered,682.99,EUR,credit_card,pickup_point,
1003,Processing,1005.95,USD,paypal,fedex,
1004,Pending,1088.95,GBP,debit_card,ups,
1005,Pending,1411.95,EUR,bank_transfer,standard,
1006,Cancelled,1353.95,GBP,klarna,overnight,
1007,Returned,1175.99,USD,apple_pay,standard,
1008,Processing,1133.99,EUR,apple_pay,express,
1009,Pending,1219.99,EUR,klarna,economy,
1010,Processing,1034.95,GBP,paypal,pickup_point,
1011,Delivered,25.99,EUR,paypal,pickup_point,
1012,Delivered,1018.95,GBP,bank_transfer,fedex,
1013,Returned,1135.99,USD,bank_transfer,pickup_point,
1014,Shipped,774.99,EUR,apple_pay,fedex,
1015,Delivered,294.99,GBP,debit_card,fedex,Gift wrapping requested
1016,Pending,283.95,GBP,google_pay,economy,
1017,Shipped,538.95,USD,bank_transfer,express,
1018,Shipped,533.95,EUR,klarna,pickup_point,
1019,Pending,344.95,GBP,apple_pay,ups,
1020,Pending,724.99,USD,apple_pay,economy,
1021,Pending,1004.99,EUR,paypal,economy,
1022,Pending,34.95,GBP,apple_pay,express,
1023,Delivered,1351.99,EUR,google_pay,ups,
1024,Pending,314.99,EUR,bank_transfer,dhl,
1025,Cancelled,368.95,GBP,bank_transfer,express,
1026,Delivered,394.95,EUR,google_pay,fedex,
1027,Cancelled,954.99,EUR,debit_card,overnight,
1028,Shipped,650.99,USD,paypal,standard,
1029,Processing,531.99,GBP,klarna,overnight,
1030,Delivered,807.99,GBP,google_pay,economy,
1031,Refunded,141.95,GBP,paypal,dhl,
1032,Shipped,1474.99,EUR,apple_pay,economy,
1033,Cancelled,658.99,GBP,paypal,standard,
1034,Cancelled,973.95,EUR,bank_transfer,pickup_point,
1035,Pending,1363.95,USD,apple_pay,standard,
1036,Shipped,376.99,EUR,debit_card,express,
1037,Returned,573.95,GBP,klarna,pickup_point,
1038,Refunded,670.95,GBP,klarna,standard,
1039,Refunded,768.95,GBP,klarna,economy,
1040,Cancelled,642.95,USD,google_pay,overnight,
1041,Shipped,546.95,EUR,google_pay,economy,
1042,Returned,136.95,USD,bank_transfer,standard,Residential address
1043,Cancelled,1032.95,EUR,credit_card,overnight,
1044,Shipped,35.99,EUR,debit_card,dhl,
1045,Returned,528.99,GBP,paypal,overnight,
1046,Shipped,332.95,GBP,google_pay,pickup_point,
1047,Pending,1120.95,EUR,debit_card,overnight,
1048,Delivered,554.95,EUR,klarna,dhl,
1049,Cancelled,404.99,USD,apple_pay,pickup_point,
1050,Returned,628.95,USD,klarna,fedex,
1051,Pending,1214.99,GBP,credit_card,fedex,
1052,Delivered,749.99,EUR,paypal,overnight,
1053,Processing,1098.95,EUR,google_pay,express,
1054,Cancelled,353.99,EUR,google_pay,ups,
1055,Processing,877.99,GBP,google_pay,pickup_point,
1056,Delivered,631.95,EUR,debit_card,fedex,
1057,Returned,555.95,USD,klarna,standard,
1058,Delivered,1425.99,USD,debit_card,economy,
1059,Shipped,380.95,USD,klarna,economy,
1060,Pending,396.99,EUR,credit_card,pickup_point,
1061,Processing,626.99,USD,credit_card,economy,
1062,Shipped,601.99,USD,bank_transfer,express,
1063,Delivered,905.95,USD,google_pay,ups,
1064,Processing,78.99,USD,credit_card,economy,
1065,Delivered,1238.99,EUR,google_pay,pickup_point,Combine with other items if available
1066,Shipped,961.95,EUR,klarna,overnight,
1067,Shipped,1113.95,EUR,debit_card,dhl,
1068,Pending,954.95,EUR,paypal,standard,
1069,Pending,841.99,EUR,bank_transfer,dhl,Gift wrapping requested
1070,Processing,361.95,GBP,apple_pay,dhl,
1071,Processing,905.99,EUR,klarna,express,
1072,Refunded,413.99,USD,google_pay,express,
1073,Returned,917.95,USD,debit_card,economy,
1074,Delivered,838.99,USD,klarna,standard,
1075,Pending,661.99,EUR,paypal,ups,
1076,Pending,1407.95,EUR,credit_card,ups,
1077,Delivered,1441.99,GBP,bank_transfer,overnight,
1078,Shipped,1105.95,GBP,paypal,dhl,
1079,Cancelled,1204.99,USD,apple_pay,fedex,
1080,Shipped,938.99,USD,debit_card,ups,
1081,Cancelled,1190.95,GBP,klarna,fedex,
1082,Pending,670.99,USD,debit_card,overnight,
1083,Processing,794.95,EUR,klarna,ups,
1084,Shipped,1042.99,EUR,credit_card,pickup_point,
1085,Cancelled,152.99,GBP,credit_card,fedex,ASAP delivery needed
1086,Refunded,1034.99,GBP,apple_pay,pickup_point,
1087,Refunded,1146.99,EUR,paypal,fedex,
1088,Cancelled,633.99,USD,credit_card,overnight,
1089,Returned,311.95,GBP,google_pay,standard,
1090,Cancelled,133.99,EUR,debit_card,standard,
1091,Shipped,771.95,USD,apple_pay,ups,
1092,Pending,529.95,GBP,klarna,standard,
1093,Shipped,875.99,GBP,google_pay,fedex,
1094,Processing,1256.95,USD,debit_card,pickup_point,Leave with neighbor if not home
1095,Cancelled,1042.95,GBP,credit_card,dhl,
1096,Delivered,1243.95,EUR,bank_transfer,express,
1097,Delivered,370.99,GBP,apple_pay,fedex,
1098,Pending,345.95,GBP,apple_pay,economy,
1099,Refunded,1413.99,GBP,bank_transfer,overnight,
1100,Delivered,1025.95,EUR,credit_card,ups,
1101,Shipped,1163.99,GBP,credit_card,economy,Please leave at front door
1102,Pending,362.99,USD,klarna,ups,
1103,Returned,1377.95,GBP,debit_card,economy,
1104,Pending,483.99,USD,debit_card,pickup_point,
1105,Refunded,1019.95,EUR,klarna,dhl,
1106,Returned,852.99,EUR,bank_transfer,express,
1107,Returned,660.99,EUR,credit_card,fedex,
1108,Processing,920.95,GBP,bank_transfer,pickup_point,Residential address
1109,Returned,680.99,EUR,bank_transfer,standard,
1110,Shipped,204.95,USD,klarna,dhl,
1111,Refunded,29.95,USD,paypal,economy,
1112,Refunded,1376.99,GBP,paypal,express,
1113,Shipped,41.99,EUR,google_pay,ups,
1114,Returned,1353.99,USD,apple_pay,economy,
1115,Processing,158.99,GBP,paypal,overnight,
1116,Returned,1106.99,EUR,debit_card,overnight,
1117,Cancelled,74.99,EUR,klarna,fedex,
1118,Cancelled,842.99,USD,credit_card,express,
1119,Refunded,36.95,EUR,klarna,express,
1120,Delivered,522.95,USD,bank_transfer,dhl,
1121,Pending,41.99,GBP,bank_transfer,pickup_point,
1122,Processing,354.95,USD,google_pay,express,
1123,Returned,1206.99,GBP,paypal,pickup_point,
1124,Processing,738.95,USD,google_pay,dhl,
1125,Pending,157.99,EUR,bank_transfer,economy,
1126,Delivered,408.95,GBP,apple_pay,standard,
1127,Processing,1322.95,EUR,bank_transfer,ups,
1128,Processing,843.95,USD,credit_card,dhl,
1129,Processing,1365.99,USD,credit_card,dhl,
1130,Pending,636.95,GBP,google_pay,dhl,
1131,Shipped,385.95,USD,apple_pay,express,
1132,Cancelled,1056.95,GBP,debit_card,economy,
1133,Refunded,1064.99,EUR,google_pay,economy,
1134,Cancelled,232.99,EUR,debit_card,express,
1135,Cancelled,913.99,USD,google_pay,overnight,
1136,Pending,1203.99,EUR,debit_card,pickup_point,
1137,Delivered,1065.99,EUR,credit_card,express,
1138,Returned,932.99,GBP,debit_card,economy,Please leave at front door
1139,Returned,319.99,EUR,apple_pay,ups,
1140,Delivered,1243.99,GBP,debit_card,economy,Residential address
1141,Refunded,580.95,EUR,klarna,ups,
1142,Shipped,410.95,USD,paypal,standard,
1143,Cancelled,245.99,EUR,klarna,standard,
1144,Shipped,1114.95,GBP,klarna,economy,
1145,Pending,1191.99,GBP,credit_card,express,
1146,Delivered,751.99,GBP,klarna,standard,ASAP delivery needed
1147,Shipped,461.95,GBP,klarna,ups,
1148,Shipped,1069.95,GBP,klarna,dhl,
1149,Cancelled,1038.95,USD,bank_transfer,standard,
1150,Refunded,1320.95,EUR,paypal,pickup_point,
1151,Processing,558.95,GBP,debit_card,express,
1152,Delivered,429.95,GBP,paypal,express,
1153,Pending,371.95,EUR,paypal,ups,Fragile - handle with care
1154,Refunded,717.99,GBP,credit_card,economy,
1155,Processing,961.95,GBP,bank_transfer,fedex,
1156,Processing,1101.95,USD,paypal,overnight,
1157,Refunded,790.99,USD,klarna,standard,
1158,Returned,163.95,USD,google_pay,standard,
1159,Refunded,609.95,EUR,paypal,fedex,
1160,Pending,817.99,USD,apple_pay,ups,
1161,Delivered,152.99,EUR,debit_card,ups,
1162,Cancelled,782.99,EUR,debit_card,express,
1163,Processing,197.99,GBP,google_pay,express,
1164,Cancelled,711.99,USD,paypal,pickup_point,
1165,Delivered,588.99,GBP,debit_card,overnight,
1166,Pending,1088.95,USD,credit_card,pickup_point,
1167,Shipped,425.95,GBP,bank_transfer,pickup_point,
1168,Processing,242.99,GBP,credit_card,standard,
1169,Pending,1389.99,GBP,credit_card,pickup_point,
1170,Returned,547.95,GBP,debit_card,standard,
1171,Returned,386.95,GBP,debit_card,ups,
1172,Cancelled,313.99,EUR,debit_card,dhl,
1173,Returned,445.95,EUR,paypal,standard,
1174,Returned,748.99,USD,debit_card,pickup_point,
1175,Pending,313.99,USD,klarna,express,
1176,Delivered,54.95,GBP,credit_card,overnight,
1177,Pending,73.95,GBP,apple_pay,ups,
1178,Refunded,522.99,EUR,apple_pay,dhl,
1179,Shipped,316.95,USD,debit_card,overnight,
1180,Returned,194.99,EUR,debit_card,pickup_point,
1181,Returned,932.95,EUR,google_pay,pickup_point,
1182,Delivered,976.99,EUR,debit_card,dhl,
1183,Refunded,1028.99,EUR,klarna,economy,
1184,Pending,728.95,GBP,paypal,ups,
1185,Processing,313.95,USD,bank_transfer,economy,
1186,Returned,37.99,GBP,bank_transfer,economy,
1187,Pending,243.99,GBP,google_pay,pickup_point,
1188,Pending,399.95,GBP,apple_pay,overnight,
1189,Cancelled,841.95,EUR,bank_transfer,standard,
1190,Pending,880.95,USD,debit_card,express,
1191,Pending,909.95,USD,credit_card,express,
1192,Pending,642.95,GBP,paypal,ups,
1193,Processing,381.95,EUR,debit_card,dhl,
1194,Processing,743.95,GBP,credit_card,standard,
1195,Shipped,402.99,USD,apple_pay,express,Combine with other items if available
1196,Processing,734.99,GBP,klarna,dhl,
1197,Processing,270.99,GBP,credit_card,economy,Ring doorbell twice
1198,Processing,779.95,USD,bank_transfer,overnight,
1199,Delivered,412.95,GBP,google_pay,ups,
1200,Shipped,773.99,EUR,apple_pay,overnight,
1201,Pending,255.99,USD,klarna,economy,
1202,Shipped,1323.95,USD,google_pay,ups,
1203,Delivered,1187.95,USD,paypal,ups,
1204,Delivered,96.99,EUR,klarna,fedex,
1205,Refunded,1057.95,USD,debit_card,overnight,
1206,Processing,1092.99,USD,google_pay,dhl,
1207,Returned,224.95,USD,apple_pay,pickup_point,
1208,Delivered,125.99,USD,google_pay,fedex,
1209,Shipped,1494.99,USD,paypal,express,
1210,Processing,1319.95,EUR,google_pay,fedex,
1211,Delivered,803.99,USD,paypal,express,
1212,Cancelled,999.99,GBP,apple_pay,overnight,
1213,Returned,858.99,EUR,credit_card,express,
1214,Processing,923.95,EUR,debit_card,standard,
1215,Shipped,1133.95,GBP,credit_card,ups,
1216,Returned,475.99,EUR,google_pay,dhl,
1217,Pending,1233.95,GBP,credit_card,overnight,
1218,Cancelled,1281.95,GBP,apple_pay,overnight,
1219,Delivered,416.95,USD,debit_card,pickup_point,
1220,Returned,1225.95,EUR,google_pay,fedex,
1221,Delivered,84.95,GBP,paypal,dhl,
1222,Delivered,226.95,EUR,apple_pay,overnight,
1223,Returned,915.95,EUR,paypal,ups,
1224,Returned,1199.99,EUR,paypal,pickup_point,
1225,Processing,638.95,EUR,paypal,express,
1226,Processing,453.99,USD,google_pay,express,
1227,Processing,789.99,USD,bank_transfer,fedex,
1228,Delivered,1408.99,GBP,credit_card,overnight,
1229,Pending,16.99,USD,apple_pay,ups,
1230,Delivered,971.99,GBP,google_pay,ups,
1231,Cancelled,473.95,GBP,debit_card,express,
1232,Delivered,281.99,USD,debit_card,express,
1233,Refunded,1023.95,USD,bank_transfer,ups,
1234,Refunded,775.95,GBP,debit_card,ups,
1235,Pending,318.99,EUR,google_pay,pickup_point,
1236,Delivered,872.99,USD,apple_pay,express,
1237,Processing,701.99,EUR,google_pay,overnight,
1238,Shipped,549.99,EUR,bank_transfer,overnight,
1239,Returned,1137.99,GBP,paypal,express,
1240,Cancelled,877.95,GBP,credit_card,fedex,
1241,Cancelled,1120.95,EUR,debit_card,overnight,
1242,Delivered,797.95,USD,google_pay,standard,
1243,Processing,1059.99,EUR,credit_card,express,
1244,Refunded,145.95,USD,apple_pay,ups,
1245,Delivered,882.95,EUR,paypal,fedex,
1246,Processing,688.99,GBP,debit_card,standard,
1247,Cancelled,140.99,GBP,paypal,fedex,
1248,Shipped,988.99,USD,paypal,economy,
1249,Pending,57.99,GBP,credit_card,dhl,
1250,Refunded,861.99,GBP,klarna,economy,
1251,Refunded,1413.99,GBP,paypal,dhl,
1252,Shipped,758.95,USD,debit_card,fedex,
1253,Refunded,1455.99,USD,bank_transfer,ups,
1254,Shipped,1021.95,GBP,paypal,overnight,
1255,Processing,1172.99,EUR,credit_card,express,
1256,Returned,461.99,GBP,debit_card,overnight,Please leave at front door
1257,Shipped,364.95,USD,apple_pay,ups,
1258,Pending,1306.99,EUR,apple_pay,ups,
1259,Returned,904.99,GBP,debit_card,ups,
1260,Cancelled,1426.99,EUR,debit_card,overnight,
1261,Refunded,1032.99,EUR,bank_transfer,fedex,
1262,Processing,391.99,EUR,google_pay,dhl,
1263,Pending,744.99,GBP,paypal,fedex,
1264,Refunded,1107.99,USD,paypal,economy,
1265,Pending,563.95,GBP,bank_transfer,ups,
1266,Shipped,53.95,USD,debit_card,overnight,
1267,Pending,81.99,GBP,apple_pay,pickup_point,
1268,Shipped,49.99,USD,credit_card,ups,
1269,Processing,1042.95,EUR,paypal,pickup_point,
1270,Delivered,811.95,USD,apple_pay,overnight,
1271,Processing,1091.95,EUR,debit_card,express,
1272,Cancelled,1234.95,GBP,apple_pay,express,
1273,Pending,1401.99,EUR,bank_transfer,ups,
1274,Pending,1351.99,EUR,klarna,standard,
1275,Refunded,1143.95,USD,paypal,economy,
1276,Pending,121.99,EUR,debit_card,fedex,
1277,Processing,85.95,GBP,google_pay,economy,
1278,Cancelled,575.99,USD,apple_pay,express,
1279,Delivered,974.99,GBP,klarna,economy,
1280,Processing,914.95,USD,credit_card,economy,
1281,Cancelled,1312.99,USD,apple_pay,dhl,
1282,Cancelled,954.95,EUR,credit_card,standard,
1283,Pending,1434.95,GBP,google_pay,pickup_point,
1284,Cancelled,285.99,USD,credit_card,pickup_point,
1285,Processing,725.99,GBP,bank_transfer,fedex,Do not leave in direct sunlight
1286,Cancelled,1327.99,USD,apple_pay,ups,
1287,Returned,21.99,EUR,bank_transfer,standard,
1288,Returned,1406.95,USD,google_pay,dhl,
1289,Pending,184.95,USD,paypal,overnight,
1290,Returned,109.99,USD,klarna,economy,
1291,Delivered,1081.99,EUR,bank_transfer,dhl,
1292,Processing,812.99,GBP,klarna,express,
1293,Returned,318.95,GBP,apple_pay,standard,Ring doorbell twice
1294,Pending,920.99,GBP,apple_pay,ups,
1295,Shipped,1469.95,GBP,credit_card,fedex,
1296,Pending,856.95,GBP,google_pay,fedex,
1297,Refunded,181.95,EUR,credit_card,pickup_point,
1298,Cancelled,778.99,EUR,apple_pay,dhl,
1299,Refunded,1085.95,USD,credit_card,fedex,
1300,Returned,745.95,GBP,apple_pay,dhl,
1301,Pending,232.95,USD,paypal,pickup_point,
1302,Delivered,1464.95,EUR,apple_pay,express,
1303,Refunded,1216.99,GBP,debit_card,pickup_point,Ring doorbell twice
1304,Pending,493.95,EUR,google_pay,fedex,
1305,Shipped,1414.99,EUR,debit_card,fedex,
1306,Returned,401.99,GBP,credit_card,dhl,
1307,Shipped,1317.99,USD,credit_card,pickup_point,Ring doorbell twice
1308,Pending,1167.95,GBP,google_pay,fedex,
1309,Pending,187.95,GBP,google_pay,overnight,Gift wrapping requested
1310,Delivered,1186.99,EUR,credit_card,express,
1311,Cancelled,843.99,EUR,google_pay,economy,
1312,Processing,1275.99,EUR,bank_transfer,dhl,
1313,Pending,1187.95,USD,apple_pay,economy,
1314,Cancelled,612.95,EUR,paypal,express,
1315,Returned,88.99,GBP,debit_card,overnight,
1316,Processing,280.99,GBP,bank_transfer,fedex,
1317,Pending,508.95,USD,credit_card,pickup_point,
1318,Pending,691.95,USD,debit_card,economy,
1319,Shipped,45.95,EUR,credit_card,ups,
1320,Pending,1151.95,EUR,google_pay,overnight,
1321,Pending,1221.95,GBP,apple_pay,overnight,Please leave at front door
1322,Cancelled,311.99,EUR,debit_card,standard,Deliver to back entrance
1323,Pending,225.95,USD,apple_pay,overnight,
1324,Cancelled,80.99,EUR,klarna,express,
1325,Pending,348.95,EUR,google_pay,express,
1326,Pending,58.95,EUR,bank_transfer,standard,
1327,Processing,995.95,USD,klarna,fedex,
1328,Delivered,323.95,USD,credit_card,dhl,
1329,Refunded,119.95,USD,debit_card,economy,
1330,Pending,405.99,GBP,google_pay,economy,
1331,Processing,297.99,GBP,debit_card,pickup_point,
1332,Shipped,800.99,USD,apple_pay,fedex,
1333,Cancelled,328.99,EUR,credit_card,overnight,
1334,Returned,187.99,USD,bank_transfer,standard,
1335,Delivered,577.99,EUR,google_pay,ups,
1336,Delivered,802.95,USD,apple_pay,economy,
1337,Refunded,779.99,GBP,google_pay,pickup_point,
1338,Pending,186.99,GBP,paypal,ups,
1339,Shipped,1235.99,EUR,apple_pay,pickup_point,
1340,Refunded,993.99,EUR,bank_transfer,pickup_point,
1341,Refunded,50.99,GBP,credit_card,dhl,
1342,Shipped,665.95,GBP,bank_transfer,fedex,
1343,Cancelled,657.99,USD,apple_pay,pickup_point,
1344,Refunded,991.95,EUR,google_pay,standard,
1345,Returned,1431.95,USD,apple_pay,fedex,
1346,Cancelled,1021.99,GBP,google_pay,standard,
1347,Returned,1314.95,GBP,google_pay,standard,
1348,Processing,1170.95,EUR,debit_card,standard,
1349,Cancelled,387.99,GBP,google_pay,standard,
1350,Pending,1402.99,EUR,debit_card,dhl,
1351,Returned,82.95,GBP,paypal,economy,Fragile - handle with care
1352,Cancelled,978.95,GBP,apple_pay,pickup_point,
1353,Returned,1368.95,USD,bank_transfer,express,
1354,Refunded,1466.95,EUR,credit_card,economy,
1355,Shipped,402.99,EUR,google_pay,fedex,
1356,Pending,63.99,USD,bank_transfer,pickup_point,
1357,Shipped,783.95,USD,credit_card,economy,
1358,Shipped,1437.99,GBP,klarna,pickup_point,
1359,Cancelled,93.95,EUR,apple_pay,fedex,
1360,Processing,715.99,USD,bank_transfer,economy,
1361,Delivered,1429.99,EUR,credit_card,dhl,
1362,Pending,648.99,USD,debit_card,standard,
1363,Returned,1043.99,USD,klarna,pickup_point,
1364,Returned,927.99,EUR,bank_transfer,dhl,
1365,Returned,807.99,GBP,apple_pay,dhl,
1366,Shipped,296.99,USD,bank_transfer,ups,
1367,Cancelled,1129.95,GBP,klarna,express,
1368,Processing,724.99,USD,bank_transfer,standard,
1369,Cancelled,542.99,EUR,paypal,ups,
1370,Delivered,1103.95,GBP,credit_card,overnight,
1371,Shipped,467.95,USD,google_pay,ups,
1372,Returned,808.95,USD,paypal,ups,
1373,Refunded,218.95,GBP,bank_transfer,dhl,
1374,Delivered,399.95,GBP,debit_card,dhl,
1375,Returned,446.99,EUR,apple_pay,standard,
1376,Refunded,937.95,GBP,bank_transfer,standard,
1377,Returned,1491.99,GBP,paypal,standard,
1378,Shipped,284.99,USD,bank_transfer,overnight,
1379,Cancelled,1457.95,USD,paypal,ups,
1380,Processing,1446.95,EUR,bank_transfer,economy,
1381,Returned,466.99,USD,klarna,overnight,
1382,Pending,1274.95,EUR,bank_transfer,fedex,
1383,Processing,380.95,GBP,apple_pay,pickup_point,
1384,Returned,861.99,USD,bank_transfer,fedex,
1385,Returned,1066.95,USD,credit_card,ups,
1386,Delivered,1269.99,EUR,bank_transfer,express,
1387,Delivered,771.95,GBP,apple_pay,express,
1388,Returned,1474.99,USD,klarna,economy,
1389,Processing,1414.95,GBP,klarna,ups,
1390,Returned,753.95,EUR,bank_transfer,pickup_point,
1391,Refunded,536.99,EUR,apple_pay,standard,
1392,Cancelled,742.99,EUR,bank_transfer,economy,
1393,Refunded,1137.99,GBP,apple_pay,economy,Please leave at front door
1394,Returned,1117.95,EUR,credit_card,overnight,
1395,Delivered,1018.95,GBP,debit_card,express,
1396,Returned,121.99,GBP,debit_card,standard,
1397,Cancelled,1171.99,EUR,debit_card,pickup_point,
1398,Processing,1182.95,USD,klarna,economy,
1399,Refunded,186.99,EUR,apple_pay,ups,
1400,Returned,1110.99,USD,paypal,standard,
1401,Returned,698.99,USD,bank_transfer,standard,
1402,Shipped,218.99,GBP,debit_card,fedex,
1403,Returned,952.95,USD,bank_transfer,dhl,
1404,Shipped,415.99,USD,apple_pay,pickup_point,
1405,Returned,337.95,EUR,klarna,overnight,
1406,Cancelled,191.99,GBP,debit_card,standard,
1407,Processing,563.95,GBP,google_pay,express,
1408,Refunded,26.95,GBP,apple_pay,dhl,
1409,Refunded,749.95,USD,apple_pay,pickup_point,Do not leave in direct sunlight
1410,Pending,1048.95,GBP,paypal,express,
1411,Delivered,966.95,EUR,credit_card,overnight,
1412,Cancelled,1347.95,USD,google_pay,overnight,
1413,Pending,623.95,EUR,credit_card,fedex,
1414,Processing,1136.99,EUR,klarna,overnight,
1415,Pending,199.99,EUR,debit_card,pickup_point,
1416,Refunded,1494.95,USD,klarna,economy,
1417,Shipped,752.95,GBP,klarna,pickup_point,
1418,Cancelled,936.99,GBP,bank_transfer,express,Residential address
1419,Pending,632.99,USD,paypal,dhl,
1420,Delivered,1265.95,USD,google_pay,dhl,
1421,Cancelled,1219.99,USD,apple_pay,express,
1422,Pending,641.95,USD,google_pay,ups,
1423,Returned,338.99,EUR,paypal,standard,ASAP delivery needed
1424,Cancelled,69.95,USD,apple_pay,standard,
1425,Processing,509.95,USD,debit_card,pickup_point,
1426,Cancelled,1281.99,USD,debit_card,express,
1427,Shipped,1193.95,USD,debit_card,ups,
1428,Processing,1497.95,USD,google_pay,dhl,
1429,Cancelled,382.95,GBP,google_pay,economy,
1430,Shipped,1173.95,USD,debit_card,dhl,
1431,Returned,368.99,USD,debit_card,overnight,
1432,Refunded,547.95,EUR,credit_card,standard,
1433,Cancelled,408.99,USD,paypal,overnight,
1434,Refunded,781.99,USD,bank_transfer,overnight,
1435,Pending,615.95,EUR,apple_pay,economy,
1436,Shipped,831.95,GBP,credit_card,express,
1437,Delivered,881.95,GBP,klarna,dhl,
1438,Cancelled,1051.99,USD,bank_transfer,express,
1439,Delivered,698.99,GBP,klarna,economy,Ring doorbell twice
1440,Refunded,1299.99,EUR,debit_card,economy,
1441,Returned,1303.95,GBP,klarna,economy,
1442,Shipped,679.95,USD,klarna,pickup_point,
1443,Shipped,780.95,GBP,debit_card,standard,
1444,Pending,1081.99,GBP,debit_card,fedex,
1445,Returned,759.95,EUR,credit_card,economy,Please leave at front door
1446,Delivered,742.99,GBP,paypal,economy,
1447,Processing,270.99,USD,bank_transfer,standard,
1448,Delivered,1065.99,USD,bank_transfer,pickup_point,Leave with neighbor if not home
1449,Cancelled,993.95,EUR,credit_card,fedex,
1450,Cancelled,1385.99,USD,paypal,overnight,
1451,Pending,731.95,EUR,credit_card,overnight,
1452,Delivered,624.95,USD,debit_card,express,
1453,Pending,175.99,EUR,klarna,express,
1454,Returned,1116.99,EUR,google_pay,fedex,
1455,Processing,158.95,EUR,paypal,fedex,
1456,Refunded,938.99,GBP,credit_card,dhl,
1457,Delivered,881.99,EUR,apple_pay,ups,
1458,Delivered,535.95,EUR,paypal,fedex,
1459,Pending,718.99,EUR,credit_card,economy,
1460,Cancelled,1165.99,GBP,google_pay,express,
1461,Pending,1306.95,EUR,debit_card,standard,
1462,Cancelled,495.95,EUR,debit_card,express,
1463,Pending,282.95,USD,google_pay,fedex,
1464,Delivered,1226.95,GBP,paypal,dhl,
1465,Returned,926.99,EUR,credit_card,dhl,
1466,Refunded,613.95,USD,credit_card,pickup_point,
1467,Shipped,181.99,USD,credit_card,fedex,
1468,Cancelled,1354.95,EUR,paypal,ups,
1469,Pending,185.99,GBP,paypal,dhl,
1470,Cancelled,302.95,EUR,debit_card,economy,
1471,Cancelled,750.95,USD,paypal,ups,
1472,Returned,1459.99,USD,paypal,standard,
1473,Cancelled,1046.99,GBP,apple_pay,fedex,
1474,Processing,424.99,EUR,apple_pay,economy,Fragile - handle with care
1475,Cancelled,160.95,GBP,klarna,pickup_point,
1476,Shipped,1270.95,GBP,apple_pay,standard,
1477,Refunded,964.99,USD,paypal,express,
1478,Shipped,656.95,EUR,apple_pay,fedex,
1479,Processing,1113.99,GBP,apple_pay,overnight,Deliver to back entrance
1480,Processing,1059.99,GBP,klarna,pickup_point,
1481,Cancelled,963.99,EUR,google_pay,fedex,
1482,Delivered,217.95,EUR,debit_card,express,
1483,Delivered,1373.99,EUR,apple_pay,express,
1484,Cancelled,92.95,GBP,paypal,pickup_point,
1485,Pending,1171.99,USD,google_pay,dhl,
1486,Refunded,1052.95,GBP,paypal,pickup_point,
1487,Processing,1008.99,EUR,klarna,express,
1488,Returned,1269.95,EUR,debit_card,express,Do not leave in direct sunlight
1489,Refunded,310.95,EUR,apple_pay,economy,
1490,Shipped,1439.95,GBP,debit_card,standard,
1491,Shipped,334.99,GBP,debit_card,express,
1492,Refunded,1072.95,GBP,bank_transfer,overnight,
1493,Returned,208.95,EUR,debit_card,fedex,
1494,Returned,1212.95,EUR,google_pay,standard,
1495,Pending,1210.99,USD,klarna,express,
1496,Pending,945.99,USD,debit_card,express,
1497,Returned,27.99,GBP,bank_transfer,fedex,
1498,Shipped,328.99,GBP,klarna,standard,
1499,Delivered,85.99,EUR,bank_transfer,dhl,
1500,Returned,1060.95,USD,apple_pay,fedex,
1501,Delivered,999.95,GBP,apple_pay,ups,
1502,Pending,1215.95,GBP,paypal,standard,
1503,Cancelled,853.95,USD,klarna,dhl,
1504,Delivered,298.99,GBP,bank_transfer,fedex,
1505,Delivered,319.95,USD,klarna,overnight,
1506,Refunded,1221.99,GBP,bank_transfer,ups,
1507,Pending,79.99,GBP,klarna,ups,
1508,Cancelled,202.95,EUR,klarna,pickup_point,
1509,Returned,226.95,EUR,google_pay,overnight,
1510,Refunded,1063.99,GBP,klarna,pickup_point,
1511,Cancelled,947.99,EUR,google_pay,overnight,
1512,Cancelled,1178.99,GBP,paypal,pickup_point,Do not leave in direct sunlight
1513,Cancelled,631.95,EUR,klarna,dhl,
1514,Cancelled,1102.95,GBP,apple_pay,overnight,
1515,Pending,1015.95,GBP,paypal,economy,
1516,Pending,881.99,EUR,credit_card,express,
1517,Refunded,858.99,GBP,bank_transfer,express,
1518,Pending,992.99,USD,bank_transfer,economy,Fragile - handle with care
1519,Refunded,1047.95,USD,paypal,dhl,
1520,Delivered,409.99,GBP,apple_pay,fedex,
1521,Processing,679.99,EUR,bank_transfer,fedex,
1522,Refunded,1473.95,USD,apple_pay,standard,
1523,Refunded,601.95,GBP,apple_pay,economy,
1524,Delivered,1325.95,USD,klarna,standard,
1525,Returned,704.99,USD,paypal,standard,
1526,Shipped,980.95,GBP,paypal,ups,
1527,Returned,250.99,EUR,bank_transfer,pickup_point,
1528,Shipped,116.95,GBP,credit_card,ups,
1529,Processing,346.95,EUR,apple_pay,overnight,
1530,Refunded,188.99,GBP,apple_pay,fedex,
1531,Processing,954.95,EUR,credit_card,express,
1532,Refunded,133.99,USD,paypal,pickup_point,
1533,Shipped,403.99,USD,debit_card,dhl,
1534,Returned,1371.95,GBP,debit_card,ups,
1535,Cancelled,989.99,GBP,google_pay,pickup_point,
1536,Pending,766.99,GBP,apple_pay,express,
1537,Delivered,1409.99,GBP,apple_pay,ups,
1538,Cancelled,1187.95,EUR,bank_transfer,pickup_point,
1539,Delivered,134.99,GBP,paypal,express,
1540,Returned,231.99,USD,bank_transfer,economy,
1541,Delivered,683.95,GBP,credit_card,ups,
1542,Refunded,883.99,USD,bank_transfer,overnight,
1543,Cancelled,786.99,GBP,apple_pay,pickup_point,
1544,Refunded,971.95,GBP,bank_transfer,ups,
1545,Pending,85.99,GBP,bank_transfer,ups,
1546,Pending,933.99,GBP,debit_card,fedex,
1547,Refunded,846.95,GBP,debit_card,dhl,
1548,Shipped,219.99,USD,paypal,economy,Business address
1549,Delivered,1160.99,GBP,credit_card,economy,
1550,Delivered,879.95,EUR,debit_card,dhl,
1551,Cancelled,1352.99,GBP,debit_card,dhl,
1552,Pending,99.99,USD,credit_card,dhl,
1553,Processing,611.99,USD,credit_card,ups,
1554,Returned,1165.95,USD,apple_pay,dhl,
1555,Pending,578.99,USD,apple_pay,pickup_point,
1556,Pending,1323.99,GBP,apple_pay,dhl,
1557,Returned,1379.95,USD,google_pay,fedex,
1558,Refunded,172.99,EUR,debit_card,economy,
1559,Pending,111.95,EUR,klarna,dhl,
1560,Shipped,1480.95,GBP,google_pay,pickup_point,
1561,Delivered,212.99,USD,credit_card,dhl,
1562,Delivered,1249.99,USD,credit_card,ups,
1563,Shipped,1077.99,GBP,bank_transfer,dhl,
1564,Refunded,1358.99,GBP,google_pay,pickup_point,
1565,Refunded,1364.95,GBP,paypal,economy,
1566,Shipped,108.99,EUR,paypal,standard,
1567,Cancelled,958.95,EUR,paypal,dhl,
1568,Cancelled,532.95,EUR,paypal,pickup_point,
1569,Delivered,156.99,EUR,klarna,express,
1570,Cancelled,1135.95,EUR,klarna,dhl,
1571,Delivered,1062.95,USD,debit_card,standard,
1572,Shipped,1315.95,GBP,google_pay,economy,
1573,Cancelled,1374.99,USD,google_pay,overnight,
1574,Delivered,1441.99,EUR,debit_card,pickup_point,
1575,Shipped,277.95,EUR,klarna,fedex,Fragile - handle with care
1576,Cancelled,850.99,GBP,debit_card,fedex,
1577,Delivered,477.95,EUR,debit_card,pickup_point,
1578,Pending,111.95,GBP,klarna,dhl,
1579,Cancelled,1316.99,EUR,klarna,fedex,
1580,Cancelled,1087.95,EUR,apple_pay,fedex,
1581,Shipped,816.99,USD,bank_transfer,pickup_point,
1582,Pending,340.95,EUR,credit_card,pickup_point,
1583,Shipped,177.95,USD,bank_transfer,express,
1584,Pending,1245.99,USD,klarna,pickup_point,
1585,Refunded,685.95,USD,paypal,overnight,
1586,Delivered,404.95,EUR,klarna,express,
1587,Shipped,16.95,GBP,klarna,economy,
1588,Pending,251.99,EUR,google_pay,fedex,
1589,Delivered,1376.95,EUR,credit_card,fedex,
1590,Processing,785.99,GBP,klarna,express,
1591,Shipped,331.99,EUR,klarna,economy,
1592,Delivered,412.95,GBP,google_pay,dhl,
1593,Cancelled,825.99,USD,debit_card,express,
1594,Processing,1361.95,USD,google_pay,overnight,
1595,Refunded,569.95,USD,credit_card,dhl,
1596,Shipped,595.95,EUR,bank_transfer,express,
1597,Refunded,842.95,USD,debit_card,economy,
1598,Returned,90.95,USD,google_pay,pickup_point,
1599,Cancelled,186.95,EUR,klarna,express,
1600,Pending,829.99,GBP,klarna,express,
1601,Pending,1098.95,EUR,debit_card,overnight,
1602,Processing,960.99,USD,bank_transfer,overnight,
1603,Pending,1172.99,GBP,debit_card,fedex,
1604,Returned,151.95,GBP,debit_card,express,
1605,Returned,508.99,USD,klarna,standard,
1606,Processing,1198.95,USD,bank_transfer,ups,
1607,Cancelled,794.95,EUR,bank_transfer,ups,
1608,Pending,229.95,GBP,credit_card,express,
1609,Refunded,49.95,USD,bank_transfer,fedex,
1610,Cancelled,57.95,EUR,credit_card,standard,
1611,Processing,1074.95,EUR,credit_card,fedex,
1612,Processing,1476.95,GBP,debit_card,pickup_point,
1613,Refunded,448.99,GBP,google_pay,fedex,
1614,Refunded,1375.95,USD,debit_card,standard,
1615,Shipped,486.95,EUR,debit_card,fedex,
1616,Pending,566.99,GBP,credit_card,economy,
1617,Returned,482.95,GBP,credit_card,overnight,
1618,Refunded,1100.95,EUR,credit_card,express,
1619,Processing,557.95,EUR,google_pay,pickup_point,
1620,Processing,1205.99,EUR,bank_transfer,dhl,
1621,Shipped,113.95,EUR,google_pay,overnight,
1622,Processing,677.99,USD,paypal,fedex,
1623,Delivered,419.99,EUR,bank_transfer,fedex,Fragile - handle with care
1624,Refunded,1126.99,USD,debit_card,standard,
1625,Refunded,698.95,GBP,bank_transfer,economy,
1626,Shipped,1428.95,EUR,google_pay,dhl,
1627,Shipped,1156.95,GBP,debit_card,pickup_point,
1628,Pending,484.99,USD,paypal,dhl,
1629,Processing,748.99,USD,paypal,express,
1630,Shipped,1129.99,EUR,google_pay,overnight,
1631,Delivered,1264.99,EUR,bank_transfer,express,
1632,Cancelled,1334.99,GBP,google_pay,standard,
1633,Processing,319.95,USD,paypal,ups,
1634,Shipped,881.95,USD,klarna,ups,
1635,Pending,1152.95,EUR,apple_pay,express,
1636,Processing,887.99,EUR,debit_card,dhl,
1637,Refunded,1035.95,EUR,paypal,pickup_point,Signature required
1638,Returned,649.95,USD,bank_transfer,economy,
1639,Delivered,1200.95,USD,klarna,fedex,
1640,Cancelled,911.95,EUR,credit_card,express,
1641,Shipped,1222.99,GBP,credit_card,express,
1642,Pending,1018.95,EUR,google_pay,fedex,
1643,Refunded,36.99,USD,apple_pay,fedex,
1644,Processing,695.95,EUR,bank_transfer,pickup_point,
1645,Shipped,1063.95,USD,debit_card,overnight,
1646,Refunded,1258.99,USD,klarna,express,
1647,Refunded,334.95,USD,credit_card,economy,
1648,Pending,457.99,USD,debit_card,standard,
1649,Cancelled,1160.99,USD,bank_transfer,fedex,
1650,Pending,859.95,USD,paypal,pickup_point,
1651,Processing,786.99,USD,bank_transfer,dhl,
1652,Delivered,833.99,USD,bank_transfer,overnight,
1653,Returned,917.99,GBP,bank_transfer,ups,
1654,Delivered,76.95,EUR,klarna,ups,Combine with other items if available
1655,Returned,1323.95,GBP,klarna,ups,
1656,Delivered,1162.95,EUR,credit_card,fedex,
1657,Shipped,299.95,EUR,debit_card,fedex,
1658,Pending,599.95,EUR,debit_card,economy,Business address
1659,Returned,1069.99,GBP,apple_pay,express,
1660,Delivered,1241.99,EUR,paypal,standard,
1661,Cancelled,791.95,EUR,paypal,dhl,
1662,Refunded,964.95,GBP,bank_transfer,fedex,
1663,Delivered,86.95,EUR,google_pay,ups,
1664,Shipped,1449.95,GBP,debit_card,dhl,
1665,Processing,185.95,EUR,google_pay,overnight,
1666,Processing,1118.95,EUR,google_pay,economy,
1667,Cancelled,1440.95,GBP,bank_transfer,pickup_point,
1668,Pending,1451.99,GBP,credit_card,standard,
1669,Pending,509.99,USD,debit_card,fedex,
1670,Returned,1259.95,USD,google_pay,pickup_point,
1671,Cancelled,736.99,GBP,credit_card,economy,
1672,Shipped,1287.99,USD,credit_card,overnight,
1673,Delivered,547.95,USD,debit_card,express,
1674,Refunded,454.99,USD,paypal,express,
1675,Returned,1469.95,USD,bank_transfer,fedex,
1676,Delivered,1130.99,EUR,paypal,ups,
1677,Refunded,175.95,GBP,bank_transfer,standard,
1678,Returned,1219.99,EUR,credit_card,economy,Fragile - handle with care
1679,Cancelled,124.99,EUR,klarna,pickup_point,
1680,Shipped,248.99,EUR,apple_pay,overnight,
1681,Cancelled,232.99,GBP,credit_card,express,
1682,Returned,1091.95,USD,google_pay,standard,
1683,Refunded,674.99,EUR,klarna,economy,
1684,Refunded,1166.99,EUR,klarna,ups,
1685,Returned,400.99,EUR,klarna,fedex,
1686,Delivered,223.99,GBP,google_pay,overnight,
1687,Returned,1217.99,EUR,google_pay,dhl,
1688,Pending,227.99,EUR,bank_transfer,overnight,
1689,Cancelled,1399.95,GBP,klarna,ups,
1690,Shipped,538.99,GBP,apple_pay,overnight,
1691,Delivered,1332.99,GBP,google_pay,economy,
1692,Delivered,191.95,USD,apple_pay,overnight,
1693,Processing,1074.99,EUR,paypal,pickup_point,
1694,Shipped,1111.95,EUR,paypal,ups,
1695,Cancelled,107.95,USD,debit_card,pickup_point,
1696,Processing,1377.95,EUR,google_pay,economy,
1697,Pending,561.95,EUR,paypal,ups,
1698,Shipped,445.95,GBP,credit_card,ups,
1699,Processing,1101.99,GBP,debit_card,ups,
1700,Pending,916.99,GBP,credit_card,ups,
1701,Returned,922.99,USD,paypal,pickup_point,
1702,Refunded,552.95,USD,google_pay,dhl,
1703,Cancelled,1298.95,GBP,apple_pay,fedex,
1704,Pending,803.99,USD,debit_card,pickup_point,Fragile - handle with care
1705,Returned,1455.95,GBP,klarna,overnight,
1706,Cancelled,547.99,GBP,apple_pay,economy,
1707,Returned,1095.99,USD,credit_card,pickup_point,
1708,Cancelled,288.99,USD,bank_transfer,fedex,
1709,Returned,38.99,EUR,bank_transfer,economy,
1710,Delivered,857.99,GBP,bank_transfer,ups,
1711,Returned,275.99,EUR,google_pay,standard,
1712,Pending,551.95,USD,apple_pay,standard,
1713,Returned,640.95,GBP,klarna,standard,
1714,Returned,1399.95,EUR,klarna,dhl,Ring doorbell twice
1715,Processing,156.99,USD,google_pay,dhl,
1716,Delivered,450.95,GBP,paypal,express,
1717,Delivered,54.99,EUR,bank_transfer,ups,
1718,Shipped,262.99,GBP,bank_transfer,pickup_point,
1719,Pending,261.99,GBP,klarna,pickup_point,
1720,Cancelled,589.99,GBP,klarna,economy,
1721,Pending,1093.95,EUR,google_pay,economy,
1722,Returned,1408.95,EUR,bank_transfer,standard,
1723,Returned,642.95,USD,apple_pay,express,
1724,Refunded,883.95,USD,apple_pay,overnight,
1725,Shipped,611.95,EUR,paypal,economy,
1726,Cancelled,622.99,EUR,debit_card,dhl,
1727,Refunded,1312.95,GBP,apple_pay,dhl,
1728,Shipped,722.99,GBP,credit_card,standard,
1729,Refunded,495.95,EUR,apple_pay,pickup_point,
1730,Cancelled,739.99,EUR,apple_pay,dhl,
1731,Delivered,91.99,GBP,paypal,ups,
1732,Refunded,1317.99,EUR,apple_pay,express,
1733,Processing,1123.95,USD,apple_pay,pickup_point,
1734,Shipped,513.99,USD,apple_pay,dhl,
1735,Returned,888.99,GBP,bank_transfer,pickup_point,
1736,Cancelled,788.99,USD,credit_card,dhl,
1737,Returned,676.99,GBP,klarna,express,
1738,Refunded,86.99,GBP,google_pay,express,Leave with neighbor if not home
1739,Processing,67.99,USD,apple_pay,standard,
1740,Processing,1429.99,GBP,debit_card,dhl,
1741,Shipped,194.99,EUR,klarna,pickup_point,Please leave at front door
1742,Delivered,1141.99,GBP,credit_card,express,
1743,Delivered,767.99,GBP,google_pay,overnight,
1744,Delivered,243.95,GBP,klarna,fedex,
1745,Shipped,700.99,USD,paypal,ups,
1746,Delivered,861.99,EUR,paypal,pickup_point,
1747,Delivered,1104.99,EUR,bank_transfer,economy,
1748,Shipped,799.99,GBP,debit_card,dhl,
1749,Returned,132.99,USD,paypal,pickup_point,
1750,Refunded,769.95,GBP,google_pay,express,
1751,Processing,1080.99,GBP,debit_card,fedex,
1752,Processing,1257.95,USD,paypal,fedex,
1753,Cancelled,1018.95,EUR,klarna,express,
1754,Processing,698.95,EUR,apple_pay,economy,
1755,Returned,527.95,GBP,credit_card,standard,
1756,Processing,131.95,GBP,credit_card,standard,
1757,Processing,632.95,EUR,paypal,economy,
1758,Processing,1295.99,USD,paypal,standard,
1759,Processing,88.99,USD,bank_transfer,express,
1760,Processing,1378.95,USD,klarna,dhl,
1761,Cancelled,1067.95,USD,paypal,fedex,
1762,Refunded,987.95,EUR,debit_card,standard,
1763,Cancelled,397.99,GBP,paypal,dhl,
1764,Processing,518.99,USD,credit_card,express,
1765,Processing,986.99,GBP,google_pay,ups,
1766,Returned,873.95,EUR,google_pay,dhl,
1767,Returned,175.95,EUR,google_pay,ups,
1768,Returned,1038.95,USD,apple_pay,economy,
1769,Processing,511.95,USD,klarna,overnight,
1770,Delivered,442.95,USD,bank_transfer,dhl,
1771,Delivered,1414.95,GBP,paypal,ups,
1772,Returned,1117.99,GBP,apple_pay,express,
1773,Delivered,770.99,GBP,credit_card,pickup_point,
1774,Delivered,569.99,GBP,paypal,economy,
1775,Refunded,829.99,USD,apple_pay,overnight,
1776,Pending,864.99,EUR,google_pay,pickup_point,
1777,Delivered,536.95,GBP,google_pay,dhl,
1778,Processing,644.99,USD,debit_card,ups,
1779,Refunded,1267.99,GBP,klarna,ups,
1780,Pending,357.99,GBP,klarna,overnight,
1781,Refunded,25.99,EUR,klarna,dhl,
1782,Pending,11.95,EUR,klarna,dhl,
1783,Pending,1332.99,EUR,paypal,overnight,Signature required
1784,Pending,571.99,GBP,paypal,ups,
1785,Delivered,1265.99,USD,google_pay,dhl,
1786,Cancelled,347.95,EUR,apple_pay,express,
1787,Cancelled,628.95,GBP,apple_pay,pickup_point,
1788,Pending,886.99,USD,bank_transfer,overnight,
1789,Delivered,550.99,EUR,credit_card,economy,
1790,Pending,591.99,EUR,paypal,express,
1791,Shipped,171.95,USD,paypal,overnight,
1792,Processing,1213.99,EUR,credit_card,overnight,
1793,Cancelled,836.99,USD,klarna,express,Fragile - handle with care
1794,Pending,194.95,EUR,bank_transfer,overnight,
1795,Refunded,697.95,EUR,debit_card,economy,
1796,Delivered,1449.99,USD,credit_card,pickup_point,
1797,Pending,1097.95,EUR,apple_pay,fedex,
1798,Cancelled,1482.99,GBP,apple_pay,overnight,
1799,Returned,162.99,EUR,debit_card,overnight,
1800,Shipped,96.99,GBP,google_pay,standard,
1801,Delivered,683.99,EUR,klarna,pickup_point,
1802,Refunded,680.95,EUR,debit_card,standard,
1803,Delivered,831.95,USD,google_pay,ups,
1804,Shipped,1439.95,USD,paypal,express,Leave with neighbor if not home
1805,Processing,370.99,EUR,google_pay,economy,
1806,Cancelled,1249.95,GBP,bank_transfer,dhl,
1807,Shipped,404.95,GBP,apple_pay,fedex,
1808,Cancelled,921.99,GBP,google_pay,express,
1809,Cancelled,1373.95,EUR,klarna,express,
1810,Refunded,773.99,USD,klarna,pickup_point,
1811,Refunded,555.95,EUR,credit_card,pickup_point,
1812,Shipped,1362.95,USD,credit_card,dhl,
1813,Refunded,1399.99,GBP,debit_card,overnight,
1814,Shipped,1499.99,USD,credit_card,dhl,
1815,Pending,1140.99,GBP,google_pay,overnight,
1816,Returned,581.99,EUR,bank_transfer,pickup_point,
1817,Processing,693.95,GBP,bank_transfer,standard,
1818,Delivered,312.95,GBP,apple_pay,fedex,
1819,Delivered,823.99,USD,debit_card,fedex,
1820,Shipped,843.99,USD,bank_transfer,express,
1821,Delivered,265.99,USD,credit_card,dhl,
1822,Refunded,1227.99,GBP,debit_card,overnight,
1823,Processing,1477.95,USD,apple_pay,economy,
1824,Pending,1472.95,USD,klarna,standard,
1825,Delivered,474.95,GBP,bank_transfer,express,
1826,Processing,615.95,USD,paypal,dhl,
1827,Processing,1284.99,EUR,debit_card,dhl,
1828,Refunded,581.99,USD,bank_transfer,standard,
1829,Refunded,958.99,GBP,apple_pay,pickup_point,
1830,Processing,917.99,EUR,google_pay,overnight,
1831,Processing,912.95,USD,google_pay,express,
1832,Delivered,1402.99,EUR,apple_pay,fedex,Deliver to back entrance
1833,Cancelled,270.99,USD,bank_transfer,express,
1834,Shipped,761.95,GBP,bank_transfer,economy,
1835,Cancelled,962.95,GBP,credit_card,ups,
1836,Shipped,1266.95,USD,debit_card,ups,
1837,Cancelled,1007.99,GBP,google_pay,fedex,
1838,Refunded,401.99,GBP,credit_card,overnight,
1839,Refunded,962.99,GBP,bank_transfer,pickup_point,
1840,Delivered,123.95,USD,google_pay,ups,
1841,Pending,1064.99,GBP,google_pay,overnight,
1842,Refunded,699.95,USD,google_pay,overnight,
1843,Processing,562.99,GBP,bank_transfer,dhl,
1844,Returned,693.95,EUR,credit_card,ups,
1845,Shipped,1404.99,USD,paypal,dhl,
1846,Shipped,1166.95,GBP,klarna,overnight,
1847,Delivered,721.99,EUR,apple_pay,ups,
1848,Cancelled,962.99,GBP,paypal,pickup_point,
1849,Delivered,1406.95,GBP,google_pay,standard,
1850,Shipped,962.95,EUR,apple_pay,standard,
1851,Processing,1145.95,GBP,klarna,express,
1852,Pending,1094.99,USD,credit_card,overnight,
1853,Refunded,1133.95,EUR,apple_pay,fedex,
1854,Cancelled,1448.99,USD,apple_pay,standard,
1855,Returned,87.99,EUR,debit_card,overnight,
1856,Pending,507.99,GBP,paypal,standard,
1857,Delivered,449.99,GBP,credit_card,ups,
1858,Delivered,770.99,EUR,google_pay,pickup_point,
1859,Cancelled,811.95,USD,debit_card,standard,
1860,Returned,743.95,USD,bank_transfer,overnight,
1861,Shipped,502.95,USD,apple_pay,overnight,
1862,Processing,460.99,GBP,debit_card,pickup_point,Combine with other items if available
1863,Returned,1220.99,USD,credit_card,express,
1864,Delivered,244.95,USD,debit_card,express,
1865,Cancelled,1448.95,GBP,google_pay,overnight,
1866,Shipped,28.95,GBP,klarna,express,
1867,Refunded,130.95,USD,credit_card,express,
1868,Returned,738.95,EUR,paypal,standard,
1869,Returned,869.99,GBP,apple_pay,economy,
1870,Returned,653.95,GBP,paypal,overnight,
1871,Shipped,665.99,EUR,google_pay,pickup_point,
1872,Cancelled,502.95,EUR,google_pay,economy,
1873,Processing,1053.99,USD,credit_card,ups,
1874,Cancelled,665.99,USD,apple_pay,standard,
1875,Processing,338.95,GBP,klarna,dhl,
1876,Processing,479.99,GBP,apple_pay,economy,
1877,Cancelled,858.95,EUR,klarna,ups,
1878,Refunded,608.99,EUR,credit_card,ups,
1879,Returned,752.99,EUR,credit_card,express,
1880,Refunded,245.95,USD,bank_transfer,standard,
1881,Pending,19.95,GBP,credit_card,economy,
1882,Returned,549.95,EUR,credit_card,express,
1883,Processing,1439.95,EUR,apple_pay,ups,
1884,Delivered,125.95,EUR,apple_pay,fedex,
1885,Cancelled,1023.99,GBP,google_pay,standard,
1886,Processing,1029.99,EUR,debit_card,economy,
1887,Processing,1132.99,USD,credit_card,overnight,
1888,Returned,1145.95,EUR,credit_card,dhl,
1889,Pending,452.95,USD,paypal,standard,
1890,Shipped,600.95,EUR,credit_card,ups,
1891,Pending,508.95,GBP,credit_card,fedex,
1892,Cancelled,1063.95,GBP,apple_pay,dhl,
1893,Cancelled,193.95,EUR,google_pay,pickup_point,
1894,Processing,261.95,GBP,bank_transfer,fedex,
1895,Pending,990.95,GBP,paypal,dhl,
1896,Returned,52.99,USD,debit_card,fedex,
1897,Shipped,797.95,USD,credit_card,express,
1898,Pending,1036.95,EUR,paypal,dhl,
1899,Processing,983.99,EUR,paypal,overnight,
1900,Cancelled,664.95,GBP,debit_card,standard,
1901,Delivered,190.95,EUR,paypal,ups,
1902,Shipped,1156.99,GBP,bank_transfer,standard,
1903,Returned,1263.99,GBP,apple_pay,standard,Please pack carefully
1904,Pending,1143.95,EUR,bank_transfer,express,
1905,Processing,1343.99,GBP,debit_card,fedex,
1906,Refunded,307.95,EUR,apple_pay,overnight,
1907,Refunded,400.99,USD,apple_pay,express,
1908,Cancelled,1001.95,USD,credit_card,standard,
1909,Cancelled,567.95,USD,bank_transfer,express,
1910,Refunded,983.99,USD,bank_transfer,standard,
1911,Shipped,91.95,EUR,bank_transfer,economy,
1912,Refunded,1292.95,USD,credit_card,economy,
1913,Shipped,586.99,GBP,apple_pay,standard,
1914,Cancelled,395.95,GBP,bank_transfer,pickup_point,
1915,Shipped,1498.95,EUR,apple_pay,overnight,
1916,Processing,469.99,GBP,bank_transfer,economy,
1917,Delivered,83.95,USD,credit_card,overnight,
1918,Refunded,1148.99,USD,debit_card,dhl,
1919,Cancelled,94.99,EUR,credit_card,overnight,
1920,Delivered,78.99,EUR,debit_card,fedex,
1921,Cancelled,323.99,USD,apple_pay,fedex,
1922,Delivered,829.99,GBP,debit_card,dhl,
1923,Cancelled,1340.99,EUR,bank_transfer,overnight,
1924,Cancelled,310.95,GBP,credit_card,economy,
1925,Shipped,1418.95,EUR,google_pay,fedex,
1926,Cancelled,754.95,USD,apple_pay,express,
1927,Shipped,134.95,USD,google_pay,ups,
1928,Delivered,958.99,EUR,debit_card,standard,
1929,Processing,1298.99,GBP,apple_pay,dhl,
1930,Shipped,828.99,USD,klarna,express,
1931,Delivered,373.95,EUR,paypal,express,
1932,Shipped,1483.95,EUR,apple_pay,pickup_point,
1933,Delivered,85.99,GBP,google_pay,express,
1934,Cancelled,11.99,EUR,klarna,overnight,
1935,Processing,1105.95,EUR,debit_card,fedex,
1936,Returned,1420.99,EUR,bank_transfer,standard,
1937,Shipped,635.99,EUR,bank_transfer,ups,
1938,Processing,772.99,EUR,klarna,dhl,
1939,Returned,673.95,EUR,apple_pay,dhl,
1940,Delivered,1491.95,GBP,debit_card,express,
1941,Cancelled,1239.99,GBP,google_pay,dhl,
1942,Cancelled,148.99,GBP,credit_card,economy,
1943,Cancelled,1257.95,GBP,apple_pay,fedex,
1944,Delivered,691.99,GBP,debit_card,overnight,
1945,Cancelled,668.95,GBP,klarna,express,
1946,Cancelled,1040.95,USD,klarna,economy,
1947,Cancelled,105.99,EUR,apple_pay,standard,
1948,Shipped,833.99,EUR,apple_pay,express,
1949,Shipped,1067.95,USD,credit_card,pickup_point,
1950,Delivered,127.95,USD,paypal,express,
1951,Pending,121.99,USD,apple_pay,economy,
1952,Cancelled,167.99,USD,google_pay,pickup_point,
1953,Delivered,1326.99,GBP,paypal,overnight,
1954,Cancelled,943.95,USD,google_pay,dhl,
1955,Shipped,31.99,GBP,debit_card,standard,
1956,Pending,490.99,EUR,debit_card,ups,
1957,Delivered,1306.95,USD,paypal,overnight,
1958,Cancelled,1412.95,EUR,klarna,standard,
1959,Returned,1317.99,USD,bank_transfer,pickup_point,
1960,Cancelled,447.99,GBP,credit_card,express,
1961,Cancelled,1213.95,GBP,debit_card,pickup_point,
1962,Processing,359.99,EUR,apple_pay,standard,
1963,Refunded,1124.95,GBP,paypal,overnight,
1964,Cancelled,1171.95,USD,klarna,standard,
1965,Cancelled,716.95,GBP,debit_card,ups,
1966,Processing,1343.99,USD,apple_pay,fedex,
1967,Pending,904.99,EUR,bank_transfer,pickup_point,
1968,Pending,89.95,GBP,klarna,overnight,
1969,Processing,1010.95,USD,apple_pay,fedex,
1970,Processing,551.99,USD,google_pay,pickup_point,
1971,Processing,277.99,GBP,debit_card,express,
1972,Delivered,1355.95,GBP,paypal,overnight,
1973,Processing,896.99,EUR,paypal,pickup_point,
1974,Pending,604.95,USD,apple_pay,fedex,
1975,Processing,684.99,USD,google_pay,economy,
1976,Shipped,576.95,USD,credit_card,fedex,
1977,Shipped,289.99,GBP,klarna,fedex,
1978,Processing,493.99,USD,debit_card,pickup_point,
1979,Delivered,523.99,EUR,credit_card,fedex,
1980,Processing,1441.99,USD,credit_card,overnight,
1981,Returned,650.99,USD,debit_card,dhl,
1982,Shipped,1124.99,EUR,google_pay,ups,
1983,Shipped,1207.95,USD,google_pay,pickup_point,
1984,Processing,1321.95,GBP,klarna,fedex,
1985,Processing,594.95,EUR,google_pay,dhl,
1986,Pending,1236.99,GBP,credit_card,dhl,
1987,Cancelled,1365.99,EUR,apple_pay,fedex,
1988,Delivered,193.95,USD,bank_transfer,economy,
1989,Cancelled,790.95,EUR,credit_card,standard,
1990,Refunded,262.95,EUR,paypal,fedex,
1991,Shipped,80.95,GBP,debit_card,overnight,
1992,Delivered,1431.95,GBP,debit_card,pickup_point,Please pack carefully
1993,Shipped,412.95,USD,debit_card,dhl,
1994,Returned,351.99,GBP,apple_pay,fedex,
1995,Refunded,47.95,EUR,google_pay,dhl,
1996,Pending,100.95,EUR,google_pay,fedex,
1997,Shipped,45.95,GBP,paypal,economy,
1998,Cancelled,957.99,USD,credit_card,standard,
1999,Pending,753.95,GBP,credit_card,economy,
2000,Delivered,680.95,USD,bank_transfer,ups,
2001,Cancelled,697.95,GBP,debit_card,overnight,
2002,Shipped,1026.99,EUR,credit_card,dhl,
2003,Delivered,659.99,GBP,credit_card,standard,
2004,Refunded,483.95,GBP,klarna,express,
2005,Refunded,1090.95,GBP,credit_card,standard,
2006,Processing,954.95,EUR,google_pay,express,
2007,Processing,697.99,EUR,bank_transfer,overnight,
2008,Refunded,795.99,EUR,bank_transfer,standard,
2009,Returned,1052.95,USD,debit_card,fedex,
2010,Shipped,1155.95,USD,apple_pay,economy,
2011,Cancelled,138.95,GBP,paypal,fedex,
2012,Cancelled,1302.95,GBP,debit_card,economy,
2013,Returned,1242.95,EUR,apple_pay,standard,
2014,Delivered,1319.99,USD,credit_card,fedex,
2015,Shipped,287.99,GBP,klarna,economy,
2016,Processing,265.99,EUR,klarna,dhl,
2017,Processing,1052.99,GBP,apple_pay,express,
2018,Processing,760.99,EUR,credit_card,economy,
2019,Shipped,1038.95,GBP,bank_transfer,pickup_point,
2020,Cancelled,237.95,EUR,klarna,overnight,
2021,Delivered,460.95,GBP,klarna,overnight,
2022,Pending,956.95,GBP,debit_card,overnight,
2023,Delivered,801.99,EUR,debit_card,economy,
2024,Cancelled,1098.99,EUR,credit_card,standard,
2025,Refunded,441.99,EUR,google_pay,dhl,
2026,Processing,99.99,EUR,paypal,pickup_point,Combine with other items if available
2027,Refunded,530.99,GBP,debit_card,fedex,
2028,Returned,1364.95,USD,bank_transfer,ups,
2029,Processing,251.95,GBP,debit_card,standard,
2030,Pending,767.99,USD,paypal,express,
2031,Delivered,853.95,EUR,credit_card,pickup_point,
2032,Cancelled,1208.99,EUR,credit_card,fedex,
2033,Shipped,752.99,EUR,debit_card,pickup_point,
2034,Processing,49.95,GBP,apple_pay,fedex,
2035,Returned,1122.99,EUR,google_pay,express,Fragile - handle with care
2036,Delivered,235.99,EUR,paypal,pickup_point,
2037,Refunded,684.95,USD,paypal,economy,
2038,Shipped,798.99,GBP,klarna,pickup_point,Deliver to back entrance
2039,Cancelled,799.95,USD,bank_transfer,fedex,
2040,Delivered,267.95,EUR,bank_transfer,fedex,
2041,Pending,689.99,USD,bank_transfer,standard,
2042,Cancelled,140.99,USD,bank_transfer,pickup_point,
2043,Refunded,72.95,USD,google_pay,economy,
2044,Returned,1158.99,GBP,debit_card,fedex,
2045,Refunded,663.95,USD,google_pay,dhl,
2046,Processing,1320.99,EUR,debit_card,economy,
2047,Refunded,842.99,EUR,klarna,ups,
2048,Returned,462.99,USD,paypal,pickup_point,
2049,Cancelled,1126.99,EUR,credit_card,fedex,
2050,Pending,1259.95,USD,paypal,dhl,Leave with neighbor if not home
2051,Cancelled,945.95,EUR,google_pay,pickup_point,
2052,Returned,555.95,EUR,bank_transfer,pickup_point,Leave with neighbor if not home
2053,Delivered,605.95,USD,paypal,fedex,
2054,Returned,963.95,EUR,apple_pay,economy,
2055,Delivered,1217.99,USD,google_pay,standard,
2056,Processing,1156.95,USD,debit_card,express,Fragile - handle with care
2057,Refunded,709.95,USD,paypal,pickup_point,
2058,Pending,24.95,USD,paypal,express,
2059,Cancelled,881.99,EUR,bank_transfer,overnight,
2060,Cancelled,955.95,EUR,bank_transfer,overnight,
2061,Returned,34.99,GBP,google_pay,pickup_point,
2062,Returned,22.95,GBP,google_pay,overnight,
2063,Returned,879.95,USD,credit_card,fedex,
2064,Returned,585.99,GBP,credit_card,economy,
2065,Returned,1017.99,GBP,google_pay,express,
2066,Delivered,1111.99,GBP,apple_pay,overnight,
2067,Processing,1307.95,EUR,apple_pay,fedex,
2068,Delivered,71.99,USD,bank_transfer,economy,
2069,Refunded,131.99,USD,debit_card,dhl,
2070,Returned,809.95,EUR,apple_pay,standard,
2071,Refunded,322.95,EUR,google_pay,ups,
2072,Returned,268.99,GBP,google_pay,standard,
2073,Processing,509.99,USD,apple_pay,dhl,
2074,Shipped,735.95,GBP,apple_pay,pickup_point,
2075,Delivered,1200.99,GBP,credit_card,economy,Ring doorbell twice
2076,Pending,553.95,EUR,debit_card,dhl,
2077,Returned,728.95,GBP,google_pay,economy,Fragile - handle with care
2078,Returned,31.95,GBP,apple_pay,pickup_point,Leave with neighbor if not home
2079,Pending,987.95,EUR,credit_card,fedex,
2080,Returned,526.95,USD,bank_transfer,pickup_point,
2081,Returned,621.95,USD,klarna,express,
2082,Cancelled,283.95,EUR,klarna,overnight,
2083,Processing,606.95,GBP,paypal,pickup_point,
2084,Cancelled,34.99,GBP,credit_card,overnight,
2085,Refunded,1310.99,USD,bank_transfer,overnight,
2086,Delivered,683.99,USD,bank_transfer,overnight,
2087,Processing,1479.99,USD,bank_transfer,standard,
2088,Delivered,1060.99,GBP,bank_transfer,overnight,
2089,Cancelled,693.99,USD,paypal,dhl,
2090,Refunded,269.99,GBP,bank_transfer,fedex,
2091,Cancelled,1486.99,EUR,google_pay,economy,
2092,Refunded,269.99,EUR,credit_card,pickup_point,
2093,Processing,1047.99,USD,klarna,pickup_point,
2094,Refunded,1480.95,USD,klarna,economy,
2095,Shipped,595.95,USD,google_pay,pickup_point,
2096,Returned,695.99,EUR,apple_pay,express,
2097,Refunded,45.99,GBP,google_pay,fedex,
2098,Shipped,999.99,GBP,google_pay,ups,
2099,Returned,872.99,USD,google_pay,pickup_point,
2100,Processing,757.99,USD,klarna,standard,
2101,Refunded,82.95,USD,debit_card,standard,
2102,Processing,163.95,EUR,credit_card,ups,
2103,Shipped,1088.99,USD,debit_card,standard,
2104,Refunded,1418.99,EUR,bank_transfer,standard,
2105,Cancelled,1024.95,GBP,bank_transfer,economy,
2106,Refunded,433.95,GBP,debit_card,fedex,Fragile - handle with care
2107,Pending,1433.95,USD,credit_card,dhl,
2108,Refunded,1050.99,USD,debit_card,fedex,
2109,Returned,91.99,USD,apple_pay,dhl,
2110,Delivered,1350.99,EUR,paypal,overnight,
2111,Returned,1260.99,GBP,klarna,economy,
2112,Pending,1328.99,USD,apple_pay,fedex,
2113,Refunded,186.95,GBP,apple_pay,ups,
2114,Refunded,490.99,EUR,apple_pay,pickup_point,
2115,Refunded,1222.99,USD,google_pay,dhl,
2116,Shipped,1013.95,EUR,google_pay,fedex,
2117,Refunded,1010.95,EUR,klarna,express,Deliver to back entrance
2118,Pending,1014.95,GBP,debit_card,dhl,
2119,Cancelled,303.99,GBP,bank_transfer,ups,
2120,Shipped,1322.95,EUR,paypal,standard,
2121,Pending,1381.99,EUR,apple_pay,standard,
2122,Delivered,1266.95,EUR,google_pay,pickup_point,
2123,Processing,319.99,GBP,klarna,ups,
2124,Cancelled,173.95,GBP,credit_card,fedex,
2125,Returned,679.99,GBP,debit_card,ups,
2126,Refunded,228.99,GBP,google_pay,pickup_point,
2127,Returned,1442.99,EUR,klarna,fedex,
2128,Delivered,1436.95,USD,bank_transfer,fedex,
2129,Delivered,576.95,USD,google_pay,overnight,
2130,Refunded,700.95,USD,credit_card,pickup_point,
2131,Delivered,622.95,EUR,debit_card,standard,
2132,Cancelled,1455.95,GBP,apple_pay,fedex,
2133,Delivered,970.95,EUR,paypal,dhl,
2134,Shipped,1340.99,EUR,bank_transfer,standard,
2135,Refunded,880.99,USD,paypal,economy,
2136,Returned,1327.95,USD,debit_card,ups,
2137,Delivered,1122.95,USD,google_pay,fedex,
2138,Returned,1163.95,EUR,credit_card,standard,
2139,Refunded,1489.99,EUR,credit_card,ups,
2140,Shipped,389.95,USD,bank_transfer,pickup_point,Gift wrapping requested
2141,Shipped,76.99,USD,debit_card,economy,
2142,Processing,62.95,USD,debit_card,standard,
2143,Cancelled,1248.95,EUR,klarna,pickup_point,
2144,Processing,207.99,EUR,credit_card,dhl,
2145,Delivered,1051.95,USD,credit_card,overnight,
2146,Processing,187.95,GBP,paypal,pickup_point,
2147,Cancelled,24.95,GBP,klarna,economy,
2148,Processing,304.99,USD,google_pay,express,
2149,Cancelled,907.99,GBP,google_pay,overnight,
2150,Cancelled,400.99,GBP,google_pay,economy,
2151,Delivered,1396.95,GBP,debit_card,overnight,
2152,Delivered,858.99,EUR,google_pay,ups,
2153,Shipped,45.95,USD,apple_pay,economy,
2154,Shipped,1270.95,GBP,klarna,pickup_point,
2155,Delivered,891.99,USD,google_pay,overnight,
2156,Delivered,614.99,USD,debit_card,dhl,
2157,Delivered,412.99,EUR,klarna,economy,
2158,Cancelled,366.99,EUR,apple_pay,fedex,
2159,Refunded,396.95,EUR,bank_transfer,overnight,
2160,Pending,1211.95,EUR,klarna,economy,
2161,Processing,966.99,GBP,bank_transfer,express,
2162,Cancelled,609.95,GBP,bank_transfer,standard,
2163,Processing,106.95,USD,debit_card,pickup_point,
2164,Shipped,90.99,GBP,debit_card,overnight,
2165,Refunded,1443.99,EUR,google_pay,pickup_point,
2166,Delivered,780.95,GBP,apple_pay,fedex,
2167,Delivered,1027.95,GBP,paypal,overnight,
2168,Returned,431.99,USD,debit_card,economy,
2169,Returned,996.99,USD,apple_pay,dhl,
2170,Returned,1432.99,GBP,google_pay,express,
2171,Refunded,1051.99,EUR,apple_pay,fedex,
2172,Cancelled,1048.95,GBP,credit_card,express,
2173,Shipped,1291.95,EUR,bank_transfer,pickup_point,
2174,Cancelled,90.95,EUR,google_pay,dhl,
2175,Pending,791.95,USD,bank_transfer,dhl,
2176,Pending,606.99,EUR,credit_card,fedex,
2177,Delivered,1067.95,EUR,paypal,ups,
2178,Pending,1494.99,USD,debit_card,overnight,
2179,Returned,190.99,USD,paypal,standard,
2180,Returned,448.99,GBP,google_pay,dhl,
2181,Pending,567.99,USD,paypal,economy,
2182,Cancelled,1095.99,USD,google_pay,dhl,
2183,Refunded,1265.99,USD,apple_pay,standard,
2184,Pending,56.99,EUR,debit_card,express,
2185,Cancelled,1210.99,EUR,google_pay,express,
2186,Returned,126.99,GBP,klarna,pickup_point,
2187,Cancelled,742.95,USD,paypal,standard,
2188,Delivered,724.99,USD,apple_pay,standard,
2189,Returned,1054.99,EUR,credit_card,standard,
2190,Processing,1483.95,USD,debit_card,fedex,ASAP delivery needed
2191,Cancelled,539.95,EUR,credit_card,ups,
2192,Cancelled,244.95,GBP,paypal,overnight,
2193,Pending,818.99,GBP,bank_transfer,economy,
2194,Delivered,184.99,USD,apple_pay,overnight,
2195,Processing,1461.95,GBP,bank_transfer,economy,
2196,Cancelled,512.99,USD,debit_card,economy,
2197,Cancelled,1010.95,EUR,google_pay,express,
2198,Pending,149.99,EUR,apple_pay,overnight,
2199,Cancelled,1410.99,USD,google_pay,fedex,
2200,Shipped,796.95,USD,google_pay,ups,
2201,Returned,1274.95,USD,klarna,dhl,
2202,Pending,1108.95,GBP,apple_pay,pickup_point,
2203,Processing,1118.99,GBP,google_pay,dhl,
2204,Cancelled,555.99,GBP,klarna,ups,Fragile - handle with care
2205,Delivered,795.95,USD,google_pay,fedex,
2206,Cancelled,18.95,EUR,credit_card,standard,
2207,Processing,655.95,GBP,apple_pay,fedex,
2208,Cancelled,447.95,EUR,google_pay,fedex,
2209,Pending,707.95,GBP,klarna,fedex,Signature required
2210,Pending,194.95,USD,google_pay,overnight,
2211,Returned,666.95,GBP,google_pay,fedex,
2212,Shipped,488.95,USD,bank_transfer,standard,
2213,Delivered,1201.95,GBP,paypal,standard,
2214,Refunded,617.95,GBP,klarna,pickup_point,
2215,Returned,726.99,EUR,debit_card,express,
2216,Pending,291.95,EUR,klarna,economy,
2217,Returned,1156.95,GBP,credit_card,economy,
2218,Processing,822.99,USD,paypal,overnight,
2219,Shipped,850.95,USD,google_pay,standard,
2220,Refunded,27.99,EUR,klarna,economy,
2221,Refunded,1343.99,GBP,google_pay,ups,
2222,Cancelled,1201.95,EUR,google_pay,ups,
2223,Refunded,344.95,GBP,klarna,overnight,
2224,Shipped,1088.99,EUR,google_pay,overnight,
2225,Returned,362.95,GBP,bank_transfer,overnight,
2226,Cancelled,653.99,USD,bank_transfer,economy,
2227,Pending,1140.95,USD,paypal,express,
2228,Returned,621.99,USD,google_pay,pickup_point,
2229,Delivered,757.95,GBP,debit_card,fedex,
2230,Returned,610.99,USD,credit_card,ups,
2231,Returned,520.99,USD,bank_transfer,express,
2232,Pending,427.95,GBP,google_pay,overnight,
2233,Shipped,321.95,EUR,google_pay,dhl,
2234,Cancelled,151.95,GBP,paypal,standard,
2235,Processing,147.95,EUR,credit_card,economy,
2236,Processing,282.95,EUR,google_pay,overnight,
2237,Pending,1254.95,USD,paypal,standard,
2238,Returned,208.99,USD,google_pay,economy,
2239,Refunded,579.99,USD,klarna,pickup_point,
2240,Pending,1310.99,EUR,credit_card,overnight,
2241,Refunded,1278.99,EUR,paypal,overnight,
2242,Cancelled,1362.99,USD,apple_pay,ups,
2243,Processing,844.95,EUR,apple_pay,ups,
2244,Shipped,1402.95,GBP,apple_pay,dhl,
2245,Pending,1401.95,EUR,paypal,express,
2246,Returned,1089.95,EUR,bank_transfer,pickup_point,
2247,Cancelled,70.95,EUR,apple_pay,ups,
2248,Processing,296.99,EUR,klarna,express,
2249,Delivered,600.99,USD,google_pay,pickup_point,
2250,Refunded,549.99,USD,klarna,fedex,
2251,Pending,365.99,GBP,debit_card,ups,
2252,Cancelled,132.99,GBP,google_pay,fedex,
2253,Processing,1313.99,USD,apple_pay,ups,
2254,Cancelled,485.99,GBP,debit_card,standard,
2255,Delivered,15.95,EUR,debit_card,economy,
2256,Returned,1147.95,EUR,credit_card,express,
2257,Returned,797.99,GBP,google_pay,economy,Please leave at front door
2258,Delivered,293.95,GBP,debit_card,dhl,
2259,Returned,1424.99,GBP,bank_transfer,pickup_point,
2260,Cancelled,824.99,EUR,paypal,standard,
2261,Returned,1468.99,GBP,google_pay,express,
2262,Delivered,59.99,GBP,google_pay,economy,
2263,Refunded,521.95,USD,debit_card,economy,
2264,Delivered,935.99,USD,paypal,overnight,
2265,Shipped,838.95,EUR,debit_card,fedex,
2266,Shipped,1075.99,USD,klarna,dhl,
2267,Refunded,205.95,USD,klarna,ups,
2268,Cancelled,599.95,USD,klarna,express,
2269,Shipped,1429.99,EUR,paypal,economy,
2270,Processing,580.95,USD,apple_pay,ups,
2271,Processing,1146.99,EUR,paypal,dhl,
2272,Shipped,361.95,GBP,debit_card,fedex,
2273,Returned,1323.99,GBP,debit_card,economy,
2274,Processing,1166.99,USD,klarna,economy,
2275,Processing,1199.95,EUR,bank_transfer,ups,
2276,Returned,1141.95,EUR,credit_card,fedex,
2277,Delivered,1315.99,EUR,credit_card,dhl,
2278,Returned,715.95,GBP,debit_card,fedex,
2279,Pending,602.99,EUR,klarna,overnight,
2280,Delivered,1439.99,EUR,apple_pay,ups,
2281,Refunded,812.95,USD,apple_pay,economy,
2282,Refunded,823.99,GBP,paypal,ups,Gift wrapping requested
2283,Delivered,223.95,EUR,debit_card,dhl,
2284,Delivered,1292.99,EUR,google_pay,ups,
2285,Delivered,469.99,USD,credit_card,fedex,
2286,Pending,90.99,USD,google_pay,standard,
2287,Shipped,1090.99,USD,apple_pay,express,
2288,Refunded,748.99,EUR,klarna,standard,
2289,Delivered,1041.99,USD,debit_card,dhl,
2290,Shipped,836.95,USD,google_pay,ups,
2291,Delivered,1157.99,USD,klarna,economy,
2292,Returned,615.99,USD,apple_pay,express,
2293,Processing,456.99,GBP,credit_card,pickup_point,
2294,Returned,326.99,GBP,google_pay,dhl,
2295,Refunded,994.95,USD,klarna,economy,
2296,Processing,342.95,USD,credit_card,ups,
2297,Processing,366.95,GBP,credit_card,ups,
2298,Delivered,957.99,GBP,paypal,ups,Business address
2299,Pending,132.95,EUR,credit_card,overnight,
2300,Processing,940.95,GBP,klarna,dhl,Residential address
2301,Shipped,1206.99,EUR,debit_card,fedex,
2302,Cancelled,791.95,EUR,credit_card,economy,
2303,Processing,601.95,GBP,debit_card,ups,
2304,Returned,1004.95,GBP,google_pay,economy,
2305,Shipped,562.95,GBP,paypal,express,
2306,Delivered,1021.99,EUR,klarna,ups,
2307,Processing,942.99,GBP,debit_card,overnight,
2308,Pending,1114.95,EUR,debit_card,pickup_point,
2309,Shipped,658.99,EUR,bank_transfer,ups,
2310,Pending,954.95,GBP,google_pay,overnight,
2311,Refunded,971.99,USD,apple_pay,overnight,
2312,Delivered,948.95,USD,klarna,fedex,
2313,Shipped,384.95,USD,bank_transfer,dhl,
2314,Processing,1283.95,USD,klarna,standard,
2315,Refunded,1223.99,GBP,apple_pay,express,
2316,Shipped,258.95,EUR,klarna,dhl,
2317,Cancelled,1434.99,GBP,klarna,economy,Gift wrapping requested
2318,Refunded,140.95,EUR,bank_transfer,fedex,
2319,Returned,154.99,GBP,apple_pay,fedex,
2320,Pending,745.95,EUR,paypal,overnight,
2321,Pending,229.99,USD,debit_card,dhl,
2322,Returned,1363.99,EUR,klarna,standard,
2323,Delivered,691.95,GBP,credit_card,pickup_point,
2324,Shipped,1260.95,GBP,credit_card,fedex,
2325,Delivered,759.99,USD,apple_pay,fedex,
2326,Refunded,1106.99,USD,apple_pay,ups,
2327,Refunded,216.95,GBP,klarna,overnight,
2328,Returned,552.99,USD,klarna,fedex,
2329,Refunded,201.99,EUR,paypal,dhl,
2330,Refunded,1012.95,EUR,apple_pay,pickup_point,
2331,Returned,1278.95,GBP,apple_pay,overnight,Deliver to back entrance
2332,Cancelled,1041.95,GBP,paypal,ups,
2333,Processing,1104.99,EUR,credit_card,overnight,
2334,Refunded,1304.95,USD,debit_card,pickup_point,Gift wrapping requested
2335,Processing,1125.99,EUR,credit_card,fedex,
2336,Delivered,307.95,GBP,bank_transfer,overnight,
2337,Shipped,982.95,USD,klarna,dhl,
2338,Pending,1267.95,EUR,klarna,express,
2339,Processing,1030.99,EUR,google_pay,overnight,
2340,Delivered,854.95,GBP,paypal,fedex,
2341,Pending,222.95,GBP,google_pay,ups,
2342,Pending,1004.99,EUR,google_pay,ups,
2343,Cancelled,833.95,EUR,paypal,standard,
2344,Refunded,456.99,EUR,klarna,dhl,
2345,Returned,1116.99,EUR,klarna,economy,
2346,Processing,1402.95,EUR,google_pay,overnight,Fragile - handle with care
2347,Delivered,1404.99,EUR,klarna,fedex,
2348,Returned,646.95,EUR,bank_transfer,pickup_point,
2349,Cancelled,412.95,USD,debit_card,fedex,
2350,Cancelled,510.95,EUR,apple_pay,overnight,
2351,Refunded,139.95,GBP,klarna,overnight,
2352,Cancelled,1288.95,GBP,bank_transfer,ups,Fragile - handle with care
2353,Processing,816.95,USD,bank_transfer,economy,
2354,Cancelled,947.95,USD,google_pay,dhl,
2355,Returned,1482.95,USD,paypal,pickup_point,
2356,Processing,638.99,USD,google_pay,pickup_point,
2357,Pending,972.99,EUR,apple_pay,pickup_point,
2358,Processing,1128.99,GBP,klarna,fedex,
2359,Pending,735.95,USD,debit_card,fedex,
2360,Cancelled,893.99,USD,google_pay,standard,
2361,Processing,486.99,USD,klarna,express,
2362,Cancelled,1478.95,USD,klarna,standard,
2363,Returned,1267.99,USD,credit_card,standard,
2364,Delivered,753.95,GBP,credit_card,pickup_point,
2365,Pending,336.99,USD,debit_card,ups,
2366,Refunded,1228.95,EUR,credit_card,pickup_point,
2367,Refunded,1167.95,GBP,google_pay,pickup_point,
2368,Processing,939.95,EUR,klarna,economy,
2369,Processing,333.99,EUR,paypal,dhl,
2370,Pending,633.95,EUR,paypal,dhl,
2371,Refunded,452.99,USD,paypal,express,
2372,Returned,526.95,USD,klarna,ups,
2373,Pending,444.99,USD,apple_pay,pickup_point,
2374,Delivered,882.95,USD,klarna,express,
2375,Delivered,128.95,USD,apple_pay,fedex,
2376,Shipped,63.95,GBP,paypal,economy,
2377,Processing,681.95,EUR,debit_card,fedex,
2378,Pending,687.95,GBP,apple_pay,ups,
2379,Returned,1406.95,EUR,bank_transfer,standard,
2380,Delivered,748.99,USD,credit_card,dhl,
2381,Pending,789.95,EUR,debit_card,overnight,
2382,Cancelled,157.95,USD,bank_transfer,standard,
2383,Processing,849.99,USD,google_pay,dhl,
2384,Delivered,557.99,USD,apple_pay,standard,
2385,Delivered,360.99,GBP,paypal,standard,
2386,Returned,1279.95,EUR,apple_pay,express,
2387,Processing,1313.99,USD,google_pay,dhl,
2388,Processing,484.99,USD,bank_transfer,ups,
2389,Refunded,498.95,GBP,bank_transfer,fedex,
2390,Delivered,51.95,GBP,apple_pay,ups,
2391,Returned,255.99,GBP,paypal,overnight,
2392,Delivered,121.95,GBP,bank_transfer,standard,
2393,Shipped,754.99,USD,credit_card,ups,
2394,Returned,1272.99,USD,credit_card,overnight,
2395,Refunded,925.95,EUR,apple_pay,fedex,
2396,Delivered,993.99,GBP,bank_transfer,pickup_point,
2397,Cancelled,178.99,USD,credit_card,dhl,
2398,Delivered,328.95,EUR,debit_card,economy,
2399,Cancelled,907.99,GBP,klarna,overnight,
2400,Cancelled,163.99,GBP,bank_transfer,overnight,
2401,Cancelled,740.95,USD,bank_transfer,ups,
2402,Refunded,442.99,GBP,bank_transfer,standard,
2403,Refunded,1358.95,USD,credit_card,standard,
2404,Delivered,649.99,USD,bank_transfer,economy,
2405,Processing,1415.95,EUR,debit_card,fedex,
2406,Cancelled,651.99,USD,google_pay,fedex,
2407,Refunded,647.95,GBP,debit_card,ups,
2408,Processing,817.95,USD,google_pay,dhl,
2409,Shipped,984.95,USD,paypal,dhl,
2410,Processing,478.95,GBP,klarna,overnight,
2411,Processing,365.99,GBP,paypal,ups,
2412,Shipped,1148.99,GBP,credit_card,ups,
2413,Delivered,324.99,USD,apple_pay,standard,
2414,Pending,577.95,EUR,paypal,overnight,
2415,Cancelled,729.95,EUR,credit_card,fedex,
2416,Delivered,500.99,GBP,paypal,dhl,
2417,Refunded,448.95,GBP,bank_transfer,economy,
2418,Cancelled,412.95,USD,bank_transfer,express,
2419,Refunded,1286.99,GBP,apple_pay,fedex,
2420,Returned,471.95,EUR,debit_card,ups,
2421,Delivered,371.95,EUR,bank_transfer,ups,Do not leave in direct sunlight
2422,Returned,1081.99,GBP,credit_card,overnight,
2423,Shipped,848.95,USD,google_pay,overnight,
2424,Refunded,1386.99,USD,debit_card,pickup_point,
2425,Refunded,867.99,GBP,paypal,ups,
2426,Returned,546.95,GBP,bank_transfer,ups,
2427,Delivered,514.99,GBP,bank_transfer,overnight,
2428,Pending,1079.95,USD,google_pay,dhl,
2429,Refunded,381.99,EUR,debit_card,ups,
2430,Cancelled,649.95,USD,google_pay,dhl,
2431,Refunded,373.99,GBP,paypal,pickup_point,
2432,Shipped,469.99,GBP,google_pay,ups,
2433,Delivered,1192.95,EUR,credit_card,fedex,
2434,Pending,233.99,GBP,klarna,fedex,
2435,Processing,513.95,GBP,google_pay,overnight,
2436,Returned,110.99,USD,klarna,express,
2437,Shipped,1050.95,USD,google_pay,standard,
2438,Shipped,66.99,EUR,bank_transfer,standard,Leave with neighbor if not home
2439,Shipped,464.99,EUR,credit_card,economy,
2440,Shipped,923.95,EUR,google_pay,economy,Combine with other items if available
2441,Refunded,1120.95,USD,apple_pay,dhl,
2442,Shipped,989.95,GBP,debit_card,ups,
2443,Processing,421.95,GBP,klarna,economy,
2444,Shipped,825.95,USD,apple_pay,ups,
2445,Delivered,1098.99,EUR,google_pay,express,
2446,Processing,883.99,GBP,bank_transfer,overnight,
2447,Cancelled,1047.99,EUR,paypal,ups,
2448,Shipped,1450.95,GBP,apple_pay,economy,
2449,Returned,846.95,EUR,paypal,overnight,
2450,Cancelled,141.95,GBP,debit_card,pickup_point,
2451,Delivered,1162.95,USD,bank_transfer,overnight,
2452,Cancelled,1114.99,GBP,klarna,dhl,
2453,Shipped,1328.95,EUR,debit_card,dhl,
2454,Refunded,881.95,GBP,bank_transfer,dhl,
2455,Pending,329.99,EUR,debit_card,ups,
2456,Delivered,897.99,USD,apple_pay,pickup_point,
2457,Cancelled,536.99,GBP,klarna,dhl,
2458,Shipped,1409.99,EUR,klarna,ups,
2459,Pending,263.99,EUR,bank_transfer,overnight,
2460,Cancelled,626.99,USD,apple_pay,ups,
2461,Processing,660.99,USD,paypal,ups,
2462,Processing,746.95,USD,google_pay,overnight,
2463,Shipped,199.95,USD,apple_pay,economy,
2464,Shipped,638.95,GBP,klarna,overnight,
2465,Returned,879.95,GBP,klarna,fedex,
2466,Returned,821.99,GBP,debit_card,pickup_point,
2467,Shipped,1107.99,EUR,bank_transfer,fedex,
2468,Cancelled,309.95,EUR,bank_transfer,overnight,
2469,Shipped,1027.95,USD,apple_pay,overnight,
2470,Shipped,185.95,USD,klarna,overnight,
2471,Shipped,841.95,EUR,bank_transfer,ups,
2472,Refunded,1074.99,EUR,bank_transfer,economy,
2473,Shipped,222.99,USD,paypal,ups,
2474,Refunded,1088.99,EUR,paypal,express,
2475,Returned,1327.95,USD,paypal,economy,
2476,Refunded,389.95,GBP,bank_transfer,pickup_point,
2477,Cancelled,709.99,EUR,google_pay,standard,
2478,Refunded,842.95,EUR,apple_pay,dhl,
2479,Pending,363.95,USD,paypal,overnight,
2480,Delivered,147.99,EUR,paypal,fedex,
2481,Processing,1128.99,GBP,credit_card,fedex,
2482,Processing,441.95,EUR,debit_card,dhl,
2483,Delivered,1055.95,USD,apple_pay,fedex,
2484,Shipped,469.99,USD,klarna,express,
2485,Pending,1353.95,EUR,paypal,economy,
2486,Pending,705.95,USD,klarna,fedex,
2487,Cancelled,316.95,EUR,google_pay,standard,
2488,Pending,331.99,GBP,klarna,dhl,
2489,Shipped,1327.99,EUR,bank_transfer,express,
2490,Processing,361.99,USD,klarna,express,
2491,Returned,367.99,EUR,google_pay,overnight,
2492,Processing,478.95,EUR,google_pay,ups,
2493,Delivered,1273.95,GBP,klarna,pickup_point,
2494,Returned,135.95,USD,credit_card,overnight,
2495,Refunded,1025.99,EUR,google_pay,economy,
2496,Delivered,982.99,GBP,apple_pay,overnight,
2497,Cancelled,1487.95,GBP,credit_card,standard,
2498,Refunded,1390.95,EUR,bank_transfer,ups,
2499,Refunded,550.95,GBP,klarna,overnight,
2500,Delivered,201.99,EUR,debit_card,standard,
2501,Shipped,1307.99,USD,paypal,dhl,
2502,Delivered,1349.99,USD,credit_card,fedex,
2503,Returned,692.99,EUR,debit_card,standard,
2504,Cancelled,277.95,EUR,paypal,overnight,
2505,Refunded,406.99,USD,bank_transfer,express,
2506,Pending,728.95,EUR,credit_card,dhl,
2507,Cancelled,732.95,USD,apple_pay,dhl,
2508,Pending,101.95,USD,paypal,express,
2509,Processing,149.99,EUR,google_pay,fedex,
2510,Processing,190.99,EUR,paypal,pickup_point,Gift wrapping requested
2511,Delivered,774.99,GBP,klarna,overnight,
2512,Shipped,942.95,USD,debit_card,ups,
2513,Shipped,1040.95,EUR,google_pay,economy,
2514,Pending,904.95,GBP,google_pay,economy,
2515,Shipped,1192.99,EUR,bank_transfer,overnight,
2516,Delivered,711.99,EUR,paypal,economy,
2517,Cancelled,144.99,USD,bank_transfer,pickup_point,
2518,Returned,532.95,USD,paypal,pickup_point,
2519,Shipped,983.95,USD,bank_transfer,fedex,
2520,Cancelled,1493.95,EUR,paypal,express,
2521,Pending,918.95,EUR,klarna,pickup_point,
2522,Processing,478.99,EUR,apple_pay,express,
2523,Pending,430.95,USD,credit_card,pickup_point,
2524,Refunded,300.99,GBP,paypal,economy,
2525,Cancelled,234.95,USD,klarna,overnight,
2526,Pending,691.95,EUR,bank_transfer,ups,
2527,Refunded,103.95,GBP,klarna,standard,
2528,Pending,1351.95,GBP,debit_card,express,
2529,Shipped,828.95,USD,debit_card,overnight,
2530,Delivered,802.99,EUR,paypal,economy,
2531,Cancelled,1455.99,GBP,credit_card,pickup_point,
2532,Shipped,692.95,EUR,google_pay,dhl,
2533,Processing,414.99,GBP,klarna,ups,
2534,Cancelled,649.95,EUR,debit_card,economy,
2535,Pending,241.99,USD,google_pay,overnight,
2536,Shipped,288.99,GBP,debit_card,overnight,
2537,Cancelled,1083.99,GBP,bank_transfer,fedex,
2538,Processing,589.99,GBP,debit_card,standard,
2539,Refunded,1301.99,EUR,klarna,pickup_point,
2540,Cancelled,1477.95,EUR,paypal,ups,
2541,Pending,278.99,USD,apple_pay,economy,
2542,Delivered,250.99,USD,google_pay,express,
2543,Processing,534.95,EUR,debit_card,ups,
2544,Delivered,517.95,GBP,credit_card,overnight,
2545,Cancelled,285.95,EUR,bank_transfer,economy,
2546,Delivered,1270.95,GBP,paypal,ups,
2547,Shipped,215.99,USD,paypal,fedex,
2548,Refunded,1494.99,EUR,apple_pay,fedex,
2549,Processing,893.99,USD,klarna,fedex,
2550,Cancelled,569.99,USD,klarna,standard,
2551,Pending,1025.99,EUR,credit_card,economy,
2552,Pending,916.99,USD,debit_card,pickup_point,
2553,Returned,128.99,USD,credit_card,pickup_point,
2554,Returned,73.99,GBP,apple_pay,fedex,
2555,Refunded,33.99,GBP,klarna,pickup_point,
2556,Shipped,172.99,EUR,apple_pay,standard,
2557,Pending,857.95,GBP,google_pay,fedex,
2558,Shipped,1428.99,USD,debit_card,fedex,Gift wrapping requested
2559,Delivered,245.95,EUR,apple_pay,ups,
2560,Delivered,1338.95,GBP,klarna,pickup_point,
2561,Returned,1068.95,GBP,klarna,dhl,
2562,Delivered,877.99,GBP,google_pay,dhl,
2563,Delivered,527.95,EUR,bank_transfer,fedex,
2564,Pending,251.95,USD,bank_transfer,express,
2565,Cancelled,577.99,GBP,google_pay,ups,
2566,Delivered,1172.99,EUR,google_pay,express,
2567,Processing,714.95,EUR,credit_card,express,
2568,Returned,755.95,USD,credit_card,standard,
2569,Refunded,611.99,USD,paypal,ups,
2570,Refunded,114.99,EUR,bank_transfer,overnight,
2571,Refunded,668.95,GBP,bank_transfer,standard,
2572,Pending,1070.99,USD,apple_pay,standard,
2573,Returned,885.99,USD,google_pay,express,
2574,Refunded,1215.95,EUR,debit_card,overnight,
2575,Pending,441.99,GBP,debit_card,ups,
2576,Returned,475.99,EUR,bank_transfer,economy,
2577,Returned,516.99,GBP,google_pay,overnight,
2578,Returned,80.95,EUR,credit_card,fedex,
2579,Returned,613.95,USD,google_pay,ups,
2580,Cancelled,786.99,USD,klarna,ups,
2581,Refunded,1196.99,GBP,bank_transfer,dhl,
2582,Delivered,148.95,GBP,credit_card,dhl,
2583,Refunded,1082.95,EUR,paypal,overnight,
2584,Delivered,289.95,EUR,paypal,ups,
2585,Refunded,1368.95,USD,apple_pay,economy,
2586,Processing,1059.95,GBP,debit_card,dhl,
2587,Delivered,501.95,GBP,paypal,overnight,
2588,Delivered,1305.95,GBP,klarna,pickup_point,
2589,Refunded,864.99,EUR,klarna,dhl,
2590,Refunded,1111.99,GBP,apple_pay,overnight,
2591,Cancelled,1414.95,EUR,paypal,standard,
2592,Pending,1218.95,GBP,paypal,ups,
2593,Refunded,869.99,EUR,bank_transfer,economy,
2594,Cancelled,366.99,EUR,google_pay,economy,
2595,Cancelled,1377.95,GBP,bank_transfer,dhl,
2596,Refunded,867.95,GBP,credit_card,dhl,
2597,Shipped,607.99,GBP,google_pay,pickup_point,
2598,Returned,1022.95,EUR,klarna,express,
2599,Pending,1086.95,GBP,apple_pay,fedex,
2600,Shipped,620.95,EUR,paypal,dhl,
2601,Shipped,1014.95,GBP,google_pay,overnight,Combine with other items if available
2602,Delivered,890.99,GBP,klarna,fedex,
2603,Refunded,658.99,EUR,bank_transfer,economy,
2604,Pending,1493.95,GBP,credit_card,overnight,
2605,Shipped,1304.95,GBP,apple_pay,economy,Fragile - handle with care
2606,Cancelled,938.95,GBP,paypal,overnight,
2607,Cancelled,1317.95,EUR,paypal,fedex,
2608,Pending,965.99,EUR,klarna,dhl,
2609,Shipped,203.99,USD,bank_transfer,economy,
2610,Delivered,375.99,GBP,apple_pay,pickup_point,
2611,Refunded,722.99,EUR,paypal,ups,
2612,Processing,1054.95,GBP,apple_pay,economy,
2613,Refunded,1229.95,EUR,bank_transfer,economy,
2614,Processing,940.95,EUR,debit_card,ups,
2615,Processing,1365.99,GBP,bank_transfer,express,
2616,Cancelled,1188.95,GBP,paypal,ups,
2617,Pending,659.95,GBP,apple_pay,economy,
2618,Refunded,1045.95,USD,debit_card,dhl,
2619,Returned,1234.99,USD,bank_transfer,express,
2620,Delivered,224.95,USD,klarna,standard,Residential address
2621,Delivered,924.99,USD,bank_transfer,standard,
2622,Delivered,550.95,GBP,debit_card,ups,
2623,Cancelled,221.95,EUR,debit_card,fedex,
2624,Pending,1348.95,EUR,google_pay,pickup_point,
2625,Returned,1224.95,GBP,debit_card,fedex,
2626,Processing,850.95,GBP,credit_card,standard,
2627,Returned,853.99,EUR,paypal,pickup_point,
2628,Processing,1260.95,EUR,debit_card,fedex,
2629,Pending,579.99,GBP,klarna,pickup_point,
2630,Refunded,74.95,USD,credit_card,overnight,
2631,Delivered,1065.99,GBP,google_pay,ups,
2632,Processing,223.99,GBP,klarna,economy,
2633,Shipped,906.95,GBP,google_pay,economy,
2634,Shipped,1183.95,EUR,credit_card,express,Residential address
2635,Returned,492.99,EUR,debit_card,dhl,
2636,Pending,1255.99,GBP,debit_card,standard,
2637,Returned,1174.99,EUR,klarna,pickup_point,
2638,Pending,1046.95,EUR,paypal,standard,
2639,Processing,101.95,GBP,debit_card,economy,
2640,Returned,1497.95,USD,debit_card,express,
2641,Refunded,788.95,USD,klarna,fedex,
2642,Refunded,398.99,GBP,google_pay,dhl,
2643,Pending,537.95,EUR,paypal,overnight,Gift wrapping requested
2644,Delivered,36.95,EUR,credit_card,pickup_point,
2645,Cancelled,1270.99,GBP,apple_pay,overnight,
2646,Delivered,51.99,GBP,apple_pay,ups,
2647,Shipped,348.99,EUR,google_pay,express,
2648,Cancelled,686.95,GBP,google_pay,express,
2649,Processing,310.99,GBP,bank_transfer,express,
2650,Delivered,383.95,GBP,credit_card,express,
2651,Returned,391.99,GBP,debit_card,dhl,
2652,Cancelled,467.95,GBP,debit_card,standard,
2653,Processing,1372.95,USD,debit_card,ups,
2654,Processing,675.99,EUR,debit_card,overnight,
2655,Refunded,686.95,EUR,apple_pay,express,
2656,Refunded,526.95,EUR,debit_card,pickup_point,
2657,Refunded,389.95,EUR,credit_card,overnight,
2658,Processing,1342.95,GBP,paypal,express,
2659,Shipped,255.95,GBP,google_pay,standard,
2660,Delivered,388.99,GBP,apple_pay,economy,
2661,Cancelled,154.95,GBP,bank_transfer,economy,
2662,Refunded,674.95,GBP,bank_transfer,express,
2663,Pending,225.99,GBP,bank_transfer,express,
2664,Cancelled,540.99,EUR,google_pay,express,
2665,Cancelled,1149.95,USD,credit_card,economy,
2666,Shipped,87.99,USD,klarna,dhl,
2667,Delivered,1301.99,EUR,paypal,pickup_point,
2668,Refunded,238.95,EUR,bank_transfer,express,
2669,Refunded,202.95,USD,paypal,fedex,
2670,Cancelled,307.95,USD,bank_transfer,pickup_point,
2671,Cancelled,967.99,USD,apple_pay,fedex,
2672,Processing,206.99,USD,apple_pay,overnight,
2673,Processing,1348.95,USD,klarna,fedex,
2674,Shipped,231.99,USD,credit_card,pickup_point,
2675,Returned,103.99,USD,klarna,overnight,
2676,Pending,487.99,EUR,google_pay,overnight,
2677,Returned,1365.95,EUR,apple_pay,dhl,
2678,Processing,195.95,USD,credit_card,pickup_point,
2679,Pending,216.99,USD,debit_card,dhl,Combine with other items if available
2680,Processing,375.99,EUR,google_pay,dhl,
2681,Delivered,1363.99,EUR,klarna,pickup_point,
2682,Shipped,762.95,EUR,bank_transfer,ups,
2683,Refunded,198.99,GBP,klarna,ups,
2684,Shipped,1430.95,USD,apple_pay,express,
2685,Returned,1481.99,GBP,paypal,ups,
2686,Refunded,870.95,EUR,credit_card,dhl,
2687,Refunded,462.99,EUR,debit_card,dhl,
2688,Processing,812.95,USD,bank_transfer,express,
2689,Delivered,866.99,USD,paypal,ups,
2690,Cancelled,1186.99,GBP,bank_transfer,overnight,
2691,Processing,1141.99,GBP,apple_pay,overnight,
2692,Refunded,752.99,EUR,debit_card,overnight,
2693,Refunded,1197.99,USD,bank_transfer,overnight,
2694,Refunded,901.99,GBP,bank_transfer,fedex,
2695,Shipped,209.99,USD,apple_pay,standard,
2696,Cancelled,1004.99,GBP,debit_card,fedex,
2697,Cancelled,489.95,GBP,debit_card,fedex,
2698,Delivered,25.99,GBP,credit_card,ups,
2699,Processing,409.99,USD,google_pay,express,
2700,Processing,156.99,USD,bank_transfer,ups,
2701,Shipped,1320.95,GBP,debit_card,express,
2702,Pending,11.95,USD,debit_card,dhl,
2703,Shipped,50.99,USD,klarna,standard,
2704,Processing,55.95,EUR,debit_card,dhl,Gift wrapping requested
2705,Processing,1024.99,USD,paypal,fedex,
2706,Returned,1425.99,USD,paypal,pickup_point,
2707,Pending,867.95,EUR,credit_card,economy,
2708,Returned,1257.95,USD,google_pay,ups,
2709,Returned,992.99,USD,klarna,express,
2710,Pending,1019.95,EUR,credit_card,economy,
2711,Returned,1413.95,USD,debit_card,fedex,Deliver to back entrance
2712,Cancelled,831.95,USD,google_pay,overnight,
2713,Delivered,1431.99,GBP,credit_card,overnight,
2714,Shipped,1197.95,GBP,credit_card,express,
2715,Shipped,74.95,USD,credit_card,dhl,
2716,Pending,398.95,EUR,google_pay,fedex,
2717,Cancelled,395.95,GBP,credit_card,overnight,
2718,Pending,612.99,EUR,credit_card,pickup_point,
2719,Refunded,31.95,GBP,google_pay,economy,
2720,Pending,447.99,EUR,paypal,pickup_point,
2721,Shipped,217.99,EUR,bank_transfer,ups,
2722,Refunded,361.99,EUR,bank_transfer,overnight,
2723,Refunded,558.99,EUR,debit_card,overnight,
2724,Processing,1023.95,USD,paypal,ups,
2725,Shipped,971.99,USD,google_pay,fedex,
2726,Shipped,119.99,GBP,credit_card,overnight,
2727,Cancelled,1161.99,USD,paypal,pickup_point,
2728,Shipped,804.95,GBP,google_pay,standard,
2729,Processing,1396.99,USD,klarna,fedex,
2730,Refunded,128.95,EUR,credit_card,fedex,
2731,Delivered,1147.95,GBP,paypal,standard,
2732,Refunded,1374.95,GBP,paypal,standard,
2733,Refunded,216.99,USD,debit_card,pickup_point,
2734,Shipped,1412.95,GBP,google_pay,fedex,
2735,Delivered,1106.99,USD,google_pay,overnight,
2736,Cancelled,1352.99,EUR,apple_pay,express,
2737,Returned,1143.95,GBP,paypal,economy,
2738,Pending,1130.99,USD,paypal,standard,
2739,Shipped,1318.95,EUR,bank_transfer,dhl,
2740,Returned,386.95,USD,debit_card,dhl,
2741,Cancelled,663.99,GBP,debit_card,pickup_point,
2742,Returned,284.99,USD,credit_card,express,Do not leave in direct sunlight
2743,Pending,912.99,EUR,bank_transfer,fedex,Please pack carefully
2744,Pending,1474.95,GBP,debit_card,express,
2745,Returned,1336.99,EUR,bank_transfer,economy,
2746,Pending,261.95,USD,google_pay,dhl,
2747,Processing,1227.95,EUR,google_pay,standard,Business address
2748,Processing,1362.99,GBP,debit_card,dhl,
2749,Delivered,1316.95,EUR,klarna,standard,
2750,Pending,86.95,USD,credit_card,pickup_point,
2751,Shipped,909.99,EUR,google_pay,pickup_point,
2752,Processing,1262.99,GBP,apple_pay,standard,
2753,Processing,367.99,GBP,paypal,fedex,
2754,Shipped,1083.95,EUR,apple_pay,economy,
2755,Pending,1431.95,USD,paypal,pickup_point,
2756,Pending,586.99,EUR,paypal,ups,
2757,Delivered,431.99,USD,paypal,economy,
2758,Pending,617.95,USD,credit_card,overnight,
2759,Shipped,369.95,USD,bank_transfer,dhl,
2760,Shipped,1385.99,EUR,bank_transfer,economy,
2761,Returned,207.99,USD,credit_card,overnight,
2762,Returned,875.95,EUR,debit_card,ups,Signature required
2763,Processing,129.95,GBP,klarna,fedex,
2764,Delivered,385.99,USD,paypal,economy,
2765,Cancelled,577.99,USD,bank_transfer,economy,
2766,Returned,1123.99,USD,credit_card,overnight,
2767,Returned,843.99,GBP,klarna,overnight,
2768,Delivered,46.99,EUR,apple_pay,dhl,
2769,Delivered,708.95,EUR,google_pay,express,
2770,Refunded,1249.99,USD,paypal,economy,
2771,Delivered,555.99,EUR,klarna,standard,
2772,Cancelled,228.99,EUR,credit_card,dhl,
2773,Shipped,855.95,USD,credit_card,express,
2774,Refunded,1015.99,GBP,bank_transfer,ups,
2775,Returned,1407.95,USD,apple_pay,pickup_point,
2776,Returned,757.99,USD,credit_card,standard,
2777,Cancelled,83.99,USD,debit_card,pickup_point,
2778,Refunded,887.99,USD,klarna,express,Leave with neighbor if not home
2779,Pending,501.99,EUR,debit_card,pickup_point,
2780,Pending,619.99,GBP,apple_pay,overnight,
2781,Returned,1234.99,GBP,apple_pay,ups,Fragile - handle with care
2782,Refunded,1297.99,EUR,paypal,dhl,
2783,Delivered,1387.99,EUR,bank_transfer,standard,
2784,Shipped,359.99,GBP,google_pay,fedex,
2785,Cancelled,907.99,GBP,google_pay,economy,
2786,Returned,441.99,USD,credit_card,standard,
2787,Cancelled,279.99,GBP,paypal,pickup_point,
2788,Returned,1346.99,USD,klarna,fedex,
2789,Refunded,664.95,GBP,bank_transfer,dhl,
2790,Returned,1284.99,GBP,apple_pay,dhl,
2791,Refunded,997.99,USD,debit_card,economy,
2792,Shipped,617.95,EUR,google_pay,overnight,
2793,Pending,554.99,GBP,google_pay,overnight,
2794,Cancelled,321.95,USD,bank_transfer,standard,
2795,Pending,600.95,GBP,debit_card,fedex,
2796,Cancelled,40.95,GBP,credit_card,fedex,
2797,Shipped,1382.95,USD,credit_card,overnight,
2798,Returned,360.99,EUR,paypal,overnight,
2799,Shipped,932.99,GBP,google_pay,dhl,Do not leave in direct sunlight
2800,Cancelled,1328.99,GBP,apple_pay,dhl,
2801,Delivered,961.95,GBP,paypal,standard,
2802,Cancelled,712.99,USD,apple_pay,dhl,
2803,Cancelled,1154.99,USD,bank_transfer,economy,
2804,Returned,1332.99,GBP,paypal,express,
2805,Shipped,451.95,GBP,google_pay,standard,
2806,Delivered,215.99,GBP,paypal,fedex,
2807,Processing,838.95,GBP,paypal,pickup_point,
2808,Processing,1496.95,USD,google_pay,express,
2809,Refunded,699.95,EUR,debit_card,economy,
2810,Refunded,1046.95,USD,credit_card,fedex,
2811,Pending,1031.99,USD,paypal,fedex,
2812,Refunded,1112.99,GBP,klarna,pickup_point,
2813,Cancelled,539.99,EUR,debit_card,express,
2814,Delivered,1381.95,GBP,bank_transfer,overnight,
2815,Refunded,431.95,GBP,paypal,express,
2816,Returned,309.99,USD,google_pay,economy,
2817,Returned,1374.99,GBP,paypal,fedex,Combine with other items if available
2818,Cancelled,362.95,USD,klarna,ups,
2819,Cancelled,524.95,GBP,paypal,pickup_point,
2820,Cancelled,595.95,USD,google_pay,standard,
2821,Refunded,1050.99,EUR,credit_card,ups,Signature required
2822,Pending,1430.99,USD,apple_pay,standard,
2823,Shipped,1196.99,GBP,apple_pay,overnight,
2824,Processing,450.99,GBP,paypal,ups,
2825,Refunded,937.99,GBP,bank_transfer,economy,
2826,Refunded,665.99,EUR,klarna,fedex,
2827,Shipped,1160.95,EUR,klarna,overnight,
2828,Delivered,1355.99,GBP,klarna,fedex,
2829,Cancelled,1210.99,USD,bank_transfer,overnight,
2830,Refunded,772.99,EUR,credit_card,express,
2831,Pending,1218.95,EUR,klarna,dhl,
2832,Refunded,84.95,GBP,apple_pay,dhl,
2833,Shipped,23.99,USD,apple_pay,ups,
2834,Pending,723.95,EUR,debit_card,ups,
2835,Returned,1403.95,USD,apple_pay,dhl,
2836,Processing,1258.95,EUR,debit_card,fedex,
2837,Pending,1337.95,USD,debit_card,dhl,
2838,Pending,1426.95,EUR,credit_card,ups,
2839,Pending,430.95,USD,debit_card,pickup_point,
2840,Shipped,1159.99,GBP,apple_pay,express,
2841,Returned,1436.95,USD,apple_pay,express,
2842,Shipped,524.95,EUR,google_pay,pickup_point,
2843,Refunded,1222.95,USD,klarna,dhl,
2844,Returned,252.99,GBP,bank_transfer,fedex,
2845,Delivered,1419.95,USD,paypal,standard,
2846,Shipped,859.99,USD,bank_transfer,overnight,
2847,Pending,755.95,GBP,debit_card,fedex,
2848,Cancelled,894.99,EUR,apple_pay,economy,
2849,Cancelled,325.95,GBP,google_pay,dhl,
2850,Refunded,1298.95,USD,credit_card,fedex,
2851,Cancelled,1271.95,USD,paypal,fedex,
2852,Delivered,694.95,EUR,klarna,dhl,
2853,Processing,630.99,GBP,apple_pay,standard,
2854,Refunded,296.95,USD,bank_transfer,overnight,
2855,Returned,1209.95,USD,bank_transfer,fedex,
2856,Refunded,446.99,GBP,klarna,standard,
2857,Refunded,1491.95,USD,paypal,standard,
2858,Processing,285.95,USD,google_pay,fedex,
2859,Cancelled,1052.95,USD,google_pay,overnight,
2860,Pending,397.95,GBP,debit_card,overnight,
2861,Refunded,1486.99,GBP,credit_card,express,
2862,Cancelled,207.99,USD,bank_transfer,fedex,ASAP delivery needed
2863,Shipped,1165.99,EUR,google_pay,dhl,
2864,Shipped,1072.95,EUR,credit_card,overnight,
2865,Shipped,796.99,EUR,debit_card,express,
2866,Pending,217.95,USD,credit_card,pickup_point,
2867,Pending,570.99,EUR,paypal,express,
2868,Shipped,1105.99,EUR,credit_card,dhl,
2869,Returned,416.99,GBP,paypal,dhl,
2870,Shipped,1172.95,GBP,debit_card,fedex,
2871,Delivered,747.95,EUR,google_pay,economy,
2872,Delivered,581.95,USD,credit_card,pickup_point,
2873,Delivered,1263.99,GBP,bank_transfer,economy,
2874,Delivered,336.99,USD,credit_card,economy,Gift wrapping requested
2875,Returned,1121.95,GBP,apple_pay,standard,
2876,Cancelled,642.99,USD,debit_card,dhl,
2877,Shipped,1271.95,EUR,klarna,fedex,
2878,Refunded,665.99,GBP,klarna,dhl,
2879,Delivered,1485.99,GBP,paypal,overnight,
2880,Shipped,751.99,EUR,apple_pay,pickup_point,
2881,Returned,1162.95,EUR,paypal,ups,
2882,Delivered,451.99,USD,bank_transfer,dhl,
2883,Pending,164.95,USD,credit_card,fedex,
2884,Delivered,1225.99,EUR,debit_card,overnight,
2885,Processing,1340.95,USD,klarna,express,
2886,Returned,473.95,USD,credit_card,ups,
2887,Refunded,455.99,EUR,debit_card,fedex,
2888,Refunded,453.99,EUR,google_pay,standard,
2889,Cancelled,528.99,GBP,apple_pay,fedex,
2890,Cancelled,567.95,GBP,paypal,ups,
2891,Returned,548.99,USD,google_pay,economy,
2892,Refunded,1461.95,GBP,klarna,ups,
2893,Shipped,1405.95,EUR,google_pay,overnight,
2894,Refunded,431.99,GBP,debit_card,standard,
2895,Processing,1353.95,GBP,credit_card,economy,
2896,Refunded,945.95,GBP,apple_pay,dhl,
2897,Delivered,581.99,USD,google_pay,dhl,
2898,Processing,141.99,EUR,credit_card,economy,
2899,Processing,376.99,USD,bank_transfer,dhl,Leave with neighbor if not home
2900,Cancelled,743.95,GBP,debit_card,economy,
2901,Shipped,629.99,GBP,bank_transfer,pickup_point,
2902,Returned,632.99,EUR,apple_pay,express,
2903,Processing,1323.95,EUR,paypal,pickup_point,
2904,Processing,869.99,USD,paypal,ups,
2905,Returned,258.99,USD,google_pay,ups,
2906,Shipped,1291.95,GBP,paypal,economy,
2907,Processing,1310.95,EUR,apple_pay,express,
2908,Cancelled,1274.99,USD,credit_card,fedex,
2909,Delivered,523.95,EUR,apple_pay,express,
2910,Delivered,1421.95,EUR,bank_transfer,dhl,
2911,Returned,970.95,USD,apple_pay,ups,
2912,Processing,1221.95,USD,bank_transfer,ups,
2913,Delivered,397.95,EUR,credit_card,economy,
2914,Pending,897.99,GBP,debit_card,ups,
2915,Pending,173.95,USD,google_pay,overnight,
2916,Delivered,581.95,GBP,google_pay,fedex,
2917,Refunded,751.95,EUR,paypal,express,
2918,Returned,340.99,EUR,klarna,fedex,
2919,Returned,323.95,USD,apple_pay,overnight,
2920,Cancelled,1189.95,GBP,debit_card,standard,
2921,Refunded,880.95,EUR,credit_card,fedex,
2922,Refunded,323.99,GBP,bank_transfer,dhl,
2923,Cancelled,365.95,GBP,bank_transfer,economy,
2924,Delivered,255.99,GBP,credit_card,pickup_point,
2925,Processing,970.99,USD,credit_card,express,
2926,Delivered,968.95,USD,credit_card,dhl,
2927,Processing,332.95,GBP,paypal,standard,
2928,Shipped,362.99,GBP,paypal,overnight,
2929,Shipped,403.95,GBP,klarna,overnight,
2930,Refunded,1336.99,USD,bank_transfer,standard,
2931,Shipped,1194.99,USD,paypal,fedex,
2932,Returned,1150.99,USD,paypal,express,
2933,Shipped,428.99,GBP,klarna,economy,
2934,Refunded,1092.99,GBP,google_pay,overnight,
2935,Processing,1186.95,EUR,credit_card,pickup_point,
2936,Returned,737.95,USD,paypal,express,
2937,Refunded,823.95,USD,credit_card,express,
2938,Returned,1037.95,USD,bank_transfer,dhl,
2939,Cancelled,1179.95,EUR,credit_card,standard,
2940,Pending,1484.99,GBP,klarna,express,
2941,Pending,173.95,GBP,bank_transfer,ups,
2942,Pending,707.99,GBP,bank_transfer,pickup_point,
2943,Delivered,345.99,GBP,paypal,dhl,
2944,Shipped,1347.95,GBP,paypal,ups,Gift wrapping requested
2945,Cancelled,925.99,USD,debit_card,ups,
2946,Cancelled,1411.99,USD,bank_transfer,fedex,
2947,Cancelled,956.95,GBP,credit_card,dhl,
2948,Delivered,756.95,USD,apple_pay,standard,
2949,Refunded,1212.99,USD,klarna,dhl,
2950,Processing,807.95,USD,klarna,economy,
2951,Shipped,316.95,EUR,apple_pay,fedex,
2952,Pending,213.95,USD,debit_card,pickup_point,
2953,Shipped,1125.95,EUR,debit_card,ups,
2954,Delivered,1498.95,EUR,debit_card,standard,
2955,Shipped,1195.95,USD,klarna,pickup_point,
2956,Returned,852.99,USD,apple_pay,ups,
2957,Returned,917.99,USD,bank_transfer,ups,
2958,Shipped,1091.95,GBP,google_pay,ups,
2959,Returned,1183.99,EUR,bank_transfer,dhl,
2960,Delivered,1202.99,GBP,google_pay,economy,
2961,Pending,1356.95,USD,paypal,dhl,
2962,Processing,554.95,GBP,credit_card,pickup_point,
2963,Delivered,615.95,GBP,credit_card,express,
2964,Cancelled,545.95,EUR,apple_pay,economy,
2965,Delivered,714.99,GBP,apple_pay,dhl,
2966,Refunded,538.99,EUR,credit_card,overnight,
2967,Pending,93.99,GBP,apple_pay,economy,
2968,Delivered,1314.99,GBP,paypal,pickup_point,
2969,Processing,754.95,GBP,paypal,overnight,Gift wrapping requested
2970,Cancelled,888.95,EUR,debit_card,economy,
2971,Pending,288.95,USD,bank_transfer,economy,Gift wrapping requested
2972,Cancelled,431.95,GBP,paypal,fedex,
2973,Returned,1122.95,USD,google_pay,express,
2974,Refunded,1256.99,EUR,credit_card,dhl,
2975,Shipped,1323.95,GBP,paypal,fedex,
2976,Cancelled,1314.95,USD,credit_card,dhl,
2977,Returned,1220.95,GBP,google_pay,economy,
2978,Delivered,796.99,USD,bank_transfer,economy,
2979,Refunded,866.99,USD,debit_card,pickup_point,
2980,Refunded,1132.95,GBP,credit_card,standard,
2981,Cancelled,1392.99,GBP,apple_pay,overnight,
2982,Returned,32.95,EUR,credit_card,overnight,
2983,Cancelled,687.95,USD,klarna,ups,
2984,Shipped,937.95,GBP,apple_pay,fedex,
2985,Processing,1232.95,USD,bank_transfer,economy,
2986,Processing,740.95,GBP,bank_transfer,economy,
2987,Cancelled,125.95,EUR,paypal,express,
2988,Shipped,321.95,GBP,bank_transfer,dhl,
2989,Returned,1372.95,EUR,paypal,dhl,
2990,Processing,230.99,GBP,apple_pay,pickup_point,
2991,Cancelled,797.99,USD,debit_card,pickup_point,
2992,Refunded,337.95,USD,apple_pay,dhl,
2993,Processing,1183.99,USD,apple_pay,fedex,
2994,Cancelled,20.99,GBP,paypal,express,
2995,Pending,1279.99,USD,apple_pay,fedex,
2996,Delivered,1441.95,USD,google_pay,pickup_point,
2997,Refunded,268.99,GBP,klarna,ups,
2998,Cancelled,1032.99,GBP,paypal,dhl,
2999,Delivered,870.99,EUR,bank_transfer,overnight,
3000,Pending,338.99,GBP,debit_card,standard,
3001,Cancelled,937.95,USD,bank_transfer,pickup_point,Please leave at front door
3002,Delivered,1091.95,EUR,google_pay,ups,
3003,Returned,1171.99,GBP,credit_card,express,
3004,Refunded,17.95,USD,paypal,pickup_point,
3005,Returned,1138.95,USD,credit_card,ups,
3006,Delivered,182.99,USD,paypal,economy,
3007,Processing,1472.95,USD,google_pay,standard,
3008,Pending,42.99,EUR,google_pay,ups,
3009,Shipped,1105.95,EUR,google_pay,ups,
3010,Shipped,297.99,EUR,klarna,fedex,
3011,Delivered,1029.95,USD,bank_transfer,pickup_point,
3012,Returned,1417.99,USD,debit_card,fedex,
3013,Processing,789.99,EUR,debit_card,express,
3014,Cancelled,633.99,USD,google_pay,dhl,
3015,Delivered,630.99,EUR,debit_card,standard,Business address
3016,Cancelled,294.99,USD,credit_card,express,Combine with other items if available
3017,Delivered,486.95,USD,bank_transfer,dhl,
3018,Refunded,905.95,GBP,paypal,dhl,
3019,Refunded,1494.95,USD,credit_card,overnight,
3020,Shipped,416.95,GBP,google_pay,dhl,
3021,Refunded,230.99,USD,bank_transfer,ups,
3022,Returned,1083.95,EUR,debit_card,dhl,
3023,Refunded,1278.95,GBP,paypal,dhl,
3024,Refunded,503.99,USD,debit_card,express,
3025,Returned,907.99,USD,bank_transfer,economy,
3026,Pending,1374.99,GBP,bank_transfer,pickup_point,
3027,Returned,1056.99,GBP,klarna,fedex,
3028,Refunded,1272.99,USD,bank_transfer,economy,
3029,Returned,998.95,GBP,klarna,economy,
3030,Pending,406.95,EUR,google_pay,economy,
3031,Delivered,1134.99,GBP,bank_transfer,standard,
3032,Returned,545.95,GBP,credit_card,standard,
3033,Processing,1272.95,USD,debit_card,standard,
3034,Refunded,381.99,EUR,apple_pay,dhl,
3035,Pending,740.95,GBP,credit_card,fedex,
3036,Returned,875.99,USD,paypal,overnight,
3037,Refunded,1101.99,EUR,bank_transfer,ups,
3038,Shipped,1445.95,EUR,bank_transfer,ups,
3039,Delivered,222.95,GBP,bank_transfer,dhl,
3040,Processing,932.95,GBP,bank_transfer,pickup_point,
3041,Delivered,1025.99,USD,debit_card,ups,
3042,Delivered,360.95,GBP,apple_pay,pickup_point,
3043,Shipped,817.99,EUR,bank_transfer,fedex,
3044,Delivered,945.99,GBP,google_pay,economy,
3045,Pending,1165.99,GBP,google_pay,standard,
3046,Delivered,573.95,EUR,paypal,dhl,
3047,Shipped,1061.99,GBP,klarna,standard,
3048,Shipped,113.95,EUR,debit_card,ups,
3049,Refunded,152.95,EUR,apple_pay,dhl,
3050,Processing,432.95,GBP,credit_card,express,
3051,Shipped,1368.99,EUR,paypal,ups,
3052,Returned,1016.99,GBP,credit_card,overnight,
3053,Delivered,921.99,USD,google_pay,express,
3054,Delivered,1257.95,USD,paypal,overnight,
3055,Pending,423.95,USD,paypal,economy,
3056,Shipped,680.99,GBP,google_pay,pickup_point,
3057,Returned,155.99,GBP,debit_card,fedex,
3058,Shipped,1351.99,GBP,credit_card,ups,
3059,Delivered,944.99,GBP,paypal,standard,
3060,Delivered,1242.99,EUR,credit_card,dhl,
3061,Cancelled,34.99,GBP,bank_transfer,economy,
3062,Shipped,535.95,EUR,debit_card,fedex,
3063,Pending,1288.95,USD,paypal,dhl,
3064,Shipped,1344.99,EUR,google_pay,economy,
3065,Shipped,789.99,USD,bank_transfer,standard,
3066,Refunded,214.99,EUR,bank_transfer,pickup_point,
3067,Processing,847.99,GBP,apple_pay,ups,
3068,Processing,270.99,EUR,apple_pay,economy,
3069,Cancelled,894.95,EUR,klarna,express,
3070,Pending,597.99,EUR,klarna,dhl,
3071,Returned,850.95,USD,debit_card,express,
3072,Shipped,874.95,GBP,debit_card,pickup_point,
3073,Pending,890.95,GBP,credit_card,pickup_point,
3074,Returned,635.95,EUR,credit_card,express,
3075,Delivered,93.95,GBP,debit_card,dhl,Signature required
3076,Refunded,1303.95,EUR,debit_card,standard,
3077,Processing,850.99,GBP,credit_card,standard,
3078,Processing,1497.99,GBP,credit_card,standard,
3079,Processing,227.99,USD,credit_card,express,
3080,Pending,148.99,GBP,paypal,overnight,
3081,Processing,1248.95,USD,debit_card,ups,
3082,Refunded,275.99,USD,debit_card,overnight,
3083,Refunded,272.99,GBP,paypal,overnight,Gift wrapping requested
3084,Cancelled,1143.99,GBP,credit_card,economy,
3085,Cancelled,846.99,GBP,klarna,fedex,
3086,Returned,307.99,GBP,paypal,express,
3087,Cancelled,294.95,GBP,credit_card,standard,
3088,Delivered,218.95,EUR,google_pay,ups,
3089,Returned,509.99,GBP,paypal,overnight,
3090,Refunded,1245.99,EUR,google_pay,fedex,
3091,Cancelled,106.95,EUR,credit_card,dhl,
3092,Processing,1484.99,GBP,bank_transfer,pickup_point,
3093,Refunded,416.99,USD,google_pay,fedex,
3094,Cancelled,637.99,EUR,debit_card,express,
3095,Cancelled,175.95,USD,credit_card,economy,
3096,Returned,1131.95,GBP,google_pay,express,
3097,Shipped,395.99,GBP,google_pay,dhl,
3098,Cancelled,1298.99,USD,google_pay,dhl,
3099,Cancelled,1422.95,USD,bank_transfer,economy,
3100,Cancelled,790.95,GBP,klarna,fedex,
3101,Processing,24.95,EUR,apple_pay,dhl,
3102,Shipped,1264.95,USD,paypal,fedex,
3103,Pending,769.95,EUR,credit_card,fedex,
3104,Shipped,141.95,EUR,apple_pay,pickup_point,
3105,Returned,1434.95,GBP,bank_transfer,pickup_point,
3106,Cancelled,1109.99,EUR,debit_card,fedex,
3107,Pending,433.95,GBP,debit_card,standard,
3108,Pending,333.95,USD,klarna,pickup_point,
3109,Refunded,722.99,USD,klarna,ups,
3110,Shipped,628.95,GBP,debit_card,fedex,
3111,Returned,777.99,GBP,apple_pay,standard,
3112,Pending,466.99,EUR,paypal,ups,
3113,Returned,790.99,GBP,debit_card,express,Combine with other items if available
3114,Delivered,1080.99,EUR,klarna,express,
3115,Returned,945.95,EUR,apple_pay,pickup_point,
3116,Cancelled,1273.95,USD,bank_transfer,standard,
3117,Cancelled,697.95,USD,bank_transfer,fedex,
3118,Refunded,431.99,USD,credit_card,overnight,
3119,Refunded,10.99,GBP,paypal,pickup_point,
3120,Processing,1369.99,EUR,apple_pay,dhl,
3121,Refunded,1174.95,EUR,google_pay,overnight,
3122,Shipped,900.95,EUR,debit_card,pickup_point,
3123,Processing,605.95,USD,paypal,standard,
3124,Refunded,1324.95,EUR,bank_transfer,pickup_point,
3125,Processing,78.95,EUR,apple_pay,express,
3126,Cancelled,106.95,EUR,google_pay,pickup_point,
3127,Pending,1390.95,GBP,klarna,fedex,
3128,Refunded,886.95,GBP,debit_card,economy,
3129,Cancelled,766.99,GBP,klarna,standard,
3130,Cancelled,862.95,EUR,google_pay,pickup_point,
3131,Shipped,1177.99,GBP,credit_card,standard,
3132,Cancelled,908.99,GBP,credit_card,pickup_point,
3133,Refunded,1262.95,USD,credit_card,ups,
3134,Pending,1275.99,EUR,credit_card,standard,
3135,Cancelled,1030.99,EUR,credit_card,overnight,
3136,Returned,168.95,GBP,apple_pay,pickup_point,
3137,Returned,1480.95,GBP,apple_pay,dhl,
3138,Processing,705.99,GBP,debit_card,overnight,
3139,Returned,565.95,GBP,credit_card,pickup_point,
3140,Refunded,822.95,USD,bank_transfer,overnight,
3141,Delivered,1355.95,GBP,credit_card,fedex,
3142,Returned,206.95,GBP,google_pay,ups,
3143,Pending,1486.95,GBP,debit_card,overnight,
3144,Returned,54.99,EUR,klarna,ups,
3145,Returned,822.99,GBP,apple_pay,fedex,
3146,Cancelled,556.95,EUR,google_pay,economy,
3147,Pending,1403.95,GBP,klarna,standard,
3148,Delivered,933.99,EUR,klarna,ups,
3149,Processing,1186.95,GBP,bank_transfer,fedex,
3150,Delivered,827.95,GBP,debit_card,overnight,
3151,Delivered,871.95,USD,debit_card,express,
3152,Shipped,1338.95,USD,klarna,overnight,
3153,Shipped,256.95,EUR,klarna,economy,
3154,Cancelled,613.99,EUR,google_pay,standard,
3155,Returned,343.99,EUR,google_pay,economy,
3156,Refunded,1440.99,EUR,paypal,ups,
3157,Processing,587.99,USD,bank_transfer,ups,
3158,Returned,786.99,EUR,credit_card,standard,
3159,Returned,1171.95,EUR,google_pay,fedex,
3160,Returned,333.95,GBP,google_pay,pickup_point,
3161,Delivered,1098.99,EUR,klarna,economy,
3162,Pending,239.99,USD,google_pay,express,
3163,Cancelled,840.95,GBP,apple_pay,standard,Residential address
3164,Pending,253.95,USD,credit_card,standard,
3165,Cancelled,441.95,USD,google_pay,fedex,
3166,Refunded,962.95,USD,klarna,economy,
3167,Processing,576.95,GBP,bank_transfer,ups,
3168,Refunded,794.95,GBP,paypal,express,
3169,Cancelled,222.99,USD,google_pay,economy,
3170,Processing,635.99,EUR,google_pay,dhl,
3171,Delivered,166.99,USD,credit_card,ups,
3172,Returned,400.99,USD,paypal,overnight,
3173,Shipped,886.95,GBP,credit_card,express,
3174,Delivered,1222.95,GBP,google_pay,standard,
3175,Refunded,105.95,GBP,google_pay,standard,
3176,Cancelled,398.99,EUR,bank_transfer,pickup_point,
3177,Cancelled,544.99,GBP,debit_card,economy,
3178,Shipped,1370.95,USD,credit_card,economy,
3179,Shipped,51.99,USD,credit_card,standard,
3180,Returned,805.99,GBP,bank_transfer,express,
3181,Shipped,1369.99,GBP,google_pay,pickup_point,
3182,Refunded,751.99,GBP,bank_transfer,fedex,
3183,Refunded,916.99,GBP,klarna,express,
3184,Refunded,1403.95,EUR,apple_pay,ups,
3185,Processing,1036.99,USD,bank_transfer,dhl,
3186,Refunded,1151.99,GBP,klarna,economy,
3187,Pending,929.95,USD,credit_card,overnight,
3188,Returned,1420.95,GBP,paypal,pickup_point,
3189,Shipped,1307.99,USD,klarna,overnight,
3190,Shipped,582.99,EUR,apple_pay,ups,
3191,Shipped,371.95,USD,klarna,ups,
3192,Cancelled,478.95,USD,paypal,ups,
3193,Cancelled,1039.95,USD,apple_pay,fedex,
3194,Shipped,356.99,USD,klarna,fedex,Business address
3195,Cancelled,1284.95,GBP,credit_card,pickup_point,
3196,Refunded,1028.99,USD,credit_card,express,
3197,Cancelled,63.95,GBP,credit_card,dhl,
3198,Returned,950.95,USD,debit_card,fedex,
3199,Refunded,712.99,EUR,google_pay,economy,
3200,Refunded,862.99,GBP,paypal,ups,
3201,Refunded,440.95,USD,klarna,pickup_point,
3202,Returned,1293.95,GBP,klarna,fedex,
3203,Cancelled,1192.99,USD,google_pay,overnight,
3204,Returned,1344.99,GBP,apple_pay,express,
3205,Refunded,807.99,EUR,google_pay,fedex,
3206,Cancelled,1127.95,USD,credit_card,fedex,
3207,Delivered,1282.99,EUR,apple_pay,ups,
3208,Shipped,366.95,GBP,bank_transfer,economy,
3209,Processing,672.95,GBP,paypal,dhl,
3210,Refunded,1154.95,USD,credit_card,express,
3211,Refunded,1337.95,GBP,klarna,standard,
3212,Returned,400.99,USD,paypal,overnight,
3213,Refunded,618.95,EUR,debit_card,dhl,
3214,Pending,1132.99,EUR,debit_card,dhl,
3215,Processing,1033.99,GBP,debit_card,ups,
3216,Returned,530.95,USD,klarna,ups,
3217,Returned,818.95,EUR,bank_transfer,economy,
3218,Processing,173.99,GBP,bank_transfer,ups,
3219,Processing,25.95,EUR,debit_card,pickup_point,
3220,Processing,63.95,EUR,klarna,fedex,
3221,Shipped,63.95,GBP,klarna,express,
3222,Shipped,992.95,USD,apple_pay,economy,Deliver to back entrance
3223,Refunded,287.95,GBP,apple_pay,dhl,
3224,Processing,757.99,USD,klarna,fedex,
3225,Returned,178.95,EUR,klarna,standard,
3226,Delivered,490.95,USD,debit_card,express,
3227,Cancelled,134.99,GBP,klarna,ups,
3228,Cancelled,941.95,GBP,paypal,express,
3229,Pending,266.99,USD,credit_card,express,
3230,Pending,1309.95,EUR,credit_card,pickup_point,
3231,Cancelled,1086.95,EUR,credit_card,express,
3232,Refunded,149.99,USD,debit_card,express,
3233,Refunded,1340.95,EUR,debit_card,fedex,
3234,Returned,1414.99,USD,klarna,overnight,
3235,Processing,765.95,EUR,debit_card,dhl,
3236,Refunded,1261.99,GBP,bank_transfer,overnight,
3237,Shipped,446.99,EUR,bank_transfer,express,
3238,Processing,46.99,USD,bank_transfer,standard,
3239,Shipped,1055.99,GBP,apple_pay,express,
3240,Pending,1220.99,USD,klarna,ups,
3241,Cancelled,1385.95,EUR,klarna,dhl,
3242,Refunded,590.95,GBP,google_pay,pickup_point,
3243,Processing,1362.95,USD,apple_pay,overnight,
3244,Pending,105.95,GBP,google_pay,overnight,
3245,Cancelled,1052.95,GBP,debit_card,dhl,
3246,Refunded,1446.95,GBP,credit_card,express,
3247,Pending,1301.99,EUR,paypal,pickup_point,
3248,Shipped,84.95,USD,google_pay,fedex,
3249,Pending,980.95,GBP,debit_card,overnight,
3250,Pending,1474.95,GBP,paypal,dhl,
3251,Refunded,206.95,GBP,bank_transfer,dhl,
3252,Refunded,310.99,USD,debit_card,express,
3253,Pending,414.95,GBP,apple_pay,express,
3254,Delivered,537.95,USD,credit_card,fedex,
3255,Cancelled,308.99,EUR,paypal,pickup_point,
3256,Cancelled,769.95,USD,bank_transfer,dhl,
3257,Shipped,548.99,USD,klarna,dhl,
3258,Shipped,1433.99,USD,klarna,fedex,Do not leave in direct sunlight
3259,Processing,1323.95,USD,apple_pay,pickup_point,
3260,Pending,1364.99,GBP,paypal,ups,
3261,Returned,1384.95,GBP,klarna,ups,
3262,Returned,908.95,GBP,credit_card,ups,
3263,Pending,696.95,USD,apple_pay,fedex,Gift wrapping requested
3264,Refunded,1375.99,EUR,credit_card,fedex,
3265,Delivered,359.95,GBP,credit_card,express,
3266,Refunded,479.99,EUR,debit_card,overnight,
3267,Returned,383.99,USD,klarna,economy,
3268,Pending,1483.99,GBP,klarna,ups,
3269,Returned,1023.95,GBP,credit_card,ups,
3270,Shipped,685.95,GBP,bank_transfer,standard,
3271,Delivered,960.99,GBP,credit_card,express,
3272,Processing,1019.99,GBP,bank_transfer,dhl,
3273,Returned,620.95,EUR,apple_pay,overnight,
3274,Processing,90.95,GBP,klarna,dhl,
3275,Processing,115.99,GBP,paypal,economy,
3276,Shipped,1309.95,GBP,google_pay,standard,
3277,Pending,480.99,USD,klarna,standard,
3278,Returned,581.99,USD,credit_card,fedex,
3279,Processing,1195.99,USD,debit_card,express,
3280,Cancelled,546.99,GBP,debit_card,fedex,
3281,Returned,1036.99,USD,paypal,ups,
3282,Shipped,107.95,GBP,apple_pay,dhl,
3283,Cancelled,1042.95,EUR,paypal,overnight,
3284,Delivered,290.95,EUR,apple_pay,fedex,
3285,Pending,584.99,GBP,google_pay,overnight,
3286,Returned,938.95,GBP,klarna,overnight,
3287,Returned,521.99,EUR,paypal,dhl,
3288,Returned,1469.95,EUR,credit_card,standard,
3289,Returned,285.99,GBP,apple_pay,economy,
3290,Delivered,481.99,USD,bank_transfer,ups,
3291,Returned,259.95,GBP,credit_card,pickup_point,
3292,Returned,759.95,EUR,bank_transfer,economy,
3293,Delivered,656.95,USD,debit_card,dhl,
3294,Delivered,788.95,EUR,bank_transfer,pickup_point,
3295,Processing,701.99,EUR,google_pay,economy,
3296,Returned,1195.95,GBP,credit_card,economy,
3297,Shipped,1438.99,USD,bank_transfer,express,
3298,Processing,861.95,GBP,bank_transfer,fedex,
3299,Returned,71.99,USD,apple_pay,ups,Ring doorbell twice
3300,Delivered,1280.95,USD,bank_transfer,overnight,
3301,Pending,1432.99,EUR,google_pay,express,
3302,Delivered,62.95,EUR,paypal,express,
3303,Pending,132.95,USD,google_pay,pickup_point,
3304,Returned,313.99,USD,apple_pay,pickup_point,
3305,Processing,444.95,USD,apple_pay,overnight,
3306,Refunded,63.95,EUR,google_pay,pickup_point,
3307,Cancelled,810.95,GBP,paypal,standard,
3308,Returned,942.95,GBP,paypal,overnight,
3309,Cancelled,900.95,USD,google_pay,overnight,
3310,Pending,1374.99,USD,apple_pay,economy,
3311,Shipped,342.95,EUR,apple_pay,overnight,
3312,Delivered,772.95,USD,google_pay,overnight,
3313,Refunded,991.95,EUR,google_pay,fedex,
3314,Returned,1379.99,USD,google_pay,ups,
3315,Pending,687.99,GBP,google_pay,economy,
3316,Pending,1470.95,EUR,apple_pay,express,ASAP delivery needed
3317,Cancelled,1049.95,USD,google_pay,standard,Please pack carefully
3318,Refunded,1170.95,EUR,debit_card,ups,
3319,Returned,66.95,EUR,klarna,overnight,
3320,Processing,428.95,EUR,paypal,standard,
3321,Pending,1189.95,GBP,credit_card,fedex,
3322,Refunded,820.99,GBP,bank_transfer,ups,Ring doorbell twice
3323,Shipped,1355.99,USD,bank_transfer,express,
3324,Cancelled,851.95,GBP,credit_card,overnight,
3325,Refunded,507.99,USD,credit_card,pickup_point,Leave with neighbor if not home
3326,Cancelled,79.95,EUR,debit_card,ups,
3327,Cancelled,1157.95,GBP,bank_transfer,fedex,
3328,Refunded,1350.99,EUR,apple_pay,standard,
3329,Returned,451.95,GBP,credit_card,express,
3330,Cancelled,199.95,GBP,debit_card,fedex,
3331,Cancelled,111.99,EUR,credit_card,pickup_point,
3332,Returned,689.95,GBP,bank_transfer,fedex,
3333,Refunded,736.99,USD,apple_pay,express,
3334,Processing,176.99,GBP,paypal,standard,
3335,Delivered,1071.99,GBP,credit_card,economy,
3336,Pending,368.99,GBP,bank_transfer,ups,
3337,Processing,1176.99,USD,credit_card,pickup_point,
3338,Cancelled,94.99,USD,klarna,economy,
3339,Pending,937.95,EUR,credit_card,express,
3340,Delivered,357.95,GBP,credit_card,overnight,
3341,Cancelled,1453.95,GBP,bank_transfer,pickup_point,
3342,Shipped,637.99,USD,apple_pay,economy,
3343,Delivered,459.99,EUR,credit_card,ups,
3344,Returned,86.99,EUR,credit_card,express,
3345,Shipped,782.95,GBP,google_pay,dhl,ASAP delivery needed
3346,Cancelled,120.99,EUR,debit_card,economy,
3347,Cancelled,1168.99,EUR,paypal,pickup_point,
3348,Shipped,679.99,USD,klarna,dhl,
3349,Pending,950.95,GBP,google_pay,economy,
3350,Shipped,126.95,GBP,bank_transfer,pickup_point,
3351,Refunded,11.95,GBP,bank_transfer,standard,
3352,Refunded,1015.99,EUR,credit_card,dhl,
3353,Refunded,538.95,GBP,paypal,dhl,
3354,Refunded,862.95,EUR,apple_pay,overnight,
3355,Cancelled,329.99,EUR,klarna,fedex,
3356,Cancelled,333.95,EUR,klarna,fedex,
3357,Returned,960.95,GBP,debit_card,pickup_point,
3358,Processing,750.95,USD,klarna,overnight,
3359,Processing,95.95,GBP,klarna,dhl,
3360,Shipped,1371.99,EUR,credit_card,fedex,
3361,Processing,1043.95,EUR,credit_card,pickup_point,
3362,Refunded,1390.95,EUR,klarna,standard,
3363,Pending,1230.99,EUR,apple_pay,standard,
3364,Cancelled,1086.99,USD,apple_pay,express,
3365,Returned,700.95,EUR,credit_card,dhl,
3366,Pending,1452.95,EUR,google_pay,standard,
3367,Processing,384.99,USD,apple_pay,standard,
3368,Shipped,1023.99,GBP,debit_card,overnight,
3369,Pending,1165.95,GBP,paypal,pickup_point,
3370,Returned,412.99,EUR,paypal,pickup_point,
3371,Processing,288.95,EUR,bank_transfer,fedex,Residential address
3372,Pending,454.95,GBP,klarna,dhl,
3373,Shipped,556.99,EUR,paypal,fedex,
3374,Processing,1261.95,GBP,credit_card,pickup_point,
3375,Shipped,1245.99,USD,bank_transfer,standard,
3376,Pending,1452.99,USD,google_pay,ups,
3377,Processing,1158.99,EUR,credit_card,ups,
3378,Processing,1322.95,USD,apple_pay,ups,
3379,Processing,777.99,USD,bank_transfer,pickup_point,
3380,Pending,1189.99,GBP,klarna,economy,ASAP delivery needed
3381,Refunded,1193.99,USD,google_pay,economy,
3382,Pending,704.95,USD,google_pay,express,
3383,Cancelled,662.95,GBP,klarna,ups,
3384,Pending,1087.99,EUR,paypal,dhl,
3385,Refunded,1198.99,GBP,apple_pay,pickup_point,
3386,Delivered,1393.95,USD,bank_transfer,pickup_point,
3387,Cancelled,541.99,USD,credit_card,ups,
3388,Processing,346.95,EUR,credit_card,express,
3389,Cancelled,678.95,USD,paypal,standard,
3390,Returned,1180.99,USD,klarna,express,
3391,Pending,1035.99,GBP,google_pay,overnight,
3392,Shipped,1439.99,EUR,bank_transfer,economy,
3393,Pending,648.99,USD,debit_card,express,
3394,Pending,310.95,GBP,bank_transfer,economy,
3395,Refunded,1436.99,GBP,klarna,express,
3396,Pending,1262.99,GBP,debit_card,fedex,
3397,Processing,80.99,GBP,google_pay,standard,
3398,Returned,484.95,EUR,klarna,standard,
3399,Delivered,141.99,USD,klarna,fedex,
3400,Pending,306.99,USD,debit_card,economy,
3401,Processing,1325.99,EUR,google_pay,pickup_point,
3402,Processing,1190.99,USD,google_pay,standard,ASAP delivery needed
3403,Shipped,910.99,EUR,debit_card,economy,
3404,Pending,233.95,GBP,klarna,pickup_point,
3405,Refunded,201.99,EUR,apple_pay,pickup_point,
3406,Pending,267.95,GBP,google_pay,pickup_point,
3407,Delivered,1416.95,USD,debit_card,pickup_point,
3408,Shipped,889.95,EUR,credit_card,overnight,
3409,Refunded,800.95,USD,credit_card,fedex,
3410,Cancelled,1465.99,EUR,debit_card,fedex,
3411,Processing,284.99,EUR,paypal,pickup_point,
3412,Shipped,961.99,EUR,debit_card,pickup_point,
3413,Cancelled,1219.95,GBP,klarna,dhl,
3414,Cancelled,1117.95,USD,credit_card,pickup_point,
3415,Returned,266.99,USD,apple_pay,dhl,
3416,Returned,668.95,EUR,credit_card,express,
3417,Delivered,176.99,USD,debit_card,fedex,
3418,Processing,596.95,USD,bank_transfer,overnight,
3419,Delivered,50.95,GBP,klarna,economy,
3420,Refunded,53.99,GBP,bank_transfer,overnight,
3421,Delivered,905.99,EUR,debit_card,express,
3422,Processing,1099.99,EUR,debit_card,express,
3423,Refunded,158.95,USD,apple_pay,ups,
3424,Refunded,166.99,GBP,debit_card,ups,
3425,Processing,858.99,EUR,apple_pay,overnight,
3426,Returned,1368.99,GBP,bank_transfer,express,
3427,Pending,717.99,GBP,klarna,pickup_point,
3428,Delivered,821.99,EUR,credit_card,economy,
3429,Returned,966.95,EUR,paypal,express,
3430,Pending,432.95,GBP,debit_card,ups,
3431,Shipped,1493.99,EUR,credit_card,ups,Residential address
3432,Processing,587.99,USD,google_pay,economy,
3433,Cancelled,470.99,USD,klarna,standard,
3434,Pending,552.95,USD,bank_transfer,ups,
3435,Returned,433.99,GBP,credit_card,ups,
3436,Pending,732.95,GBP,paypal,fedex,
3437,Refunded,1419.95,GBP,klarna,standard,
3438,Delivered,1466.99,USD,paypal,dhl,
3439,Returned,1197.99,USD,google_pay,fedex,
3440,Refunded,192.99,USD,apple_pay,economy,
3441,Pending,281.99,EUR,paypal,economy,
3442,Processing,1052.99,EUR,paypal,standard,
3443,Returned,1432.99,GBP,credit_card,standard,
3444,Cancelled,318.99,USD,paypal,fedex,
3445,Refunded,1029.99,GBP,klarna,ups,
3446,Delivered,1486.95,EUR,debit_card,pickup_point,
3447,Pending,522.95,USD,paypal,overnight,Do not leave in direct sunlight
3448,Returned,413.99,EUR,klarna,ups,
3449,Shipped,300.95,EUR,google_pay,express,
3450,Processing,1038.95,GBP,paypal,economy,
3451,Processing,1190.95,USD,google_pay,standard,
3452,Refunded,52.95,GBP,apple_pay,pickup_point,
3453,Pending,436.95,EUR,bank_transfer,express,
3454,Returned,125.99,USD,paypal,pickup_point,
3455,Processing,1424.95,EUR,paypal,economy,
3456,Returned,1336.95,GBP,credit_card,pickup_point,
3457,Processing,1386.95,GBP,bank_transfer,fedex,
3458,Refunded,191.95,EUR,klarna,overnight,
3459,Cancelled,412.95,GBP,credit_card,economy,
3460,Pending,1285.95,EUR,credit_card,pickup_point,
3461,Delivered,273.99,EUR,bank_transfer,standard,
3462,Delivered,605.95,USD,paypal,economy,
3463,Shipped,1351.95,GBP,apple_pay,standard,
3464,Shipped,260.95,EUR,apple_pay,fedex,
3465,Shipped,573.99,GBP,google_pay,overnight,
3466,Cancelled,617.95,EUR,bank_transfer,economy,
3467,Pending,587.99,GBP,credit_card,express,
3468,Returned,845.95,GBP,credit_card,dhl,
3469,Cancelled,565.99,EUR,credit_card,fedex,
3470,Delivered,542.99,EUR,bank_transfer,fedex,
3471,Delivered,939.95,USD,bank_transfer,overnight,
3472,Shipped,594.95,USD,credit_card,economy,
3473,Cancelled,606.95,USD,klarna,economy,Signature required
3474,Pending,1489.95,GBP,google_pay,economy,
3475,Refunded,621.99,GBP,debit_card,dhl,
3476,Cancelled,393.99,USD,credit_card,ups,
3477,Shipped,830.95,GBP,paypal,overnight,
3478,Delivered,807.99,USD,paypal,dhl,
3479,Refunded,1115.99,USD,bank_transfer,overnight,
3480,Cancelled,1107.95,GBP,credit_card,pickup_point,
3481,Refunded,64.99,EUR,klarna,economy,
3482,Pending,87.95,USD,paypal,standard,
3483,Returned,117.99,GBP,apple_pay,ups,
3484,Refunded,737.99,GBP,apple_pay,standard,Business address
3485,Delivered,360.95,EUR,google_pay,express,
3486,Returned,919.95,USD,paypal,express,
3487,Delivered,31.99,USD,paypal,dhl,
3488,Shipped,50.95,USD,google_pay,overnight,
3489,Cancelled,113.95,EUR,credit_card,express,
3490,Cancelled,496.95,EUR,credit_card,economy,
3491,Returned,363.99,EUR,paypal,ups,
3492,Returned,1392.99,USD,apple_pay,express,
3493,Processing,324.99,GBP,paypal,ups,
3494,Cancelled,1191.95,GBP,google_pay,pickup_point,
3495,Delivered,1146.95,USD,debit_card,express,
3496,Returned,911.95,USD,paypal,express,
3497,Delivered,270.99,EUR,debit_card,ups,
3498,Cancelled,294.99,EUR,debit_card,express,
3499,Pending,1165.95,USD,apple_pay,economy,
3500,Processing,1223.95,EUR,klarna,standard,
3501,Pending,406.95,GBP,debit_card,pickup_point,
3502,Refunded,242.99,EUR,apple_pay,economy,Fragile - handle with care
3503,Shipped,215.95,EUR,apple_pay,dhl,
3504,Pending,999.95,EUR,apple_pay,dhl,
3505,Delivered,607.95,EUR,debit_card,ups,
3506,Processing,298.95,USD,google_pay,standard,
3507,Processing,1273.95,USD,paypal,economy,
3508,Pending,1084.95,GBP,bank_transfer,ups,
3509,Processing,698.95,GBP,apple_pay,standard,
3510,Shipped,392.99,GBP,klarna,ups,
3511,Cancelled,81.95,GBP,apple_pay,pickup_point,
3512,Processing,367.95,GBP,google_pay,express,
3513,Returned,1311.95,USD,apple_pay,express,
3514,Shipped,56.99,USD,credit_card,economy,
3515,Cancelled,945.95,EUR,google_pay,economy,
3516,Returned,86.95,USD,bank_transfer,ups,
3517,Pending,1486.95,EUR,credit_card,ups,
3518,Pending,595.99,EUR,apple_pay,overnight,
3519,Shipped,509.99,EUR,klarna,economy,
3520,Returned,47.99,GBP,bank_transfer,economy,
3521,Processing,195.95,GBP,bank_transfer,express,
3522,Returned,64.95,EUR,credit_card,express,
3523,Pending,547.99,EUR,apple_pay,dhl,
3524,Pending,31.99,EUR,bank_transfer,fedex,
3525,Cancelled,1056.99,GBP,bank_transfer,fedex,
3526,Returned,748.95,EUR,bank_transfer,ups,
3527,Refunded,809.95,EUR,apple_pay,fedex,
3528,Processing,383.99,EUR,credit_card,express,
3529,Shipped,675.95,EUR,paypal,ups,
3530,Pending,969.95,USD,klarna,standard,Please leave at front door
3531,Refunded,381.99,USD,klarna,economy,
3532,Cancelled,1056.95,USD,google_pay,dhl,
3533,Returned,474.95,USD,klarna,pickup_point,
3534,Refunded,1409.99,EUR,debit_card,economy,
3535,Pending,741.99,EUR,bank_transfer,dhl,
3536,Refunded,52.99,USD,bank_transfer,dhl,
3537,Shipped,230.99,EUR,bank_transfer,fedex,
3538,Delivered,1302.99,GBP,credit_card,fedex,
3539,Returned,881.95,USD,bank_transfer,ups,
3540,Returned,884.99,GBP,debit_card,economy,
3541,Pending,830.99,EUR,apple_pay,overnight,
3542,Pending,1468.95,USD,bank_transfer,express,
3543,Refunded,468.95,USD,paypal,fedex,
3544,Refunded,1013.99,GBP,credit_card,economy,
3545,Processing,808.99,EUR,bank_transfer,dhl,Gift wrapping requested
3546,Delivered,926.99,USD,bank_transfer,ups,
3547,Processing,827.95,EUR,paypal,economy,
3548,Cancelled,1016.99,GBP,apple_pay,economy,
3549,Cancelled,21.99,USD,debit_card,overnight,
3550,Cancelled,383.95,USD,klarna,fedex,
3551,Delivered,266.99,EUR,google_pay,express,
3552,Shipped,1095.99,USD,klarna,dhl,
3553,Returned,128.99,EUR,google_pay,pickup_point,
3554,Shipped,469.99,EUR,credit_card,ups,
3555,Pending,1171.99,GBP,debit_card,overnight,
3556,Processing,587.95,USD,credit_card,standard,
3557,Processing,193.99,EUR,klarna,ups,
3558,Refunded,810.95,GBP,debit_card,overnight,
3559,Processing,888.99,EUR,google_pay,economy,
3560,Returned,1162.95,GBP,apple_pay,ups,
3561,Returned,449.95,EUR,apple_pay,economy,
3562,Cancelled,161.99,GBP,bank_transfer,overnight,
3563,Returned,209.99,EUR,credit_card,ups,
3564,Pending,1034.99,USD,google_pay,standard,
3565,Refunded,83.95,USD,klarna,fedex,
3566,Processing,675.99,USD,credit_card,economy,
3567,Shipped,60.99,EUR,google_pay,express,
3568,Shipped,532.99,EUR,debit_card,overnight,
3569,Delivered,687.95,EUR,bank_transfer,express,
3570,Cancelled,1194.95,GBP,paypal,ups,
3571,Delivered,549.99,EUR,credit_card,standard,
3572,Shipped,1411.99,GBP,apple_pay,economy,
3573,Pending,1209.99,GBP,apple_pay,ups,Residential address
3574,Delivered,569.99,EUR,apple_pay,standard,
3575,Cancelled,1466.99,GBP,apple_pay,express,
3576,Delivered,1489.99,USD,google_pay,dhl,
3577,Shipped,741.95,EUR,apple_pay,pickup_point,
3578,Returned,361.99,GBP,google_pay,dhl,
3579,Shipped,40.99,EUR,apple_pay,economy,
3580,Refunded,996.95,EUR,apple_pay,standard,
3581,Delivered,49.95,GBP,paypal,economy,
3582,Refunded,235.95,USD,paypal,standard,
3583,Processing,22.99,EUR,credit_card,economy,
3584,Returned,347.99,EUR,paypal,standard,
3585,Delivered,1146.99,EUR,klarna,economy,
3586,Returned,991.99,EUR,klarna,dhl,
3587,Delivered,1410.99,USD,google_pay,fedex,
3588,Delivered,684.99,USD,apple_pay,standard,
3589,Refunded,905.99,GBP,apple_pay,pickup_point,
3590,Pending,30.99,GBP,paypal,overnight,
3591,Cancelled,956.95,USD,debit_card,ups,
3592,Refunded,749.95,GBP,debit_card,ups,
3593,Shipped,1468.95,USD,google_pay,dhl,
3594,Cancelled,875.95,GBP,klarna,dhl,
3595,Processing,1028.99,USD,google_pay,pickup_point,
3596,Processing,877.95,USD,credit_card,dhl,
3597,Cancelled,1255.99,EUR,google_pay,express,
3598,Pending,233.99,USD,credit_card,pickup_point,
3599,Processing,149.95,GBP,credit_card,pickup_point,
3600,Shipped,246.95,EUR,klarna,economy,
3601,Returned,834.95,EUR,paypal,economy,
3602,Delivered,944.99,EUR,paypal,ups,
3603,Refunded,682.99,EUR,credit_card,ups,
3604,Pending,1442.95,USD,credit_card,express,Deliver to back entrance
3605,Pending,1444.99,GBP,paypal,pickup_point,
3606,Shipped,1099.95,GBP,klarna,fedex,
3607,Delivered,812.99,GBP,paypal,standard,
3608,Returned,1129.99,USD,bank_transfer,express,
3609,Refunded,1092.99,GBP,bank_transfer,overnight,
3610,Processing,329.99,USD,paypal,fedex,Deliver to back entrance
3611,Cancelled,29.95,GBP,google_pay,express,
3612,Refunded,138.99,GBP,klarna,standard,
3613,Pending,642.99,USD,credit_card,express,
3614,Cancelled,1205.99,USD,google_pay,overnight,
3615,Shipped,275.95,GBP,credit_card,express,
3616,Processing,1469.95,USD,credit_card,express,
3617,Shipped,296.99,GBP,debit_card,overnight,
3618,Processing,1114.99,GBP,apple_pay,dhl,
3619,Processing,1205.95,EUR,bank_transfer,ups,
3620,Refunded,571.95,EUR,google_pay,express,
3621,Processing,239.95,EUR,apple_pay,dhl,
3622,Refunded,419.95,EUR,bank_transfer,ups,
3623,Refunded,431.95,EUR,credit_card,express,
3624,Refunded,1243.99,EUR,google_pay,standard,
3625,Processing,12.99,EUR,klarna,standard,
3626,Refunded,160.99,USD,paypal,dhl,
3627,Delivered,408.95,GBP,klarna,economy,
3628,Pending,395.99,GBP,apple_pay,pickup_point,
3629,Processing,554.95,GBP,credit_card,pickup_point,Do not leave in direct sunlight
3630,Cancelled,999.99,EUR,google_pay,dhl,
3631,Cancelled,1383.95,GBP,debit_card,dhl,
3632,Cancelled,567.95,GBP,debit_card,pickup_point,
3633,Refunded,148.99,EUR,debit_card,pickup_point,
3634,Refunded,956.99,GBP,credit_card,pickup_point,
3635,Processing,228.95,USD,credit_card,fedex,
3636,Processing,642.99,GBP,klarna,overnight,
3637,Pending,120.99,EUR,klarna,dhl,
3638,Delivered,88.95,USD,google_pay,overnight,
3639,Shipped,1361.99,EUR,credit_card,dhl,
3640,Delivered,1012.99,USD,google_pay,economy,
3641,Pending,325.95,GBP,google_pay,overnight,
3642,Pending,1164.99,EUR,bank_transfer,ups,
3643,Returned,62.95,EUR,debit_card,express,
3644,Returned,702.95,USD,klarna,standard,
3645,Refunded,453.95,USD,klarna,standard,
3646,Processing,649.99,EUR,debit_card,overnight,
3647,Refunded,428.99,USD,google_pay,pickup_point,
3648,Returned,521.95,GBP,paypal,express,
3649,Refunded,1221.95,EUR,klarna,dhl,
3650,Delivered,722.99,USD,debit_card,express,
3651,Processing,364.95,GBP,google_pay,overnight,
3652,Refunded,1156.95,GBP,google_pay,pickup_point,
3653,Delivered,1408.95,EUR,klarna,ups,
3654,Returned,408.95,GBP,google_pay,express,
3655,Refunded,127.95,GBP,bank_transfer,fedex,
3656,Pending,692.95,EUR,klarna,standard,
3657,Refunded,41.95,USD,bank_transfer,overnight,
3658,Shipped,358.99,USD,bank_transfer,economy,
3659,Shipped,587.95,USD,klarna,standard,
3660,Cancelled,333.99,USD,paypal,standard,
3661,Shipped,1109.95,GBP,google_pay,economy,
3662,Processing,511.99,USD,klarna,express,
3663,Cancelled,583.99,GBP,paypal,overnight,
3664,Cancelled,154.95,USD,google_pay,overnight,
3665,Shipped,709.99,EUR,klarna,dhl,
3666,Returned,847.99,EUR,paypal,express,
3667,Delivered,1100.95,GBP,google_pay,economy,
3668,Delivered,1041.95,EUR,google_pay,overnight,
3669,Processing,199.95,GBP,apple_pay,ups,
3670,Processing,64.95,GBP,debit_card,economy,
3671,Processing,890.95,EUR,google_pay,economy,
3672,Returned,1364.95,EUR,google_pay,pickup_point,
3673,Refunded,1300.99,EUR,apple_pay,pickup_point,
3674,Refunded,469.99,GBP,google_pay,standard,
3675,Cancelled,703.95,USD,debit_card,fedex,
3676,Returned,351.99,GBP,paypal,standard,
3677,Processing,1358.95,EUR,bank_transfer,fedex,
3678,Shipped,236.95,EUR,apple_pay,fedex,
3679,Refunded,902.99,USD,debit_card,overnight,
3680,Pending,65.95,EUR,apple_pay,pickup_point,
3681,Cancelled,745.95,GBP,paypal,ups,
3682,Refunded,1236.95,GBP,paypal,standard,
3683,Processing,646.99,EUR,google_pay,pickup_point,
3684,Shipped,1239.95,EUR,klarna,pickup_point,
3685,Cancelled,306.95,EUR,klarna,overnight,
3686,Cancelled,300.95,GBP,credit_card,overnight,
3687,Pending,1048.99,USD,credit_card,ups,
3688,Cancelled,197.99,USD,credit_card,overnight,
3689,Cancelled,773.95,USD,google_pay,overnight,
3690,Returned,1081.99,GBP,paypal,standard,
3691,Returned,510.95,GBP,credit_card,ups,
3692,Processing,1283.99,GBP,bank_transfer,overnight,
3693,Delivered,70.95,USD,klarna,ups,
3694,Delivered,1300.95,EUR,google_pay,standard,
3695,Returned,302.99,EUR,debit_card,dhl,
3696,Pending,258.99,GBP,debit_card,economy,
3697,Processing,985.99,GBP,google_pay,dhl,
3698,Refunded,141.95,GBP,apple_pay,express,
3699,Processing,498.99,USD,debit_card,dhl,
3700,Pending,168.99,EUR,paypal,standard,
3701,Delivered,588.95,EUR,bank_transfer,fedex,
3702,Pending,368.95,EUR,bank_transfer,pickup_point,
3703,Delivered,920.95,EUR,credit_card,standard,
3704,Refunded,790.95,GBP,google_pay,dhl,
3705,Returned,542.95,EUR,klarna,express,
3706,Pending,1343.95,USD,klarna,standard,
3707,Delivered,843.95,EUR,apple_pay,express,
3708,Processing,425.99,EUR,google_pay,dhl,
3709,Pending,1343.99,GBP,google_pay,dhl,
3710,Returned,77.95,GBP,google_pay,overnight,
3711,Refunded,426.95,GBP,bank_transfer,express,
3712,Refunded,1434.95,GBP,apple_pay,express,
3713,Refunded,1361.95,USD,google_pay,dhl,
3714,Processing,356.99,EUR,bank_transfer,overnight,
3715,Shipped,487.99,USD,credit_card,dhl,
3716,Shipped,425.95,EUR,google_pay,economy,Ring doorbell twice
3717,Shipped,865.99,USD,credit_card,ups,
3718,Pending,561.95,USD,apple_pay,ups,
3719,Cancelled,1277.95,EUR,debit_card,fedex,
3720,Processing,1185.95,GBP,klarna,ups,Please pack carefully
3721,Cancelled,1173.95,EUR,paypal,overnight,
3722,Pending,100.95,GBP,debit_card,overnight,
3723,Delivered,221.99,USD,debit_card,pickup_point,
3724,Processing,889.99,GBP,bank_transfer,fedex,
3725,Returned,753.99,USD,debit_card,fedex,
3726,Shipped,818.99,USD,apple_pay,express,
3727,Pending,980.95,EUR,google_pay,standard,
3728,Delivered,1202.99,EUR,bank_transfer,fedex,
3729,Returned,49.95,EUR,apple_pay,fedex,
3730,Delivered,75.99,EUR,debit_card,economy,
3731,Pending,852.99,GBP,credit_card,economy,
3732,Cancelled,869.95,EUR,paypal,fedex,
3733,Cancelled,650.95,USD,paypal,dhl,
3734,Shipped,1173.95,GBP,google_pay,dhl,
3735,Shipped,539.95,GBP,google_pay,express,
3736,Pending,198.95,USD,paypal,standard,
3737,Returned,495.99,GBP,credit_card,pickup_point,
3738,Delivered,1233.95,GBP,klarna,standard,
3739,Delivered,1405.99,EUR,credit_card,overnight,
3740,Processing,313.95,GBP,google_pay,ups,
3741,Pending,1375.99,EUR,google_pay,overnight,
3742,Pending,512.99,GBP,debit_card,ups,
3743,Shipped,1320.95,GBP,klarna,dhl,
3744,Shipped,1079.99,USD,paypal,dhl,
3745,Cancelled,72.99,EUR,bank_transfer,pickup_point,
3746,Refunded,367.99,EUR,klarna,standard,
3747,Shipped,812.99,GBP,google_pay,standard,
3748,Returned,1196.95,EUR,bank_transfer,dhl,
3749,Refunded,630.95,USD,paypal,express,Please leave at front door
3750,Shipped,960.95,USD,bank_transfer,economy,
3751,Returned,997.95,USD,credit_card,ups,
3752,Shipped,1205.95,EUR,klarna,overnight,Deliver to back entrance
3753,Delivered,411.95,EUR,credit_card,dhl,
3754,Delivered,732.95,GBP,apple_pay,ups,
3755,Shipped,446.95,EUR,paypal,fedex,
3756,Delivered,586.95,GBP,debit_card,fedex,
3757,Delivered,161.99,GBP,google_pay,standard,
3758,Processing,473.99,EUR,bank_transfer,economy,
3759,Pending,845.95,USD,paypal,overnight,
3760,Processing,772.99,USD,paypal,standard,
3761,Processing,753.95,EUR,paypal,dhl,
3762,Cancelled,1034.99,EUR,klarna,standard,
3763,Delivered,1110.99,GBP,klarna,pickup_point,Leave with neighbor if not home
3764,Cancelled,703.99,EUR,credit_card,pickup_point,
3765,Refunded,354.99,EUR,google_pay,pickup_point,
3766,Pending,959.95,USD,apple_pay,standard,
3767,Shipped,423.99,GBP,credit_card,ups,
3768,Cancelled,1424.99,GBP,credit_card,economy,
3769,Processing,634.99,EUR,bank_transfer,fedex,
3770,Processing,240.99,USD,google_pay,dhl,
3771,Returned,1204.95,USD,apple_pay,economy,
3772,Shipped,857.99,USD,debit_card,dhl,
3773,Pending,346.99,EUR,klarna,dhl,
3774,Refunded,426.99,GBP,klarna,pickup_point,
3775,Shipped,662.95,EUR,debit_card,pickup_point,
3776,Cancelled,512.95,USD,google_pay,ups,
3777,Shipped,813.95,EUR,bank_transfer,economy,
3778,Shipped,551.95,GBP,paypal,standard,
3779,Processing,82.99,EUR,google_pay,dhl,
3780,Cancelled,179.99,USD,bank_transfer,dhl,
3781,Cancelled,1474.99,EUR,debit_card,ups,
3782,Returned,384.95,GBP,debit_card,pickup_point,
3783,Shipped,282.95,EUR,paypal,fedex,Deliver to back entrance
3784,Delivered,393.99,USD,apple_pay,standard,
3785,Processing,1432.95,USD,credit_card,pickup_point,Please pack carefully
3786,Pending,1165.95,GBP,bank_transfer,ups,
3787,Shipped,1431.95,GBP,credit_card,dhl,
3788,Shipped,1472.95,EUR,apple_pay,pickup_point,
3789,Shipped,103.99,GBP,bank_transfer,dhl,
3790,Cancelled,1348.99,EUR,klarna,overnight,
3791,Shipped,984.95,GBP,apple_pay,overnight,
3792,Pending,885.95,GBP,klarna,standard,
3793,Pending,1093.95,USD,klarna,pickup_point,
3794,Pending,311.99,EUR,apple_pay,express,
3795,Refunded,780.95,GBP,paypal,fedex,
3796,Delivered,1441.99,GBP,bank_transfer,standard,
3797,Delivered,845.95,USD,apple_pay,standard,
3798,Cancelled,1226.95,EUR,paypal,ups,Fragile - handle with care
3799,Shipped,808.99,GBP,bank_transfer,economy,
3800,Pending,1433.95,GBP,google_pay,dhl,
3801,Cancelled,248.99,GBP,paypal,express,
3802,Pending,556.99,USD,bank_transfer,fedex,
3803,Cancelled,1244.95,GBP,klarna,express,
3804,Shipped,1464.95,EUR,bank_transfer,overnight,
3805,Pending,1489.99,USD,paypal,standard,
3806,Delivered,726.99,GBP,bank_transfer,fedex,
3807,Processing,423.95,GBP,debit_card,ups,
3808,Shipped,125.95,EUR,google_pay,standard,
3809,Processing,1251.95,GBP,debit_card,pickup_point,
3810,Shipped,990.95,GBP,bank_transfer,pickup_point,
3811,Pending,736.95,USD,klarna,economy,
3812,Delivered,600.99,EUR,bank_transfer,overnight,
3813,Pending,403.95,GBP,klarna,economy,
3814,Delivered,244.99,EUR,credit_card,express,
3815,Shipped,960.95,USD,debit_card,overnight,
3816,Pending,1068.99,GBP,bank_transfer,overnight,
3817,Cancelled,1465.99,EUR,credit_card,ups,
3818,Returned,1145.95,USD,bank_transfer,ups,
3819,Refunded,862.95,EUR,klarna,pickup_point,
3820,Processing,857.95,GBP,credit_card,economy,
3821,Pending,49.95,EUR,debit_card,dhl,
3822,Cancelled,692.95,GBP,apple_pay,overnight,
3823,Pending,305.95,USD,debit_card,fedex,
3824,Processing,268.95,USD,credit_card,dhl,
3825,Shipped,102.95,EUR,credit_card,fedex,
3826,Processing,1477.95,USD,klarna,ups,
3827,Pending,1240.95,USD,google_pay,fedex,
3828,Refunded,762.95,EUR,credit_card,fedex,
3829,Returned,893.95,USD,debit_card,economy,
3830,Returned,1433.95,GBP,klarna,ups,
3831,Shipped,170.99,GBP,google_pay,dhl,
3832,Shipped,1239.95,USD,debit_card,economy,Deliver to back entrance
3833,Shipped,1402.95,USD,klarna,fedex,
3834,Delivered,907.95,EUR,credit_card,economy,
3835,Shipped,299.95,USD,klarna,pickup_point,
3836,Refunded,887.99,USD,google_pay,ups,
3837,Pending,803.95,GBP,apple_pay,pickup_point,
3838,Processing,240.99,GBP,klarna,express,
3839,Returned,423.99,EUR,debit_card,standard,
3840,Processing,188.99,USD,google_pay,fedex,Please pack carefully
3841,Refunded,360.99,USD,paypal,standard,
3842,Returned,433.99,EUR,apple_pay,overnight,
3843,Shipped,141.95,EUR,google_pay,express,
3844,Returned,875.95,USD,bank_transfer,standard,
3845,Shipped,971.95,EUR,paypal,dhl,
3846,Cancelled,193.95,GBP,klarna,pickup_point,
3847,Processing,684.95,EUR,klarna,economy,
3848,Returned,1319.95,EUR,google_pay,dhl,
3849,Processing,906.99,GBP,debit_card,standard,
3850,Cancelled,1025.99,EUR,credit_card,standard,
3851,Refunded,1303.95,USD,google_pay,ups,
3852,Cancelled,1396.99,USD,credit_card,dhl,
3853,Delivered,601.99,USD,debit_card,fedex,
3854,Cancelled,1084.99,GBP,debit_card,overnight,
3855,Refunded,892.95,USD,credit_card,dhl,
3856,Shipped,737.99,EUR,paypal,fedex,
3857,Processing,1195.99,USD,paypal,dhl,
3858,Returned,895.95,EUR,apple_pay,ups,
3859,Processing,1183.99,USD,credit_card,overnight,
3860,Processing,1133.99,EUR,google_pay,fedex,
3861,Shipped,1070.95,GBP,apple_pay,ups,
3862,Returned,728.95,USD,google_pay,dhl,
3863,Refunded,226.99,EUR,apple_pay,economy,
3864,Shipped,139.95,GBP,apple_pay,express,
3865,Returned,1167.95,EUR,paypal,standard,
3866,Pending,616.95,GBP,klarna,standard,
3867,Pending,1199.95,GBP,klarna,ups,Fragile - handle with care
3868,Processing,619.95,GBP,bank_transfer,fedex,
3869,Cancelled,941.95,USD,paypal,overnight,
3870,Cancelled,32.95,GBP,apple_pay,fedex,
3871,Processing,1405.95,USD,apple_pay,ups,
3872,Cancelled,1354.99,USD,bank_transfer,express,
3873,Cancelled,586.99,EUR,apple_pay,economy,
3874,Returned,776.95,EUR,klarna,overnight,
3875,Processing,616.95,GBP,apple_pay,economy,
3876,Pending,1143.95,GBP,apple_pay,standard,
3877,Refunded,1292.99,USD,bank_transfer,express,
3878,Processing,117.99,GBP,credit_card,express,
3879,Cancelled,34.95,EUR,bank_transfer,dhl,
3880,Refunded,826.95,GBP,google_pay,overnight,
3881,Delivered,1440.99,EUR,credit_card,overnight,
3882,Returned,1272.99,GBP,bank_transfer,fedex,
3883,Delivered,1020.95,GBP,google_pay,standard,
3884,Processing,439.95,USD,google_pay,overnight,
3885,Delivered,768.95,GBP,klarna,ups,
3886,Cancelled,1052.95,USD,apple_pay,pickup_point,
3887,Cancelled,865.95,EUR,bank_transfer,standard,
3888,Cancelled,978.99,USD,debit_card,ups,
3889,Processing,570.99,EUR,paypal,overnight,
3890,Pending,1196.99,USD,paypal,economy,
3891,Processing,650.99,USD,debit_card,ups,
3892,Returned,232.99,EUR,credit_card,dhl,Deliver to back entrance
3893,Refunded,825.95,EUR,google_pay,standard,
3894,Returned,1024.95,GBP,google_pay,economy,
3895,Refunded,222.95,GBP,debit_card,ups,
3896,Refunded,1222.95,USD,apple_pay,express,
3897,Refunded,1337.95,EUR,klarna,economy,
3898,Returned,184.99,USD,apple_pay,pickup_point,
3899,Shipped,676.95,EUR,bank_transfer,economy,
3900,Shipped,851.99,USD,klarna,economy,
3901,Cancelled,1055.95,EUR,paypal,pickup_point,
3902,Pending,572.99,GBP,paypal,express,
3903,Cancelled,835.99,USD,paypal,ups,
3904,Cancelled,312.99,EUR,google_pay,ups,
3905,Refunded,1413.99,EUR,paypal,fedex,
3906,Cancelled,809.99,EUR,apple_pay,economy,
3907,Shipped,1303.99,GBP,bank_transfer,dhl,
3908,Returned,690.99,GBP,bank_transfer,economy,
3909,Shipped,588.99,EUR,bank_transfer,pickup_point,
3910,Returned,1188.99,GBP,apple_pay,fedex,
3911,Shipped,820.95,EUR,paypal,express,
3912,Cancelled,49.95,EUR,apple_pay,economy,
3913,Processing,447.95,EUR,debit_card,fedex,
3914,Refunded,1324.99,GBP,klarna,overnight,
3915,Pending,711.99,USD,credit_card,economy,
3916,Delivered,1407.95,GBP,google_pay,standard,
3917,Cancelled,226.95,EUR,bank_transfer,standard,
3918,Pending,546.99,GBP,google_pay,overnight,
3919,Processing,795.95,GBP,paypal,dhl,
3920,Pending,198.95,USD,debit_card,express,
3921,Pending,949.99,USD,apple_pay,dhl,
3922,Processing,255.95,USD,debit_card,pickup_point,
3923,Cancelled,511.99,GBP,credit_card,overnight,
3924,Processing,1441.99,EUR,debit_card,overnight,
3925,Returned,1194.95,USD,bank_transfer,express,
3926,Shipped,563.99,USD,credit_card,dhl,
3927,Delivered,207.99,GBP,apple_pay,pickup_point,
3928,Returned,446.99,USD,bank_transfer,overnight,
3929,Processing,859.95,EUR,debit_card,dhl,
3930,Shipped,780.99,EUR,klarna,economy,
3931,Shipped,1372.95,USD,google_pay,express,
3932,Processing,1084.99,EUR,google_pay,economy,
3933,Cancelled,1211.95,EUR,credit_card,express,
3934,Delivered,1135.95,GBP,paypal,standard,
3935,Returned,1113.95,GBP,paypal,economy,
3936,Delivered,722.99,USD,google_pay,express,
3937,Pending,1291.95,USD,apple_pay,standard,
3938,Pending,211.95,EUR,credit_card,ups,
3939,Shipped,1407.95,EUR,klarna,standard,
3940,Refunded,1344.95,EUR,google_pay,economy,
3941,Processing,1225.99,USD,paypal,ups,
3942,Shipped,811.95,USD,apple_pay,ups,
3943,Shipped,1464.95,USD,apple_pay,economy,
3944,Shipped,1397.95,USD,credit_card,pickup_point,
3945,Delivered,1421.95,USD,debit_card,pickup_point,
3946,Delivered,258.99,EUR,apple_pay,dhl,
3947,Shipped,184.95,GBP,klarna,dhl,
3948,Pending,598.99,USD,google_pay,express,
3949,Shipped,461.95,GBP,bank_transfer,express,
3950,Shipped,201.99,EUR,google_pay,economy,
3951,Shipped,346.95,GBP,paypal,ups,
3952,Cancelled,559.99,GBP,credit_card,dhl,Ring doorbell twice
3953,Processing,1239.99,GBP,google_pay,dhl,
3954,Refunded,1001.95,EUR,klarna,express,
3955,Delivered,1363.95,EUR,klarna,economy,
3956,Refunded,1087.95,GBP,paypal,pickup_point,
3957,Returned,1257.99,GBP,debit_card,express,
3958,Pending,693.99,GBP,apple_pay,standard,
3959,Refunded,642.99,GBP,paypal,express,
3960,Shipped,381.99,USD,bank_transfer,express,
3961,Processing,216.99,USD,google_pay,ups,
3962,Pending,589.99,USD,paypal,standard,
3963,Pending,78.95,EUR,apple_pay,standard,
3964,Delivered,240.95,USD,debit_card,standard,
3965,Pending,123.99,EUR,paypal,pickup_point,
3966,Processing,1019.95,EUR,klarna,fedex,
3967,Shipped,292.95,EUR,bank_transfer,express,
3968,Cancelled,614.99,EUR,apple_pay,standard,
3969,Pending,310.99,GBP,credit_card,express,
3970,Returned,537.99,EUR,debit_card,standard,
3971,Cancelled,952.95,EUR,google_pay,express,
3972,Returned,953.99,USD,apple_pay,fedex,
3973,Processing,276.99,GBP,google_pay,pickup_point,
3974,Refunded,954.95,EUR,credit_card,fedex,
3975,Refunded,990.99,GBP,bank_transfer,pickup_point,
3976,Returned,1264.99,EUR,debit_card,ups,
3977,Refunded,850.99,USD,credit_card,economy,
3978,Shipped,877.99,EUR,debit_card,standard,
3979,Returned,1489.99,EUR,bank_transfer,dhl,
3980,Returned,175.99,USD,credit_card,pickup_point,
3981,Delivered,1406.95,EUR,paypal,economy,
3982,Refunded,465.99,USD,google_pay,standard,Please pack carefully
3983,Cancelled,219.99,EUR,bank_transfer,express,
3984,Shipped,913.95,EUR,google_pay,express,Residential address
3985,Returned,1142.95,GBP,paypal,overnight,
3986,Delivered,1137.95,GBP,klarna,standard,
3987,Refunded,876.99,GBP,google_pay,economy,
3988,Cancelled,448.99,GBP,klarna,economy,
3989,Processing,521.95,EUR,credit_card,express,
3990,Cancelled,856.95,EUR,debit_card,fedex,
3991,Processing,985.95,USD,google_pay,dhl,Do not leave in direct sunlight
3992,Pending,126.99,GBP,klarna,fedex,
3993,Refunded,1252.95,EUR,credit_card,ups,
3994,Refunded,1284.99,EUR,credit_card,pickup_point,
3995,Returned,782.99,USD,credit_card,express,
3996,Pending,1084.99,USD,klarna,economy,
3997,Shipped,727.95,EUR,bank_transfer,pickup_point,
3998,Cancelled,867.95,GBP,paypal,express,
3999,Cancelled,1059.95,GBP,bank_transfer,pickup_point,
4000,Pending,392.95,USD,klarna,overnight,Residential address
4001,Returned,1126.95,USD,klarna,ups,
4002,Delivered,944.99,EUR,paypal,overnight,
4003,Cancelled,430.99,EUR,credit_card,pickup_point,
4004,Returned,1177.99,EUR,apple_pay,dhl,
4005,Cancelled,1151.99,GBP,bank_transfer,ups,
4006,Delivered,1256.95,EUR,paypal,fedex,
4007,Refunded,1087.99,USD,klarna,economy,
4008,Pending,711.95,USD,bank_transfer,fedex,
4009,Processing,1087.95,GBP,paypal,economy,
4010,Pending,400.99,EUR,debit_card,express,Signature required
4011,Shipped,156.99,GBP,bank_transfer,pickup_point,
4012,Shipped,538.99,USD,credit_card,express,
4013,Processing,467.95,EUR,credit_card,ups,
4014,Returned,62.99,USD,klarna,economy,
4015,Returned,807.95,USD,credit_card,fedex,
4016,Shipped,290.95,USD,bank_transfer,standard,
4017,Refunded,240.99,EUR,klarna,dhl,Fragile - handle with care
4018,Processing,585.95,USD,bank_transfer,economy,
4019,Pending,1209.99,EUR,credit_card,pickup_point,
4020,Delivered,398.95,GBP,bank_transfer,ups,
4021,Returned,701.95,GBP,google_pay,economy,
4022,Returned,235.99,USD,apple_pay,economy,
4023,Pending,540.99,EUR,apple_pay,pickup_point,
4024,Processing,1356.95,EUR,apple_pay,standard,
4025,Shipped,876.99,GBP,credit_card,fedex,ASAP delivery needed
4026,Shipped,1391.99,GBP,apple_pay,ups,
4027,Pending,199.95,EUR,bank_transfer,standard,
4028,Cancelled,962.99,USD,credit_card,pickup_point,
4029,Returned,372.95,USD,paypal,fedex,
4030,Processing,265.95,EUR,credit_card,standard,
4031,Pending,1064.95,EUR,apple_pay,ups,
4032,Pending,710.99,GBP,credit_card,economy,
4033,Pending,914.95,GBP,google_pay,standard,
4034,Processing,1150.95,EUR,credit_card,pickup_point,
4035,Cancelled,88.99,USD,klarna,pickup_point,
4036,Processing,1425.95,EUR,klarna,economy,
4037,Pending,517.95,GBP,bank_transfer,ups,
4038,Returned,1251.99,GBP,debit_card,pickup_point,
4039,Pending,1128.99,USD,paypal,fedex,
4040,Returned,847.99,EUR,bank_transfer,fedex,
4041,Cancelled,370.95,GBP,bank_transfer,economy,
4042,Refunded,93.95,GBP,debit_card,fedex,
4043,Returned,331.95,USD,klarna,overnight,
4044,Pending,881.99,USD,credit_card,fedex,
4045,Cancelled,111.95,EUR,paypal,fedex,
4046,Cancelled,200.95,GBP,credit_card,standard,
4047,Returned,1254.99,GBP,credit_card,standard,
4048,Pending,694.95,GBP,google_pay,fedex,
4049,Refunded,773.99,EUR,debit_card,pickup_point,
4050,Cancelled,1168.99,EUR,credit_card,ups,
4051,Shipped,1210.99,USD,credit_card,pickup_point,
4052,Pending,260.95,USD,apple_pay,pickup_point,
4053,Pending,1466.95,GBP,paypal,ups,
4054,Pending,467.95,USD,klarna,ups,
4055,Shipped,432.95,GBP,klarna,standard,
4056,Cancelled,452.99,USD,bank_transfer,economy,
4057,Returned,1345.99,GBP,credit_card,economy,
4058,Processing,165.99,EUR,apple_pay,dhl,
4059,Shipped,693.99,USD,paypal,express,
4060,Cancelled,456.99,EUR,paypal,fedex,
4061,Shipped,1344.99,EUR,bank_transfer,ups,
4062,Delivered,294.95,USD,apple_pay,ups,
4063,Shipped,584.95,GBP,klarna,fedex,
4064,Pending,604.99,USD,debit_card,pickup_point,
4065,Delivered,1335.99,GBP,apple_pay,fedex,
4066,Delivered,451.99,USD,credit_card,overnight,
4067,Processing,427.95,EUR,bank_transfer,dhl,
4068,Cancelled,351.95,USD,apple_pay,standard,
4069,Refunded,887.99,EUR,klarna,fedex,
4070,Processing,341.95,GBP,klarna,economy,
4071,Pending,122.95,EUR,google_pay,overnight,
4072,Cancelled,276.95,EUR,paypal,standard,
4073,Shipped,1182.95,GBP,apple_pay,fedex,
4074,Processing,662.95,USD,bank_transfer,ups,
4075,Processing,940.95,USD,paypal,overnight,Gift wrapping requested
4076,Refunded,1055.99,GBP,google_pay,express,
4077,Returned,497.99,USD,google_pay,ups,
4078,Returned,649.99,USD,apple_pay,dhl,Please leave at front door
4079,Processing,1498.99,EUR,debit_card,fedex,
4080,Delivered,1287.95,GBP,paypal,overnight,
4081,Delivered,192.95,EUR,debit_card,overnight,
4082,Returned,784.99,GBP,google_pay,dhl,
4083,Shipped,47.99,USD,google_pay,overnight,
4084,Delivered,554.95,EUR,credit_card,ups,
4085,Returned,301.95,USD,paypal,pickup_point,
4086,Refunded,191.95,GBP,credit_card,economy,
4087,Delivered,1352.99,EUR,credit_card,economy,
4088,Shipped,683.95,EUR,credit_card,ups,
4089,Shipped,1452.99,EUR,paypal,economy,
4090,Shipped,1012.95,GBP,bank_transfer,overnight,
4091,Pending,1399.95,USD,apple_pay,economy,Deliver to back entrance
4092,Cancelled,948.95,EUR,credit_card,pickup_point,
4093,Pending,1283.99,USD,klarna,fedex,
4094,Cancelled,1261.95,EUR,google_pay,express,
4095,Cancelled,1334.95,GBP,klarna,ups,
4096,Shipped,792.99,EUR,paypal,express,
4097,Cancelled,1134.99,GBP,klarna,fedex,
4098,Processing,46.99,USD,debit_card,economy,
4099,Processing,551.99,EUR,paypal,overnight,
4100,Returned,813.99,USD,debit_card,ups,
4101,Pending,843.99,GBP,debit_card,express,
4102,Returned,354.95,GBP,credit_card,economy,
4103,Refunded,1003.99,EUR,credit_card,express,
4104,Shipped,1011.95,EUR,debit_card,pickup_point,
4105,Refunded,1401.99,GBP,debit_card,fedex,
4106,Processing,1397.99,EUR,google_pay,economy,
4107,Pending,809.99,EUR,apple_pay,fedex,
4108,Processing,48.95,EUR,apple_pay,dhl,
4109,Pending,510.95,USD,klarna,overnight,
4110,Returned,120.99,USD,bank_transfer,dhl,
4111,Returned,748.99,EUR,klarna,economy,
4112,Processing,1448.95,EUR,credit_card,economy,
4113,Cancelled,303.99,EUR,klarna,economy,
4114,Cancelled,337.95,USD,paypal,standard,
4115,Shipped,635.95,GBP,bank_transfer,fedex,
4116,Delivered,548.99,EUR,bank_transfer,overnight,
4117,Cancelled,259.95,GBP,debit_card,fedex,
4118,Cancelled,436.99,USD,apple_pay,ups,
4119,Cancelled,262.95,GBP,debit_card,standard,
4120,Processing,39.95,EUR,bank_transfer,fedex,
4121,Delivered,411.99,USD,debit_card,fedex,
4122,Processing,1408.95,USD,credit_card,economy,
4123,Cancelled,1392.95,EUR,credit_card,dhl,
4124,Refunded,983.99,GBP,bank_transfer,standard,Fragile - handle with care
4125,Delivered,906.95,EUR,paypal,overnight,
4126,Returned,29.95,EUR,debit_card,pickup_point,
4127,Shipped,458.99,GBP,google_pay,dhl,
4128,Pending,1303.95,EUR,google_pay,pickup_point,
4129,Delivered,501.95,GBP,credit_card,express,
4130,Delivered,659.99,USD,apple_pay,dhl,
4131,Delivered,792.99,EUR,debit_card,express,
4132,Pending,791.99,USD,google_pay,dhl,
4133,Pending,1213.95,GBP,paypal,fedex,
4134,Returned,1478.99,USD,apple_pay,standard,
4135,Delivered,823.99,EUR,google_pay,economy,
4136,Shipped,1479.95,EUR,apple_pay,dhl,Ring doorbell twice
4137,Cancelled,1001.99,GBP,klarna,economy,
4138,Cancelled,171.99,EUR,paypal,pickup_point,
4139,Pending,113.95,EUR,debit_card,overnight,
4140,Refunded,1242.99,EUR,debit_card,dhl,
4141,Pending,45.95,EUR,apple_pay,economy,
4142,Cancelled,572.99,EUR,google_pay,fedex,
4143,Shipped,1005.95,USD,credit_card,dhl,
4144,Processing,770.99,USD,klarna,economy,
4145,Delivered,692.95,USD,klarna,express,
4146,Cancelled,216.95,EUR,credit_card,fedex,
4147,Processing,596.95,USD,debit_card,overnight,
4148,Processing,581.99,EUR,bank_transfer,economy,
4149,Pending,1467.95,GBP,debit_card,fedex,
4150,Pending,235.99,EUR,credit_card,standard,
4151,Delivered,283.99,GBP,apple_pay,pickup_point,
4152,Cancelled,1356.99,EUR,paypal,ups,
4153,Processing,803.95,USD,bank_transfer,economy,
4154,Cancelled,960.99,USD,klarna,standard,
4155,Cancelled,525.99,GBP,klarna,ups,
4156,Returned,169.95,GBP,klarna,economy,
4157,Pending,1120.95,GBP,apple_pay,express,
4158,Shipped,1481.99,USD,paypal,pickup_point,
4159,Returned,32.99,EUR,bank_transfer,overnight,
4160,Cancelled,530.99,GBP,bank_transfer,overnight,
4161,Cancelled,1341.99,GBP,debit_card,overnight,Combine with other items if available
4162,Shipped,948.99,GBP,apple_pay,dhl,
4163,Pending,36.95,GBP,google_pay,overnight,
4164,Returned,161.99,GBP,apple_pay,fedex,
4165,Delivered,278.99,EUR,bank_transfer,express,
4166,Shipped,129.99,GBP,google_pay,economy,
4167,Pending,322.95,USD,apple_pay,standard,
4168,Processing,1188.99,USD,debit_card,overnight,
4169,Delivered,645.99,EUR,klarna,standard,
4170,Cancelled,1287.95,USD,debit_card,fedex,
4171,Returned,1477.95,GBP,apple_pay,ups,
4172,Pending,944.95,USD,apple_pay,overnight,
4173,Cancelled,341.95,USD,debit_card,ups,
4174,Returned,899.99,GBP,credit_card,pickup_point,
4175,Delivered,990.95,USD,klarna,ups,
4176,Cancelled,451.95,GBP,klarna,overnight,
4177,Processing,1327.95,USD,credit_card,standard,
4178,Delivered,276.99,EUR,google_pay,express,
4179,Shipped,1245.99,USD,debit_card,economy,Deliver to back entrance
4180,Shipped,689.99,USD,klarna,fedex,
4181,Cancelled,518.99,GBP,apple_pay,fedex,
4182,Pending,88.99,GBP,paypal,ups,
4183,Returned,914.95,EUR,google_pay,express,
4184,Cancelled,342.95,EUR,apple_pay,dhl,
4185,Shipped,128.95,GBP,credit_card,economy,
4186,Pending,996.99,EUR,paypal,express,
4187,Shipped,180.99,EUR,klarna,overnight,
4188,Shipped,194.95,USD,paypal,economy,
4189,Shipped,1403.95,EUR,paypal,economy,
4190,Returned,527.99,GBP,paypal,ups,
4191,Pending,1434.95,GBP,paypal,standard,
4192,Cancelled,1150.95,EUR,google_pay,pickup_point,
4193,Processing,242.99,GBP,apple_pay,standard,
4194,Cancelled,191.95,GBP,debit_card,overnight,
4195,Cancelled,1177.95,GBP,credit_card,pickup_point,
4196,Processing,757.99,USD,debit_card,express,
4197,Shipped,1225.99,GBP,paypal,fedex,
4198,Processing,1447.99,GBP,google_pay,fedex,
4199,Refunded,436.95,USD,credit_card,overnight,
4200,Processing,1229.99,USD,klarna,fedex,
4201,Cancelled,361.99,EUR,klarna,economy,
4202,Pending,1194.95,EUR,google_pay,pickup_point,
4203,Returned,455.99,EUR,bank_transfer,express,
4204,Pending,935.99,USD,apple_pay,standard,
4205,Delivered,760.99,USD,apple_pay,ups,
4206,Shipped,289.95,EUR,bank_transfer,pickup_point,
4207,Cancelled,720.95,GBP,debit_card,fedex,
4208,Cancelled,1073.95,EUR,apple_pay,fedex,
4209,Shipped,101.95,GBP,paypal,dhl,
4210,Processing,75.99,GBP,google_pay,overnight,
4211,Returned,1368.99,GBP,bank_transfer,pickup_point,
4212,Cancelled,779.95,USD,bank_transfer,standard,
4213,Returned,1054.99,EUR,klarna,express,
4214,Delivered,187.95,EUR,apple_pay,fedex,
4215,Returned,855.99,GBP,bank_transfer,pickup_point,
4216,Refunded,45.99,USD,bank_transfer,dhl,
4217,Processing,1045.99,USD,google_pay,fedex,
4218,Returned,415.99,GBP,credit_card,pickup_point,
4219,Refunded,1141.99,USD,apple_pay,standard,
4220,Returned,1235.95,USD,credit_card,dhl,
4221,Shipped,1439.99,USD,credit_card,fedex,
4222,Refunded,740.99,GBP,google_pay,express,
4223,Cancelled,835.99,USD,google_pay,overnight,
4224,Cancelled,90.99,USD,bank_transfer,overnight,
4225,Processing,827.99,EUR,klarna,fedex,Do not leave in direct sunlight
4226,Returned,1332.95,EUR,klarna,overnight,
4227,Returned,1313.95,USD,google_pay,dhl,
4228,Pending,1077.95,GBP,bank_transfer,pickup_point,
4229,Delivered,561.95,EUR,klarna,overnight,
4230,Processing,483.95,EUR,klarna,express,
4231,Refunded,328.95,USD,paypal,fedex,
4232,Pending,964.95,USD,paypal,fedex,
4233,Delivered,91.95,USD,apple_pay,pickup_point,
4234,Delivered,327.95,GBP,bank_transfer,ups,
4235,Shipped,983.95,GBP,klarna,express,
4236,Shipped,139.99,EUR,debit_card,dhl,
4237,Shipped,1133.95,EUR,debit_card,overnight,
4238,Processing,116.95,GBP,google_pay,dhl,Ring doorbell twice
4239,Refunded,1473.95,EUR,credit_card,fedex,
4240,Pending,26.99,USD,debit_card,ups,
4241,Cancelled,967.95,GBP,apple_pay,ups,
4242,Delivered,1072.95,EUR,bank_transfer,overnight,
4243,Processing,295.95,USD,google_pay,standard,
4244,Shipped,1148.99,USD,paypal,overnight,Gift wrapping requested
4245,Cancelled,774.99,USD,klarna,dhl,
4246,Cancelled,413.95,GBP,google_pay,economy,
4247,Delivered,849.95,GBP,bank_transfer,dhl,
4248,Shipped,551.95,GBP,apple_pay,pickup_point,
4249,Returned,441.99,USD,credit_card,express,
4250,Returned,1126.99,USD,credit_card,dhl,
4251,Processing,93.99,USD,debit_card,overnight,
4252,Cancelled,621.95,EUR,debit_card,fedex,
4253,Processing,727.95,GBP,apple_pay,overnight,
4254,Cancelled,1069.99,GBP,google_pay,standard,
4255,Pending,1382.95,EUR,bank_transfer,overnight,
4256,Shipped,1229.99,EUR,paypal,overnight,
4257,Returned,136.99,GBP,google_pay,dhl,
4258,Processing,857.95,USD,credit_card,ups,
4259,Refunded,905.99,USD,google_pay,dhl,
4260,Pending,634.95,USD,klarna,ups,
4261,Returned,1376.99,GBP,paypal,overnight,
4262,Delivered,1478.95,EUR,paypal,standard,
4263,Shipped,1252.99,USD,bank_transfer,standard,
4264,Cancelled,1375.95,GBP,klarna,fedex,
4265,Returned,637.99,GBP,paypal,fedex,
4266,Cancelled,761.99,USD,google_pay,dhl,
4267,Returned,269.99,EUR,bank_transfer,economy,
4268,Shipped,1035.99,GBP,paypal,fedex,
4269,Delivered,814.95,GBP,bank_transfer,standard,
4270,Refunded,179.99,GBP,paypal,economy,
4271,Processing,701.95,EUR,google_pay,economy,
4272,Cancelled,942.99,USD,credit_card,standard,
4273,Shipped,569.99,GBP,bank_transfer,fedex,
4274,Refunded,774.99,GBP,apple_pay,economy,
4275,Processing,87.99,USD,credit_card,fedex,
4276,Shipped,379.95,EUR,paypal,overnight,
4277,Cancelled,1113.99,EUR,debit_card,fedex,
4278,Pending,15.99,USD,google_pay,economy,
4279,Shipped,99.95,EUR,credit_card,ups,
4280,Refunded,1370.99,GBP,paypal,express,
4281,Delivered,1327.95,GBP,klarna,dhl,
4282,Cancelled,897.99,GBP,google_pay,fedex,
4283,Delivered,1264.99,GBP,apple_pay,fedex,
4284,Refunded,481.99,GBP,bank_transfer,ups,
4285,Processing,1362.99,GBP,paypal,overnight,
4286,Pending,1025.99,USD,google_pay,express,
4287,Refunded,342.95,USD,debit_card,fedex,
4288,Cancelled,1063.99,GBP,apple_pay,dhl,
4289,Returned,831.95,GBP,credit_card,standard,
4290,Processing,106.95,USD,paypal,dhl,
4291,Processing,1313.99,USD,paypal,ups,
4292,Shipped,1145.95,USD,klarna,pickup_point,
4293,Refunded,481.95,USD,paypal,dhl,
4294,Cancelled,834.95,GBP,paypal,overnight,
4295,Returned,889.95,GBP,bank_transfer,fedex,
4296,Cancelled,1311.99,GBP,debit_card,fedex,
4297,Returned,229.99,USD,paypal,economy,
4298,Refunded,624.99,GBP,debit_card,economy,
4299,Delivered,1145.95,EUR,paypal,pickup_point,
4300,Cancelled,1136.95,EUR,bank_transfer,dhl,
4301,Refunded,482.99,EUR,klarna,pickup_point,
4302,Shipped,1377.95,EUR,bank_transfer,dhl,
4303,Processing,1204.99,GBP,google_pay,standard,
4304,Delivered,720.99,GBP,debit_card,ups,
4305,Processing,884.95,USD,bank_transfer,dhl,
4306,Processing,706.95,GBP,google_pay,economy,
4307,Cancelled,547.99,GBP,debit_card,fedex,
4308,Refunded,170.99,EUR,paypal,dhl,
4309,Processing,720.95,USD,credit_card,overnight,
4310,Refunded,592.95,EUR,apple_pay,dhl,
4311,Cancelled,775.99,GBP,google_pay,ups,
4312,Shipped,847.95,USD,klarna,fedex,
4313,Cancelled,697.95,EUR,paypal,ups,
4314,Returned,976.99,GBP,debit_card,economy,
4315,Cancelled,357.99,GBP,google_pay,dhl,
4316,Shipped,713.99,GBP,bank_transfer,standard,
4317,Refunded,739.99,EUR,debit_card,ups,
4318,Processing,1496.95,GBP,credit_card,pickup_point,
4319,Pending,1048.99,USD,klarna,dhl,
4320,Refunded,285.95,EUR,paypal,express,ASAP delivery needed
4321,Pending,1229.95,GBP,google_pay,standard,
4322,Returned,716.95,USD,credit_card,ups,
4323,Returned,1421.99,USD,google_pay,ups,
4324,Refunded,182.95,USD,bank_transfer,overnight,
4325,Refunded,1128.99,EUR,klarna,fedex,
4326,Refunded,736.99,USD,apple_pay,ups,
4327,Refunded,617.95,USD,klarna,economy,
4328,Shipped,1251.95,EUR,bank_transfer,pickup_point,
4329,Shipped,1447.95,GBP,apple_pay,ups,
4330,Pending,874.95,USD,paypal,overnight,
4331,Refunded,1065.99,USD,bank_transfer,economy,
4332,Pending,1051.99,GBP,debit_card,dhl,
4333,Shipped,996.99,USD,google_pay,standard,
4334,Refunded,1280.99,EUR,debit_card,express,Please pack carefully
4335,Processing,227.95,EUR,credit_card,dhl,
4336,Processing,131.95,GBP,debit_card,ups,
4337,Cancelled,766.95,USD,klarna,economy,Do not leave in direct sunlight
4338,Returned,471.95,EUR,debit_card,express,
4339,Pending,853.99,GBP,credit_card,pickup_point,
4340,Shipped,806.95,USD,paypal,ups,
4341,Returned,759.95,EUR,google_pay,economy,
4342,Processing,461.99,EUR,credit_card,dhl,
4343,Refunded,438.95,USD,klarna,fedex,
4344,Cancelled,1132.99,USD,credit_card,overnight,
4345,Cancelled,1041.99,USD,credit_card,fedex,
4346,Cancelled,65.99,USD,bank_transfer,standard,
4347,Pending,907.95,USD,google_pay,economy,
4348,Refunded,1006.99,EUR,klarna,dhl,
4349,Returned,268.99,USD,credit_card,ups,
4350,Delivered,1137.95,EUR,debit_card,express,
4351,Delivered,711.95,USD,bank_transfer,pickup_point,
4352,Shipped,1487.99,USD,apple_pay,pickup_point,
4353,Delivered,1185.99,USD,klarna,express,
4354,Delivered,1167.99,USD,klarna,overnight,
4355,Cancelled,587.95,EUR,debit_card,economy,
4356,Delivered,393.95,GBP,google_pay,ups,Business address
4357,Shipped,1163.99,GBP,credit_card,express,
4358,Delivered,1416.99,USD,bank_transfer,express,
4359,Processing,554.99,USD,google_pay,pickup_point,
4360,Cancelled,314.95,EUR,klarna,pickup_point,
4361,Pending,1481.99,USD,google_pay,dhl,
4362,Processing,937.95,USD,bank_transfer,ups,
4363,Refunded,1239.99,EUR,apple_pay,economy,
4364,Processing,1034.99,GBP,debit_card,ups,
4365,Returned,281.99,EUR,bank_transfer,overnight,
4366,Pending,1071.99,USD,apple_pay,dhl,
4367,Refunded,193.95,EUR,debit_card,fedex,
4368,Pending,1221.95,EUR,google_pay,standard,
4369,Returned,381.95,GBP,credit_card,fedex,
4370,Shipped,1052.99,EUR,bank_transfer,pickup_point,
4371,Pending,131.99,USD,klarna,economy,Fragile - handle with care
4372,Refunded,771.95,GBP,google_pay,dhl,
4373,Cancelled,116.95,EUR,paypal,ups,
4374,Returned,291.95,GBP,credit_card,dhl,ASAP delivery needed
4375,Shipped,136.95,EUR,debit_card,overnight,
4376,Refunded,671.95,EUR,debit_card,pickup_point,
4377,Returned,451.99,EUR,credit_card,overnight,
4378,Delivered,280.95,GBP,bank_transfer,ups,
4379,Cancelled,166.95,EUR,klarna,pickup_point,
4380,Processing,266.95,GBP,google_pay,express,
4381,Cancelled,256.95,USD,apple_pay,overnight,
4382,Cancelled,544.95,EUR,debit_card,fedex,
4383,Pending,629.95,GBP,klarna,ups,
4384,Refunded,470.95,USD,paypal,standard,
4385,Refunded,734.99,GBP,bank_transfer,standard,
4386,Delivered,1299.99,USD,google_pay,standard,
4387,Processing,114.99,USD,klarna,express,
4388,Pending,932.95,USD,bank_transfer,dhl,
4389,Pending,696.95,EUR,debit_card,overnight,
4390,Processing,1102.99,USD,paypal,pickup_point,
4391,Processing,1061.99,EUR,paypal,fedex,
4392,Pending,1021.95,GBP,debit_card,ups,
4393,Returned,275.95,EUR,bank_transfer,economy,
4394,Returned,1151.95,USD,apple_pay,dhl,
4395,Delivered,778.95,USD,klarna,dhl,
4396,Pending,419.99,EUR,klarna,pickup_point,
4397,Processing,1325.99,GBP,bank_transfer,overnight,
4398,Delivered,438.95,USD,google_pay,fedex,
4399,Processing,214.99,GBP,apple_pay,overnight,
4400,Refunded,227.99,EUR,apple_pay,dhl,
4401,Pending,1324.95,EUR,bank_transfer,pickup_point,
4402,Delivered,880.99,GBP,google_pay,fedex,
4403,Shipped,1458.99,GBP,paypal,express,
4404,Processing,429.95,GBP,bank_transfer,dhl,
4405,Returned,36.99,GBP,apple_pay,ups,
4406,Cancelled,426.99,EUR,bank_transfer,economy,
4407,Pending,941.95,GBP,google_pay,pickup_point,
4408,Processing,554.95,GBP,google_pay,fedex,
4409,Pending,1465.99,USD,apple_pay,express,
4410,Delivered,351.95,EUR,klarna,fedex,
4411,Pending,128.95,GBP,debit_card,standard,
4412,Delivered,650.99,USD,paypal,fedex,
4413,Delivered,1097.95,EUR,credit_card,ups,
4414,Processing,528.99,GBP,debit_card,express,
4415,Refunded,1028.99,USD,klarna,ups,
4416,Shipped,205.99,GBP,debit_card,dhl,
4417,Cancelled,569.99,USD,apple_pay,standard,
4418,Shipped,1493.99,EUR,debit_card,fedex,
4419,Refunded,757.95,EUR,apple_pay,express,
4420,Processing,813.99,EUR,bank_transfer,standard,
4421,Delivered,885.95,GBP,apple_pay,pickup_point,Gift wrapping requested
4422,Shipped,899.99,EUR,debit_card,dhl,
4423,Refunded,593.95,GBP,debit_card,standard,
4424,Pending,293.99,GBP,google_pay,overnight,
4425,Shipped,673.95,EUR,paypal,dhl,
4426,Cancelled,313.95,EUR,klarna,ups,
4427,Returned,232.99,GBP,credit_card,standard,
4428,Returned,1452.95,EUR,debit_card,overnight,
4429,Shipped,658.95,GBP,debit_card,standard,
4430,Cancelled,1389.99,GBP,debit_card,express,
4431,Delivered,773.95,USD,paypal,standard,
4432,Cancelled,451.95,USD,google_pay,pickup_point,
4433,Pending,1097.99,EUR,credit_card,dhl,
4434,Processing,978.95,USD,debit_card,pickup_point,Signature required
4435,Refunded,143.99,USD,debit_card,pickup_point,
4436,Pending,874.99,EUR,apple_pay,economy,
4437,Pending,422.95,EUR,credit_card,overnight,
4438,Shipped,1491.95,USD,google_pay,standard,
4439,Returned,587.99,GBP,google_pay,express,
4440,Cancelled,1258.99,GBP,credit_card,ups,
4441,Shipped,1427.95,USD,debit_card,fedex,
4442,Pending,426.95,USD,paypal,pickup_point,
4443,Returned,1405.95,GBP,paypal,ups,
4444,Delivered,430.99,EUR,debit_card,economy,
4445,Processing,1473.99,USD,apple_pay,economy,
4446,Shipped,78.95,USD,paypal,economy,
4447,Shipped,193.99,GBP,paypal,pickup_point,
4448,Returned,969.95,GBP,bank_transfer,express,
4449,Delivered,990.95,GBP,google_pay,economy,
4450,Cancelled,835.95,USD,apple_pay,express,
4451,Refunded,1056.99,GBP,paypal,standard,
4452,Processing,641.95,USD,bank_transfer,dhl,
4453,Refunded,618.95,EUR,credit_card,economy,
4454,Returned,651.99,USD,klarna,dhl,
4455,Refunded,253.99,EUR,apple_pay,dhl,
4456,Shipped,1149.95,GBP,apple_pay,economy,
4457,Pending,1118.95,GBP,credit_card,standard,
4458,Processing,852.99,EUR,debit_card,express,
4459,Returned,559.95,USD,debit_card,standard,
4460,Cancelled,62.95,GBP,google_pay,overnight,
4461,Processing,464.95,EUR,paypal,fedex,
4462,Refunded,911.95,GBP,paypal,fedex,
4463,Shipped,95.95,USD,paypal,dhl,
4464,Returned,934.99,EUR,apple_pay,economy,
4465,Returned,1013.99,GBP,debit_card,economy,
4466,Cancelled,544.99,EUR,klarna,ups,
4467,Refunded,1489.99,GBP,klarna,express,
4468,Refunded,1253.99,GBP,paypal,economy,
4469,Cancelled,1170.95,EUR,klarna,dhl,
4470,Delivered,350.95,EUR,apple_pay,dhl,
4471,Refunded,347.95,EUR,credit_card,overnight,
4472,Delivered,510.99,GBP,apple_pay,ups,Deliver to back entrance
4473,Pending,1320.99,GBP,debit_card,express,Combine with other items if available
4474,Returned,414.95,EUR,apple_pay,ups,
4475,Delivered,958.99,USD,apple_pay,overnight,
4476,Delivered,250.99,USD,google_pay,fedex,
4477,Returned,1362.99,GBP,debit_card,dhl,
4478,Pending,1177.95,GBP,apple_pay,pickup_point,
4479,Refunded,1434.99,GBP,credit_card,fedex,
4480,Refunded,1187.99,EUR,paypal,dhl,
4481,Delivered,1142.95,USD,apple_pay,ups,
4482,Shipped,709.95,GBP,google_pay,standard,
4483,Pending,542.99,EUR,credit_card,pickup_point,
4484,Refunded,945.95,EUR,debit_card,economy,
4485,Pending,1415.95,USD,bank_transfer,express,
4486,Cancelled,1486.95,GBP,bank_transfer,economy,
4487,Cancelled,1481.95,USD,credit_card,express,
4488,Pending,883.95,USD,bank_transfer,pickup_point,
4489,Processing,236.95,EUR,paypal,pickup_point,
4490,Refunded,726.99,EUR,paypal,pickup_point,
4491,Pending,239.99,USD,klarna,overnight,
4492,Pending,95.95,USD,bank_transfer,ups,Ring doorbell twice
4493,Delivered,1434.95,GBP,bank_transfer,ups,
4494,Processing,331.99,EUR,klarna,overnight,
4495,Processing,244.95,USD,credit_card,fedex,
4496,Processing,904.95,EUR,paypal,pickup_point,
4497,Cancelled,47.95,GBP,debit_card,standard,
4498,Shipped,574.99,EUR,klarna,ups,
4499,Delivered,1291.99,GBP,klarna,pickup_point,
4500,Processing,719.99,EUR,apple_pay,dhl,
4501,Delivered,228.99,EUR,paypal,fedex,
4502,Returned,892.95,EUR,apple_pay,dhl,
4503,Pending,551.99,EUR,apple_pay,dhl,
4504,Returned,181.99,USD,credit_card,pickup_point,
4505,Cancelled,1130.99,EUR,bank_transfer,economy,
4506,Processing,1491.95,EUR,debit_card,dhl,
4507,Returned,870.95,GBP,credit_card,express,
4508,Returned,352.95,GBP,google_pay,standard,
4509,Refunded,981.99,GBP,paypal,standard,
4510,Returned,505.99,GBP,bank_transfer,dhl,
4511,Returned,766.99,USD,klarna,economy,
4512,Cancelled,793.99,USD,paypal,ups,ASAP delivery needed
4513,Cancelled,934.99,EUR,klarna,ups,
4514,Refunded,740.95,USD,apple_pay,dhl,
4515,Shipped,790.95,EUR,debit_card,overnight,
4516,Refunded,1200.95,USD,klarna,economy,
4517,Processing,912.95,EUR,debit_card,fedex,
4518,Delivered,26.99,GBP,google_pay,ups,
4519,Delivered,890.95,GBP,klarna,pickup_point,
4520,Returned,519.99,GBP,paypal,overnight,
4521,Pending,751.99,GBP,credit_card,pickup_point,
4522,Shipped,663.95,GBP,paypal,express,
4523,Cancelled,759.99,GBP,paypal,economy,
4524,Refunded,401.95,USD,klarna,fedex,
4525,Delivered,572.95,EUR,debit_card,standard,
4526,Processing,1177.95,USD,credit_card,overnight,
4527,Refunded,1044.95,GBP,google_pay,express,
4528,Shipped,1024.95,EUR,google_pay,fedex,
4529,Processing,1278.99,EUR,bank_transfer,standard,
4530,Shipped,644.95,USD,klarna,fedex,
4531,Returned,1486.95,USD,google_pay,standard,
4532,Cancelled,290.99,USD,bank_transfer,pickup_point,
4533,Cancelled,695.95,EUR,debit_card,standard,
4534,Returned,957.95,GBP,paypal,dhl,Please leave at front door
4535,Cancelled,450.95,USD,debit_card,express,
4536,Processing,647.99,USD,bank_transfer,dhl,
4537,Delivered,1076.99,GBP,debit_card,standard,
4538,Shipped,465.95,USD,klarna,economy,
4539,Returned,820.95,USD,klarna,standard,
4540,Cancelled,693.95,USD,google_pay,express,
4541,Refunded,96.95,USD,bank_transfer,pickup_point,
4542,Shipped,838.99,EUR,apple_pay,overnight,
4543,Returned,240.95,GBP,google_pay,economy,
4544,Refunded,1430.99,USD,debit_card,overnight,
4545,Shipped,612.99,GBP,google_pay,standard,
4546,Returned,596.95,EUR,klarna,ups,
4547,Cancelled,901.99,EUR,paypal,dhl,
4548,Shipped,483.95,EUR,apple_pay,express,
4549,Returned,1072.95,USD,google_pay,ups,
4550,Processing,589.95,USD,apple_pay,economy,
4551,Cancelled,250.95,EUR,paypal,standard,
4552,Pending,1072.95,USD,credit_card,dhl,
4553,Shipped,584.95,EUR,bank_transfer,overnight,
4554,Shipped,1382.99,EUR,apple_pay,ups,
4555,Cancelled,364.99,USD,credit_card,fedex,
4556,Shipped,1247.99,GBP,credit_card,pickup_point,
4557,Refunded,908.95,EUR,bank_transfer,pickup_point,
4558,Refunded,218.99,EUR,paypal,dhl,
4559,Shipped,929.95,USD,debit_card,standard,
4560,Returned,717.99,EUR,paypal,economy,
4561,Refunded,125.95,EUR,debit_card,express,
4562,Shipped,836.99,EUR,bank_transfer,overnight,
4563,Returned,550.99,GBP,credit_card,economy,
4564,Processing,117.95,USD,bank_transfer,ups,
4565,Delivered,252.99,GBP,credit_card,ups,
4566,Cancelled,782.95,USD,google_pay,dhl,
4567,Cancelled,1013.95,EUR,google_pay,ups,
4568,Cancelled,454.99,EUR,bank_transfer,standard,Business address
4569,Cancelled,1262.95,GBP,credit_card,overnight,
4570,Refunded,436.99,USD,google_pay,fedex,
4571,Pending,45.99,GBP,paypal,economy,
4572,Refunded,45.99,GBP,apple_pay,fedex,
4573,Shipped,218.99,GBP,google_pay,express,
4574,Shipped,381.95,EUR,apple_pay,dhl,
4575,Cancelled,233.95,GBP,klarna,pickup_point,
4576,Cancelled,26.95,GBP,credit_card,dhl,
4577,Processing,366.99,USD,paypal,pickup_point,
4578,Processing,461.99,GBP,bank_transfer,economy,Signature required
4579,Shipped,893.95,EUR,debit_card,ups,
4580,Pending,761.99,GBP,google_pay,fedex,
4581,Refunded,852.95,EUR,credit_card,standard,
4582,Pending,687.99,EUR,paypal,overnight,
4583,Cancelled,1179.95,USD,credit_card,ups,
4584,Returned,38.99,USD,paypal,dhl,
4585,Refunded,366.95,USD,credit_card,ups,
4586,Returned,304.95,EUR,google_pay,fedex,
4587,Shipped,527.95,USD,credit_card,dhl,
4588,Refunded,1487.95,GBP,paypal,fedex,Gift wrapping requested
4589,Returned,326.99,GBP,credit_card,express,
4590,Shipped,1138.95,USD,credit_card,standard,
4591,Refunded,506.99,USD,bank_transfer,express,
4592,Shipped,741.99,USD,klarna,standard,
4593,Shipped,87.95,GBP,bank_transfer,dhl,
4594,Shipped,1038.95,USD,google_pay,economy,
4595,Pending,1006.95,EUR,bank_transfer,ups,
4596,Cancelled,860.95,USD,debit_card,fedex,
4597,Cancelled,1137.95,USD,google_pay,ups,
4598,Delivered,480.95,EUR,google_pay,economy,
4599,Returned,621.99,EUR,credit_card,ups,
4600,Refunded,570.95,EUR,paypal,standard,
4601,Delivered,1487.99,USD,apple_pay,economy,
4602,Pending,447.99,USD,google_pay,dhl,
4603,Shipped,1051.95,EUR,bank_transfer,fedex,
4604,Delivered,670.99,GBP,klarna,dhl,
4605,Cancelled,164.99,USD,bank_transfer,ups,
4606,Cancelled,1291.95,USD,credit_card,ups,
4607,Shipped,1428.99,USD,apple_pay,dhl,
4608,Shipped,1282.99,GBP,credit_card,fedex,
4609,Returned,434.99,USD,klarna,dhl,
4610,Refunded,99.99,USD,debit_card,ups,
4611,Delivered,903.99,GBP,credit_card,economy,
4612,Returned,497.99,USD,credit_card,ups,
4613,Refunded,667.95,EUR,credit_card,fedex,
4614,Cancelled,462.99,USD,klarna,ups,
4615,Shipped,1234.95,GBP,paypal,pickup_point,
4616,Processing,299.95,EUR,debit_card,pickup_point,
4617,Processing,688.99,GBP,google_pay,ups,
4618,Shipped,1440.95,GBP,klarna,overnight,
4619,Shipped,710.99,USD,apple_pay,express,
4620,Shipped,193.99,EUR,google_pay,dhl,
4621,Delivered,1325.95,USD,paypal,standard,
4622,Processing,440.99,EUR,klarna,economy,
4623,Shipped,1182.95,USD,bank_transfer,standard,
4624,Delivered,77.95,EUR,credit_card,ups,
4625,Returned,688.95,USD,klarna,fedex,
4626,Returned,658.95,GBP,klarna,express,
4627,Delivered,937.99,USD,debit_card,fedex,
4628,Pending,486.95,USD,klarna,express,
4629,Refunded,703.99,USD,debit_card,pickup_point,
4630,Refunded,687.95,GBP,klarna,ups,
4631,Processing,1271.95,GBP,google_pay,overnight,
4632,Returned,1258.99,USD,debit_card,economy,
4633,Refunded,1049.95,GBP,paypal,fedex,
4634,Cancelled,554.95,USD,credit_card,standard,
4635,Delivered,1129.99,GBP,bank_transfer,pickup_point,
4636,Delivered,687.95,EUR,bank_transfer,standard,
4637,Delivered,1133.99,EUR,debit_card,pickup_point,
4638,Shipped,1346.99,EUR,credit_card,fedex,
4639,Processing,534.95,GBP,klarna,fedex,
4640,Delivered,717.99,GBP,apple_pay,fedex,
4641,Delivered,598.99,GBP,debit_card,express,
4642,Delivered,311.99,GBP,apple_pay,overnight,
4643,Processing,941.95,EUR,google_pay,pickup_point,
4644,Delivered,1147.99,USD,debit_card,fedex,
4645,Processing,1327.99,EUR,debit_card,express,
4646,Delivered,412.99,USD,bank_transfer,pickup_point,
4647,Refunded,17.95,GBP,bank_transfer,economy,
4648,Pending,469.95,GBP,bank_transfer,dhl,
4649,Returned,164.95,EUR,klarna,overnight,
4650,Delivered,205.95,GBP,paypal,express,Please leave at front door
4651,Pending,1378.95,USD,debit_card,fedex,
4652,Returned,1378.99,GBP,debit_card,economy,
4653,Cancelled,868.95,GBP,bank_transfer,economy,
4654,Shipped,80.99,USD,google_pay,economy,Please pack carefully
4655,Processing,256.95,EUR,bank_transfer,pickup_point,
4656,Processing,740.99,GBP,debit_card,fedex,
4657,Delivered,288.95,EUR,bank_transfer,economy,
4658,Processing,732.95,GBP,apple_pay,pickup_point,
4659,Delivered,486.99,EUR,credit_card,overnight,
4660,Shipped,1424.99,GBP,bank_transfer,overnight,
4661,Refunded,1136.99,GBP,paypal,fedex,
4662,Shipped,597.99,USD,klarna,ups,
4663,Returned,1199.95,USD,apple_pay,pickup_point,
4664,Refunded,571.99,GBP,apple_pay,pickup_point,
4665,Processing,948.95,EUR,bank_transfer,dhl,
4666,Cancelled,908.99,GBP,bank_transfer,economy,
4667,Refunded,269.99,USD,bank_transfer,pickup_point,Please pack carefully
4668,Cancelled,1284.99,EUR,google_pay,ups,
4669,Returned,378.95,GBP,debit_card,express,
4670,Delivered,700.95,EUR,apple_pay,dhl,
4671,Pending,1123.95,USD,google_pay,standard,
4672,Pending,115.99,USD,apple_pay,fedex,
4673,Returned,482.99,USD,credit_card,dhl,
4674,Refunded,1418.99,EUR,credit_card,ups,
4675,Shipped,305.95,GBP,klarna,fedex,Please pack carefully
4676,Returned,873.99,EUR,apple_pay,fedex,
4677,Pending,392.99,USD,klarna,express,
4678,Processing,511.95,USD,google_pay,overnight,
4679,Pending,934.99,EUR,google_pay,ups,
4680,Processing,1397.95,EUR,klarna,express,
4681,Cancelled,358.99,EUR,debit_card,standard,
4682,Delivered,1466.95,EUR,klarna,economy,
4683,Delivered,1074.99,GBP,credit_card,standard,
4684,Refunded,225.99,EUR,credit_card,standard,
4685,Cancelled,326.99,USD,debit_card,dhl,
4686,Returned,230.99,GBP,credit_card,overnight,
4687,Pending,1116.95,EUR,credit_card,economy,
4688,Shipped,263.95,USD,credit_card,fedex,
4689,Returned,274.99,EUR,debit_card,fedex,
4690,Delivered,516.95,USD,google_pay,express,
4691,Refunded,1321.99,EUR,google_pay,economy,
4692,Shipped,822.95,USD,bank_transfer,fedex,
4693,Cancelled,527.95,USD,debit_card,dhl,
4694,Processing,912.99,EUR,debit_card,express,
4695,Processing,1391.95,EUR,paypal,pickup_point,
4696,Pending,521.99,GBP,credit_card,overnight,
4697,Refunded,1117.99,EUR,debit_card,overnight,
4698,Pending,1444.99,USD,credit_card,overnight,
4699,Delivered,691.99,USD,klarna,overnight,
4700,Cancelled,1166.95,GBP,klarna,standard,
4701,Delivered,1445.99,USD,apple_pay,pickup_point,
4702,Delivered,793.95,GBP,klarna,fedex,
4703,Processing,250.95,USD,credit_card,overnight,
4704,Pending,899.95,GBP,debit_card,dhl,
4705,Returned,1456.99,GBP,apple_pay,dhl,
4706,Processing,490.99,USD,debit_card,dhl,
4707,Pending,593.95,EUR,credit_card,dhl,
4708,Cancelled,1313.99,EUR,bank_transfer,standard,
4709,Cancelled,955.95,GBP,bank_transfer,dhl,
4710,Refunded,492.95,GBP,klarna,economy,
4711,Refunded,1020.99,USD,klarna,standard,
4712,Processing,1491.95,GBP,google_pay,ups,
4713,Shipped,784.99,EUR,klarna,economy,
4714,Returned,186.95,EUR,credit_card,express,
4715,Refunded,335.95,GBP,bank_transfer,standard,
4716,Returned,1016.95,GBP,apple_pay,economy,
4717,Returned,1432.95,USD,klarna,economy,
4718,Shipped,1011.95,EUR,google_pay,pickup_point,
4719,Pending,277.99,GBP,credit_card,standard,
4720,Shipped,665.99,USD,apple_pay,dhl,
4721,Cancelled,867.95,EUR,paypal,overnight,
4722,Cancelled,260.95,USD,debit_card,express,
4723,Cancelled,1304.99,USD,google_pay,pickup_point,
4724,Cancelled,640.99,GBP,paypal,express,
4725,Delivered,652.99,GBP,bank_transfer,ups,
4726,Cancelled,1209.99,USD,klarna,pickup_point,
4727,Refunded,227.95,GBP,klarna,ups,
4728,Cancelled,937.95,EUR,klarna,fedex,
4729,Refunded,1206.95,USD,google_pay,economy,
4730,Delivered,404.99,EUR,debit_card,pickup_point,
4731,Shipped,1097.95,GBP,google_pay,fedex,
4732,Shipped,1207.95,USD,credit_card,pickup_point,
4733,Processing,1227.95,GBP,credit_card,pickup_point,
4734,Refunded,1341.95,USD,klarna,standard,
4735,Pending,939.95,EUR,google_pay,standard,
4736,Cancelled,426.99,EUR,bank_transfer,standard,
4737,Delivered,1191.95,EUR,klarna,pickup_point,
4738,Shipped,697.95,EUR,debit_card,pickup_point,
4739,Shipped,1140.95,USD,credit_card,dhl,
4740,Processing,608.95,GBP,apple_pay,express,
4741,Pending,265.95,EUR,bank_transfer,ups,
4742,Refunded,835.95,USD,google_pay,standard,
4743,Cancelled,1003.95,GBP,bank_transfer,ups,
4744,Delivered,685.99,EUR,klarna,ups,
4745,Delivered,427.95,EUR,klarna,overnight,
4746,Delivered,305.99,GBP,apple_pay,ups,
4747,Returned,450.95,EUR,google_pay,express,
4748,Processing,597.95,GBP,bank_transfer,dhl,
4749,Pending,1237.99,EUR,klarna,standard,
4750,Cancelled,1431.95,USD,google_pay,fedex,
4751,Processing,609.99,GBP,credit_card,fedex,
4752,Processing,816.99,GBP,google_pay,fedex,
4753,Pending,1459.95,USD,google_pay,overnight,
4754,Refunded,646.95,USD,bank_transfer,economy,
4755,Delivered,1312.95,EUR,klarna,dhl,Gift wrapping requested
4756,Pending,755.99,USD,google_pay,overnight,
4757,Processing,1282.99,EUR,google_pay,ups,
4758,Delivered,234.99,EUR,klarna,standard,
4759,Delivered,50.99,GBP,google_pay,dhl,
4760,Refunded,424.99,EUR,klarna,fedex,
4761,Delivered,821.99,USD,klarna,standard,
4762,Pending,1395.95,GBP,bank_transfer,overnight,
4763,Returned,982.99,GBP,debit_card,ups,
4764,Cancelled,496.95,USD,apple_pay,ups,
4765,Pending,627.95,USD,credit_card,dhl,
4766,Delivered,870.99,GBP,credit_card,economy,
4767,Pending,748.99,EUR,paypal,economy,
4768,Processing,951.95,USD,apple_pay,overnight,
4769,Returned,1205.99,GBP,credit_card,pickup_point,
4770,Shipped,1447.99,EUR,google_pay,dhl,
4771,Cancelled,1273.99,USD,credit_card,ups,
4772,Pending,1444.99,GBP,paypal,standard,
4773,Shipped,819.99,USD,debit_card,overnight,
4774,Cancelled,81.95,EUR,apple_pay,economy,
4775,Returned,1437.95,EUR,google_pay,dhl,
4776,Refunded,427.95,USD,debit_card,ups,
4777,Refunded,31.95,USD,google_pay,standard,
4778,Shipped,48.99,GBP,paypal,dhl,
4779,Processing,1201.95,GBP,bank_transfer,ups,
4780,Cancelled,315.99,EUR,apple_pay,fedex,
4781,Refunded,1433.95,USD,bank_transfer,standard,
4782,Delivered,363.99,USD,paypal,pickup_point,
4783,Pending,242.99,GBP,bank_transfer,economy,
4784,Cancelled,507.99,GBP,debit_card,pickup_point,
4785,Processing,1258.95,GBP,paypal,ups,
4786,Shipped,824.95,GBP,google_pay,pickup_point,
4787,Refunded,156.95,EUR,klarna,ups,
4788,Processing,418.95,USD,paypal,pickup_point,Please pack carefully
4789,Delivered,669.95,EUR,credit_card,fedex,
4790,Cancelled,352.95,EUR,debit_card,economy,
4791,Cancelled,1258.95,USD,klarna,pickup_point,
4792,Pending,71.99,GBP,klarna,economy,
4793,Pending,293.99,GBP,apple_pay,overnight,
4794,Delivered,773.99,EUR,paypal,standard,
4795,Refunded,1428.99,EUR,apple_pay,overnight,
4796,Processing,1288.99,EUR,paypal,overnight,
4797,Shipped,911.99,USD,credit_card,express,Please pack carefully
4798,Cancelled,1424.99,GBP,debit_card,express,
4799,Shipped,310.99,GBP,google_pay,overnight,
4800,Returned,671.99,GBP,paypal,standard,
4801,Pending,282.99,EUR,debit_card,standard,
4802,Cancelled,1186.99,EUR,klarna,ups,
4803,Delivered,453.95,EUR,klarna,economy,
4804,Returned,483.95,EUR,apple_pay,dhl,
4805,Returned,1095.99,GBP,klarna,overnight,
4806,Pending,1472.99,GBP,google_pay,economy,
4807,Returned,1031.99,USD,klarna,overnight,
4808,Pending,786.95,USD,bank_transfer,pickup_point,
4809,Shipped,306.99,GBP,apple_pay,dhl,
4810,Cancelled,426.95,GBP,google_pay,standard,
4811,Refunded,1343.95,EUR,bank_transfer,express,
4812,Cancelled,565.95,USD,paypal,ups,
4813,Cancelled,315.99,GBP,debit_card,pickup_point,
4814,Cancelled,55.95,GBP,paypal,economy,
4815,Delivered,462.95,USD,apple_pay,ups,
4816,Pending,370.99,EUR,paypal,ups,
4817,Returned,1401.99,USD,credit_card,pickup_point,
4818,Shipped,150.95,USD,klarna,pickup_point,
4819,Cancelled,44.95,EUR,debit_card,economy,
4820,Pending,57.99,USD,bank_transfer,economy,
4821,Shipped,1341.99,USD,debit_card,economy,
4822,Delivered,497.95,EUR,debit_card,fedex,
4823,Refunded,567.99,GBP,apple_pay,fedex,
4824,Cancelled,621.95,EUR,google_pay,fedex,
4825,Shipped,909.99,GBP,klarna,pickup_point,
4826,Refunded,1080.99,USD,klarna,overnight,
4827,Pending,703.95,EUR,paypal,overnight,
4828,Cancelled,315.99,GBP,klarna,express,
4829,Refunded,891.95,GBP,debit_card,standard,
4830,Returned,708.99,USD,debit_card,economy,
4831,Returned,49.99,USD,debit_card,express,
4832,Refunded,562.95,USD,paypal,dhl,
4833,Processing,1006.99,EUR,debit_card,fedex,
4834,Returned,948.95,GBP,google_pay,pickup_point,
4835,Processing,161.95,EUR,klarna,pickup_point,
4836,Shipped,183.95,USD,debit_card,dhl,
4837,Shipped,141.95,GBP,paypal,pickup_point,
4838,Delivered,364.95,GBP,apple_pay,express,
4839,Pending,605.99,USD,apple_pay,economy,
4840,Shipped,61.99,USD,debit_card,economy,
4841,Shipped,164.95,USD,bank_transfer,standard,
4842,Processing,1016.95,USD,klarna,economy,
4843,Delivered,191.99,GBP,google_pay,dhl,
4844,Pending,278.95,EUR,apple_pay,dhl,
4845,Processing,1091.95,GBP,credit_card,ups,
4846,Cancelled,805.95,GBP,google_pay,express,
4847,Cancelled,518.99,EUR,bank_transfer,overnight,
4848,Pending,402.99,EUR,credit_card,express,
4849,Shipped,369.95,USD,paypal,express,
4850,Processing,1466.95,EUR,bank_transfer,economy,Please leave at front door
4851,Cancelled,168.99,USD,klarna,dhl,
4852,Returned,68.95,GBP,apple_pay,overnight,
4853,Delivered,1039.95,GBP,apple_pay,pickup_point,
4854,Delivered,1259.95,GBP,credit_card,economy,
4855,Delivered,641.99,GBP,debit_card,express,
4856,Delivered,275.95,USD,klarna,fedex,
4857,Delivered,1078.99,EUR,bank_transfer,economy,
4858,Returned,425.99,EUR,apple_pay,overnight,
4859,Cancelled,654.95,GBP,bank_transfer,pickup_point,
4860,Delivered,13.99,USD,bank_transfer,dhl,
4861,Delivered,587.99,EUR,google_pay,pickup_point,Business address
4862,Shipped,222.95,EUR,google_pay,fedex,
4863,Pending,984.95,USD,bank_transfer,fedex,
4864,Processing,221.95,GBP,google_pay,dhl,
4865,Returned,1477.99,GBP,credit_card,pickup_point,
4866,Refunded,686.95,GBP,klarna,ups,
4867,Refunded,812.95,EUR,bank_transfer,fedex,
4868,Shipped,1108.95,EUR,paypal,dhl,
4869,Shipped,893.95,GBP,klarna,pickup_point,
4870,Pending,1351.99,GBP,bank_transfer,fedex,
4871,Cancelled,947.99,EUR,bank_transfer,economy,
4872,Cancelled,404.99,EUR,paypal,economy,
4873,Returned,1041.99,EUR,bank_transfer,dhl,
4874,Shipped,947.99,EUR,credit_card,overnight,
4875,Refunded,979.95,EUR,google_pay,fedex,
4876,Processing,113.95,EUR,apple_pay,overnight,
4877,Returned,1453.95,USD,google_pay,standard,
4878,Returned,414.99,EUR,paypal,fedex,
4879,Processing,669.95,USD,debit_card,dhl,
4880,Cancelled,1341.99,USD,apple_pay,ups,
4881,Pending,141.95,EUR,apple_pay,fedex,
4882,Shipped,503.95,EUR,credit_card,standard,
4883,Pending,1184.95,EUR,debit_card,overnight,
4884,Shipped,111.95,EUR,apple_pay,economy,
4885,Shipped,695.95,USD,google_pay,express,
4886,Pending,898.95,EUR,debit_card,express,
4887,Delivered,41.95,GBP,paypal,ups,
4888,Refunded,1359.99,USD,klarna,overnight,
4889,Pending,1074.99,GBP,google_pay,economy,
4890,Refunded,1038.95,USD,klarna,economy,
4891,Shipped,689.99,EUR,apple_pay,pickup_point,
4892,Shipped,470.95,USD,klarna,pickup_point,
4893,Shipped,1044.95,EUR,apple_pay,economy,
4894,Delivered,290.99,USD,paypal,dhl,
4895,Returned,1239.95,USD,debit_card,ups,Fragile - handle with care
4896,Pending,583.99,USD,google_pay,ups,
4897,Delivered,483.99,GBP,bank_transfer,standard,
4898,Shipped,544.99,EUR,klarna,express,
4899,Returned,1240.95,GBP,klarna,pickup_point,
4900,Refunded,723.95,EUR,bank_transfer,dhl,ASAP delivery needed
4901,Processing,310.99,EUR,bank_transfer,express,
4902,Delivered,169.99,EUR,bank_transfer,fedex,
4903,Shipped,1430.99,EUR,klarna,economy,
4904,Cancelled,441.95,USD,bank_transfer,dhl,
4905,Returned,850.99,EUR,apple_pay,overnight,
4906,Delivered,685.95,EUR,credit_card,standard,
4907,Delivered,1315.95,USD,bank_transfer,fedex,
4908,Processing,1441.95,EUR,credit_card,overnight,
4909,Cancelled,1310.95,GBP,apple_pay,overnight,
4910,Cancelled,377.99,GBP,debit_card,fedex,
4911,Shipped,711.99,EUR,google_pay,express,
4912,Processing,1230.99,EUR,paypal,dhl,
4913,Delivered,721.99,EUR,google_pay,express,
4914,Returned,1167.95,USD,credit_card,fedex,
4915,Delivered,1403.95,GBP,klarna,pickup_point,
4916,Shipped,538.95,USD,klarna,standard,
4917,Refunded,505.95,EUR,paypal,fedex,
4918,Cancelled,302.99,USD,credit_card,express,
4919,Processing,1250.95,GBP,klarna,standard,
4920,Shipped,1019.99,GBP,google_pay,fedex,
4921,Shipped,15.99,EUR,apple_pay,pickup_point,
4922,Shipped,1452.95,USD,credit_card,pickup_point,
4923,Cancelled,929.99,USD,bank_transfer,fedex,
4924,Returned,780.99,GBP,bank_transfer,pickup_point,
4925,Shipped,318.99,USD,google_pay,standard,
4926,Pending,503.99,USD,klarna,fedex,
4927,Pending,1088.95,GBP,apple_pay,overnight,
4928,Delivered,1198.99,USD,bank_transfer,economy,
4929,Shipped,462.99,USD,bank_transfer,pickup_point,Combine with other items if available
4930,Refunded,981.99,USD,debit_card,fedex,
4931,Refunded,650.99,EUR,debit_card,economy,Leave with neighbor if not home
4932,Processing,665.99,USD,google_pay,dhl,Business address
4933,Processing,172.99,EUR,apple_pay,economy,
4934,Pending,394.95,GBP,google_pay,ups,
4935,Pending,1308.95,GBP,credit_card,express,
4936,Returned,1349.95,USD,klarna,fedex,
4937,Processing,299.99,GBP,bank_transfer,ups,
4938,Delivered,504.99,GBP,debit_card,express,
4939,Refunded,1097.99,GBP,bank_transfer,ups,
4940,Refunded,274.95,USD,bank_transfer,overnight,
4941,Refunded,704.99,GBP,bank_transfer,fedex,
4942,Refunded,1346.95,GBP,klarna,ups,
4943,Pending,410.99,USD,apple_pay,standard,
4944,Cancelled,1010.99,GBP,klarna,express,
4945,Processing,48.99,USD,bank_transfer,ups,
4946,Delivered,307.95,USD,klarna,pickup_point,
4947,Cancelled,742.99,GBP,apple_pay,ups,
4948,Returned,301.99,USD,google_pay,express,
4949,Shipped,1061.95,USD,debit_card,economy,
4950,Refunded,456.99,USD,paypal,standard,
4951,Delivered,549.95,GBP,klarna,overnight,
4952,Returned,1497.99,GBP,bank_transfer,express,
4953,Returned,1329.99,GBP,bank_transfer,fedex,
4954,Shipped,1113.95,GBP,credit_card,express,
4955,Refunded,778.95,GBP,google_pay,standard,
4956,Returned,1091.99,USD,debit_card,express,
4957,Pending,659.99,GBP,paypal,standard,
4958,Delivered,532.99,GBP,credit_card,dhl,
4959,Refunded,576.99,EUR,klarna,dhl,
4960,Shipped,385.95,USD,debit_card,pickup_point,
4961,Delivered,1456.99,EUR,klarna,dhl,
4962,Refunded,132.95,USD,debit_card,dhl,
4963,Cancelled,401.99,USD,debit_card,standard,
4964,Processing,668.99,USD,debit_card,standard,Do not leave in direct sunlight
4965,Delivered,156.95,GBP,klarna,overnight,
4966,Refunded,361.99,GBP,google_pay,economy,
4967,Shipped,711.95,USD,apple_pay,fedex,
4968,Pending,537.95,EUR,apple_pay,pickup_point,
4969,Delivered,1068.95,USD,klarna,express,
4970,Pending,830.99,GBP,klarna,standard,
4971,Delivered,190.95,EUR,credit_card,pickup_point,
4972,Pending,1151.95,EUR,credit_card,standard,
4973,Processing,1477.95,GBP,debit_card,fedex,
4974,Returned,1050.99,GBP,google_pay,economy,
4975,Refunded,623.95,EUR,apple_pay,dhl,
4976,Cancelled,905.95,GBP,paypal,ups,
4977,Pending,212.95,GBP,google_pay,pickup_point,
4978,Pending,330.99,GBP,apple_pay,standard,
4979,Returned,941.95,EUR,google_pay,standard,
4980,Processing,1131.99,EUR,paypal,dhl,
4981,Pending,1423.95,USD,paypal,standard,
4982,Processing,1411.99,EUR,apple_pay,economy,
4983,Cancelled,878.99,USD,paypal,express,
4984,Delivered,1176.99,USD,klarna,dhl,
4985,Refunded,791.99,GBP,paypal,fedex,
4986,Shipped,1142.95,USD,credit_card,express,
4987,Delivered,1325.95,USD,paypal,overnight,
4988,Returned,545.99,USD,bank_transfer,dhl,
4989,Delivered,501.99,GBP,klarna,economy,ASAP delivery needed
4990,Cancelled,826.99,GBP,klarna,economy,
4991,Pending,1301.99,USD,debit_card,ups,
4992,Pending,310.99,GBP,paypal,dhl,
4993,Cancelled,417.95,GBP,credit_card,economy,
4994,Shipped,283.99,EUR,apple_pay,pickup_point,
4995,Cancelled,1434.99,USD,credit_card,standard,
4996,Shipped,573.95,GBP,debit_card,economy,
4997,Cancelled,534.99,GBP,klarna,standard,
4998,Processing,1493.99,GBP,apple_pay,dhl,
4999,Processing,272.99,EUR,apple_pay,express,
5000,Cancelled,749.99,GBP,bank_transfer,dhl,
5001,Delivered,197.95,GBP,credit_card,economy,
5002,Delivered,347.99,EUR,klarna,ups,
5003,Processing,945.99,USD,paypal,overnight,
5004,Refunded,776.95,USD,credit_card,overnight,
5005,Shipped,1153.99,USD,klarna,fedex,
5006,Cancelled,123.95,GBP,paypal,dhl,
5007,Processing,1024.95,GBP,klarna,fedex,
5008,Cancelled,1053.99,EUR,paypal,fedex,
5009,Delivered,1031.95,GBP,paypal,standard,
5010,Shipped,679.95,GBP,paypal,economy,
5011,Returned,684.99,USD,apple_pay,standard,
5012,Cancelled,1348.95,USD,klarna,overnight,
5013,Refunded,33.95,EUR,credit_card,ups,Please leave at front door
5014,Cancelled,671.95,EUR,klarna,overnight,
5015,Processing,75.99,GBP,google_pay,dhl,
5016,Refunded,993.99,USD,debit_card,dhl,
5017,Cancelled,855.95,GBP,bank_transfer,dhl,
5018,Shipped,331.99,GBP,bank_transfer,fedex,
5019,Cancelled,680.95,USD,klarna,overnight,
5020,Returned,909.99,GBP,debit_card,dhl,
5021,Pending,1231.99,EUR,apple_pay,fedex,
5022,Processing,1442.95,EUR,bank_transfer,standard,
5023,Pending,113.95,GBP,paypal,overnight,
5024,Processing,397.95,GBP,google_pay,dhl,
5025,Returned,779.99,GBP,debit_card,dhl,
5026,Returned,122.99,EUR,credit_card,ups,
5027,Processing,1121.95,EUR,bank_transfer,fedex,
5028,Delivered,269.99,USD,debit_card,dhl,
5029,Delivered,1080.95,EUR,paypal,fedex,
5030,Refunded,997.99,EUR,credit_card,express,
5031,Processing,40.99,GBP,klarna,standard,
5032,Returned,1447.95,EUR,klarna,standard,
5033,Pending,215.99,USD,credit_card,pickup_point,
5034,Pending,412.95,EUR,bank_transfer,fedex,
5035,Shipped,1399.95,GBP,debit_card,economy,
5036,Cancelled,1313.99,GBP,apple_pay,fedex,
5037,Refunded,1335.99,GBP,apple_pay,standard,
5038,Refunded,902.95,GBP,debit_card,standard,
5039,Returned,801.99,GBP,apple_pay,fedex,
5040,Refunded,357.95,GBP,klarna,dhl,
5041,Cancelled,660.95,EUR,bank_transfer,standard,
5042,Delivered,176.99,EUR,klarna,overnight,
5043,Cancelled,427.99,USD,bank_transfer,standard,
5044,Pending,1496.95,GBP,paypal,dhl,
5045,Processing,968.95,USD,credit_card,economy,
5046,Refunded,809.99,GBP,credit_card,fedex,Leave with neighbor if not home
5047,Refunded,1222.99,GBP,apple_pay,fedex,
5048,Shipped,233.95,GBP,klarna,standard,
5049,Pending,1243.99,GBP,klarna,pickup_point,
5050,Cancelled,973.99,USD,paypal,overnight,
5051,Refunded,782.99,GBP,google_pay,dhl,
5052,Delivered,256.99,USD,debit_card,pickup_point,
5053,Returned,1328.99,GBP,bank_transfer,overnight,
5054,Returned,1436.95,USD,debit_card,pickup_point,
5055,Refunded,492.95,EUR,bank_transfer,dhl,
5056,Processing,487.99,USD,debit_card,pickup_point,
5057,Delivered,726.99,GBP,klarna,economy,Ring doorbell twice
5058,Returned,1048.99,GBP,klarna,fedex,
5059,Refunded,1306.99,USD,debit_card,economy,
5060,Processing,483.95,GBP,apple_pay,economy,
5061,Delivered,250.99,GBP,credit_card,pickup_point,
5062,Delivered,645.95,USD,apple_pay,standard,
5063,Refunded,881.99,USD,google_pay,ups,
5064,Returned,222.95,EUR,google_pay,fedex,Business address
5065,Processing,806.99,USD,klarna,fedex,
5066,Delivered,953.95,EUR,google_pay,pickup_point,
5067,Delivered,1286.95,GBP,bank_transfer,economy,
5068,Pending,320.99,GBP,google_pay,dhl,
5069,Cancelled,859.99,EUR,credit_card,overnight,
5070,Processing,844.99,USD,google_pay,overnight,
5071,Delivered,1185.99,EUR,bank_transfer,express,
5072,Pending,816.95,USD,debit_card,express,
5073,Processing,1178.99,USD,google_pay,dhl,
5074,Cancelled,300.99,EUR,paypal,fedex,
5075,Returned,787.95,USD,paypal,economy,
5076,Returned,711.95,USD,klarna,express,
5077,Shipped,224.99,EUR,klarna,dhl,
5078,Pending,1062.95,GBP,apple_pay,overnight,
5079,Pending,731.95,GBP,google_pay,standard,
5080,Refunded,607.99,GBP,debit_card,fedex,
5081,Processing,666.99,GBP,credit_card,ups,
5082,Returned,708.99,EUR,credit_card,standard,
5083,Returned,210.95,GBP,debit_card,express,
5084,Delivered,222.99,GBP,apple_pay,fedex,
5085,Pending,959.99,EUR,google_pay,express,
5086,Pending,158.99,USD,paypal,pickup_point,
5087,Cancelled,55.95,USD,apple_pay,dhl,
5088,Refunded,775.99,USD,google_pay,standard,Signature required
5089,Refunded,154.95,GBP,bank_transfer,fedex,
5090,Returned,1105.95,GBP,debit_card,overnight,
5091,Pending,1406.99,GBP,klarna,ups,
5092,Processing,884.99,USD,google_pay,ups,
5093,Refunded,537.99,GBP,credit_card,express,
5094,Shipped,210.99,GBP,bank_transfer,standard,
5095,Cancelled,882.95,GBP,debit_card,ups,
5096,Cancelled,231.99,EUR,credit_card,standard,
5097,Shipped,1425.99,USD,bank_transfer,standard,
5098,Shipped,1251.95,USD,google_pay,standard,
5099,Returned,1351.95,USD,google_pay,economy,
5100,Delivered,72.95,USD,klarna,standard,
5101,Cancelled,1266.99,USD,credit_card,ups,
5102,Shipped,381.95,EUR,credit_card,economy,
5103,Refunded,254.95,USD,paypal,overnight,
5104,Refunded,575.99,GBP,apple_pay,economy,
5105,Pending,383.95,GBP,google_pay,express,
5106,Cancelled,268.99,GBP,credit_card,economy,
5107,Cancelled,243.95,EUR,paypal,economy,
5108,Refunded,1408.95,EUR,apple_pay,overnight,
5109,Pending,959.99,EUR,apple_pay,standard,
5110,Returned,546.95,GBP,apple_pay,express,Business address
5111,Returned,1276.99,USD,bank_transfer,overnight,
5112,Processing,683.95,EUR,paypal,overnight,
5113,Returned,1242.95,GBP,google_pay,dhl,
5114,Shipped,1231.95,GBP,google_pay,dhl,
5115,Delivered,631.99,GBP,debit_card,fedex,
5116,Cancelled,573.99,USD,bank_transfer,economy,
5117,Refunded,1176.99,GBP,apple_pay,express,
5118,Refunded,1120.99,GBP,paypal,express,
5119,Delivered,619.99,USD,klarna,overnight,
5120,Returned,825.95,GBP,klarna,express,
5121,Processing,1434.95,GBP,paypal,economy,
5122,Shipped,1027.95,EUR,google_pay,express,
5123,Delivered,1021.99,USD,credit_card,pickup_point,
5124,Returned,781.99,USD,debit_card,overnight,
5125,Cancelled,267.95,GBP,credit_card,economy,
5126,Refunded,415.95,GBP,credit_card,pickup_point,
5127,Cancelled,1155.99,GBP,bank_transfer,dhl,
5128,Processing,1437.99,EUR,paypal,overnight,
5129,Refunded,1226.99,USD,apple_pay,economy,
5130,Processing,196.99,GBP,klarna,dhl,
5131,Pending,114.99,EUR,debit_card,economy,
5132,Shipped,1294.99,GBP,bank_transfer,economy,
5133,Delivered,1426.99,EUR,bank_transfer,fedex,
5134,Refunded,686.99,USD,paypal,standard,
5135,Returned,145.95,USD,paypal,overnight,
5136,Processing,680.95,EUR,debit_card,dhl,
5137,Refunded,1374.95,GBP,klarna,pickup_point,
5138,Refunded,859.95,EUR,apple_pay,standard,
5139,Pending,598.95,EUR,debit_card,standard,
5140,Pending,292.95,USD,apple_pay,economy,
5141,Refunded,739.99,EUR,klarna,pickup_point,
5142,Cancelled,988.95,EUR,credit_card,fedex,
5143,Processing,995.95,GBP,paypal,overnight,
5144,Cancelled,1415.95,EUR,credit_card,economy,Combine with other items if available
5145,Shipped,1337.99,EUR,apple_pay,fedex,
5146,Cancelled,222.95,EUR,apple_pay,standard,
5147,Returned,826.95,USD,klarna,express,
5148,Cancelled,160.95,USD,debit_card,economy,
5149,Processing,1223.95,EUR,paypal,ups,
5150,Cancelled,1114.95,EUR,paypal,pickup_point,
5151,Cancelled,821.95,GBP,bank_transfer,pickup_point,
5152,Delivered,441.99,USD,apple_pay,economy,
5153,Pending,1113.95,EUR,credit_card,ups,
5154,Delivered,1196.95,USD,klarna,standard,
5155,Cancelled,1037.95,EUR,credit_card,overnight,
5156,Processing,810.99,GBP,apple_pay,express,Deliver to back entrance
5157,Returned,581.95,EUR,klarna,pickup_point,
5158,Processing,131.95,USD,google_pay,overnight,
5159,Pending,109.99,USD,bank_transfer,dhl,
5160,Refunded,907.95,USD,bank_transfer,overnight,
5161,Pending,178.95,GBP,paypal,standard,Please leave at front door
5162,Pending,1182.95,USD,klarna,pickup_point,Please pack carefully
5163,Pending,1092.95,USD,debit_card,pickup_point,
5164,Cancelled,791.95,EUR,google_pay,overnight,
5165,Returned,795.99,EUR,bank_transfer,overnight,
5166,Shipped,1210.99,EUR,debit_card,express,
5167,Cancelled,525.99,USD,apple_pay,standard,
5168,Shipped,1316.99,EUR,bank_transfer,overnight,
5169,Processing,559.95,USD,bank_transfer,pickup_point,
5170,Refunded,813.99,GBP,credit_card,dhl,
5171,Processing,1015.99,GBP,google_pay,standard,
5172,Shipped,435.95,GBP,paypal,express,
5173,Cancelled,175.95,USD,google_pay,standard,
5174,Shipped,358.95,EUR,bank_transfer,fedex,
5175,Returned,478.95,GBP,debit_card,economy,
5176,Shipped,246.99,USD,klarna,overnight,
5177,Cancelled,612.99,GBP,google_pay,dhl,
5178,Shipped,33.99,USD,paypal,ups,
5179,Refunded,976.95,EUR,credit_card,standard,
5180,Cancelled,719.95,USD,bank_transfer,ups,
5181,Refunded,1488.99,USD,credit_card,pickup_point,
5182,Returned,524.95,EUR,bank_transfer,pickup_point,
5183,Processing,278.99,EUR,bank_transfer,pickup_point,
5184,Processing,993.99,EUR,apple_pay,economy,
5185,Shipped,918.99,GBP,klarna,overnight,
5186,Cancelled,111.95,EUR,google_pay,overnight,
5187,Delivered,116.99,GBP,credit_card,dhl,
5188,Refunded,143.99,EUR,google_pay,overnight,
5189,Shipped,1350.99,EUR,google_pay,ups,
5190,Returned,204.95,USD,debit_card,dhl,
5191,Processing,1408.95,USD,google_pay,pickup_point,
5192,Returned,227.99,EUR,google_pay,standard,
5193,Delivered,941.99,USD,apple_pay,dhl,
5194,Shipped,837.99,EUR,klarna,express,
5195,Shipped,1239.95,GBP,klarna,dhl,
5196,Processing,1279.99,USD,klarna,express,
5197,Processing,1218.99,USD,apple_pay,express,
5198,Processing,551.95,GBP,credit_card,express,
5199,Returned,334.99,EUR,google_pay,ups,
5200,Processing,791.95,GBP,debit_card,pickup_point,
5201,Processing,245.99,USD,apple_pay,dhl,
5202,Cancelled,831.95,GBP,apple_pay,dhl,
5203,Returned,567.99,USD,apple_pay,fedex,
5204,Processing,180.95,USD,credit_card,express,
5205,Pending,995.99,GBP,apple_pay,fedex,
5206,Processing,458.99,USD,google_pay,overnight,
5207,Refunded,1284.99,GBP,bank_transfer,pickup_point,Gift wrapping requested
5208,Delivered,763.99,EUR,credit_card,overnight,
5209,Returned,1085.99,EUR,apple_pay,overnight,Please leave at front door
5210,Refunded,183.99,USD,klarna,economy,
5211,Processing,236.95,GBP,credit_card,ups,Do not leave in direct sunlight
5212,Cancelled,1060.95,GBP,bank_transfer,economy,
5213,Delivered,12.95,GBP,paypal,fedex,
5214,Refunded,1473.95,GBP,google_pay,express,
5215,Delivered,503.95,USD,google_pay,express,
5216,Cancelled,74.99,EUR,google_pay,ups,
5217,Shipped,731.99,EUR,apple_pay,standard,
5218,Returned,291.99,EUR,google_pay,overnight,
5219,Shipped,1236.99,USD,debit_card,overnight,
5220,Refunded,221.99,GBP,credit_card,ups,
5221,Pending,1306.99,USD,bank_transfer,express,
5222,Delivered,1341.99,EUR,klarna,pickup_point,
5223,Cancelled,558.95,EUR,paypal,economy,
5224,Refunded,998.99,USD,credit_card,ups,
5225,Cancelled,1303.99,GBP,credit_card,pickup_point,
5226,Delivered,848.99,USD,apple_pay,economy,
5227,Cancelled,926.99,EUR,credit_card,pickup_point,
5228,Pending,899.99,GBP,apple_pay,overnight,
5229,Returned,1195.95,GBP,debit_card,economy,
5230,Returned,518.95,GBP,bank_transfer,overnight,
5231,Delivered,1269.95,EUR,credit_card,express,
5232,Shipped,120.99,GBP,paypal,pickup_point,
5233,Processing,1006.99,GBP,google_pay,dhl,
5234,Refunded,1489.95,EUR,credit_card,ups,
5235,Cancelled,969.95,EUR,google_pay,fedex,
5236,Processing,460.99,GBP,klarna,dhl,Signature required
5237,Pending,1130.95,EUR,apple_pay,dhl,
5238,Pending,583.99,GBP,apple_pay,dhl,
5239,Processing,798.95,EUR,klarna,ups,
5240,Delivered,549.99,EUR,bank_transfer,express,Fragile - handle with care
5241,Processing,1208.99,USD,bank_transfer,ups,
5242,Refunded,272.95,EUR,bank_transfer,dhl,
5243,Refunded,1446.99,GBP,apple_pay,dhl,
5244,Processing,143.95,USD,bank_transfer,economy,
5245,Pending,581.99,USD,paypal,dhl,
5246,Processing,523.95,USD,credit_card,fedex,
5247,Refunded,1237.95,GBP,google_pay,overnight,
5248,Processing,562.95,EUR,google_pay,ups,
5249,Shipped,176.95,USD,debit_card,fedex,
5250,Delivered,1084.99,GBP,google_pay,ups,
5251,Delivered,1043.95,USD,apple_pay,express,
5252,Shipped,918.95,USD,bank_transfer,economy,
5253,Delivered,721.95,EUR,apple_pay,fedex,
5254,Delivered,741.95,EUR,google_pay,dhl,Please leave at front door
5255,Pending,521.95,EUR,paypal,economy,
5256,Shipped,1241.99,USD,klarna,pickup_point,
5257,Returned,51.99,USD,debit_card,fedex,
5258,Pending,934.95,GBP,apple_pay,express,
5259,Shipped,796.95,GBP,debit_card,ups,
5260,Pending,822.99,USD,bank_transfer,fedex,
5261,Processing,1465.99,USD,paypal,standard,
5262,Cancelled,816.95,USD,credit_card,overnight,
5263,Returned,624.95,GBP,paypal,pickup_point,
5264,Delivered,952.99,USD,paypal,fedex,
5265,Delivered,1216.99,EUR,apple_pay,standard,
5266,Refunded,826.99,GBP,debit_card,fedex,
5267,Shipped,163.95,USD,google_pay,fedex,
5268,Processing,478.99,USD,google_pay,fedex,
5269,Delivered,431.95,EUR,paypal,pickup_point,
5270,Cancelled,739.99,GBP,klarna,overnight,
5271,Delivered,777.99,USD,apple_pay,economy,
5272,Delivered,1320.99,USD,google_pay,fedex,
5273,Returned,1437.99,EUR,apple_pay,ups,
5274,Processing,868.95,GBP,debit_card,pickup_point,Leave with neighbor if not home
5275,Pending,1251.95,GBP,bank_transfer,overnight,
5276,Cancelled,1468.99,EUR,paypal,dhl,
5277,Cancelled,955.95,USD,klarna,economy,
5278,Delivered,341.99,USD,paypal,economy,Leave with neighbor if not home
5279,Shipped,1084.95,GBP,apple_pay,express,
5280,Pending,970.99,EUR,debit_card,pickup_point,
5281,Refunded,707.95,GBP,klarna,standard,
5282,Cancelled,1295.95,USD,debit_card,ups,
5283,Shipped,1475.99,USD,paypal,economy,
5284,Shipped,1374.99,USD,paypal,economy,
5285,Returned,1138.99,GBP,apple_pay,pickup_point,
5286,Pending,912.99,GBP,credit_card,dhl,
5287,Processing,1419.95,USD,apple_pay,pickup_point,
5288,Delivered,1362.95,GBP,paypal,fedex,
5289,Delivered,34.95,GBP,paypal,express,
5290,Returned,1066.99,USD,apple_pay,ups,
5291,Refunded,312.99,EUR,debit_card,express,
5292,Delivered,1231.95,GBP,apple_pay,overnight,
5293,Refunded,530.95,GBP,apple_pay,overnight,
5294,Pending,1226.95,USD,debit_card,express,
5295,Pending,20.95,USD,apple_pay,economy,
5296,Refunded,972.95,GBP,klarna,express,ASAP delivery needed
5297,Returned,1426.99,EUR,bank_transfer,fedex,
5298,Delivered,995.95,EUR,apple_pay,ups,
5299,Processing,1068.99,EUR,klarna,standard,
5300,Shipped,1161.99,GBP,apple_pay,economy,
5301,Pending,129.95,GBP,credit_card,pickup_point,
5302,Shipped,972.95,USD,paypal,express,
5303,Cancelled,597.95,EUR,bank_transfer,dhl,
5304,Processing,1076.95,USD,credit_card,overnight,
5305,Processing,480.99,USD,apple_pay,dhl,
5306,Processing,525.95,USD,google_pay,express,
5307,Shipped,223.99,GBP,bank_transfer,express,
5308,Shipped,651.95,EUR,apple_pay,pickup_point,
5309,Shipped,617.95,USD,debit_card,pickup_point,
5310,Delivered,954.95,GBP,apple_pay,overnight,
5311,Pending,641.99,USD,credit_card,overnight,
5312,Shipped,1255.95,GBP,bank_transfer,fedex,
5313,Returned,1437.99,GBP,klarna,economy,
5314,Returned,30.99,GBP,credit_card,standard,
5315,Shipped,373.95,USD,paypal,standard,
5316,Shipped,624.95,EUR,bank_transfer,pickup_point,
5317,Refunded,339.99,USD,paypal,dhl,
5318,Cancelled,695.95,EUR,google_pay,ups,
5319,Cancelled,1298.99,USD,debit_card,fedex,
5320,Shipped,884.99,EUR,apple_pay,express,
5321,Returned,186.95,USD,apple_pay,economy,
5322,Refunded,319.99,USD,credit_card,fedex,
5323,Shipped,1244.99,USD,klarna,economy,
5324,Shipped,1399.95,EUR,klarna,ups,
5325,Cancelled,507.95,USD,paypal,dhl,
5326,Shipped,615.99,GBP,debit_card,express,
5327,Returned,225.99,GBP,debit_card,express,Deliver to back entrance
5328,Delivered,1064.95,GBP,debit_card,overnight,
5329,Processing,625.95,USD,klarna,fedex,Fragile - handle with care
5330,Processing,513.95,GBP,apple_pay,fedex,
5331,Pending,1450.99,USD,google_pay,dhl,
5332,Returned,709.95,EUR,debit_card,pickup_point,
5333,Delivered,1403.95,EUR,apple_pay,economy,
5334,Shipped,577.99,EUR,paypal,fedex,
5335,Returned,426.99,EUR,credit_card,economy,
5336,Delivered,330.99,USD,apple_pay,standard,
5337,Returned,800.95,GBP,google_pay,ups,
5338,Returned,501.99,GBP,debit_card,ups,
5339,Delivered,1137.99,EUR,paypal,fedex,
5340,Processing,849.99,GBP,bank_transfer,economy,
5341,Processing,123.99,EUR,klarna,fedex,
5342,Delivered,862.95,USD,bank_transfer,economy,
5343,Returned,589.95,GBP,google_pay,dhl,
5344,Refunded,1346.95,USD,apple_pay,overnight,
5345,Pending,849.95,GBP,klarna,overnight,
5346,Processing,282.99,USD,bank_transfer,pickup_point,Do not leave in direct sunlight
5347,Returned,888.99,GBP,apple_pay,pickup_point,
5348,Processing,106.99,USD,debit_card,ups,
5349,Shipped,543.95,USD,apple_pay,overnight,
5350,Pending,441.99,GBP,apple_pay,standard,
5351,Cancelled,1025.99,EUR,credit_card,overnight,
5352,Refunded,303.99,USD,google_pay,fedex,
5353,Refunded,1197.95,GBP,paypal,overnight,
5354,Cancelled,1040.95,EUR,bank_transfer,ups,
5355,Returned,985.99,USD,google_pay,fedex,
5356,Shipped,384.95,GBP,credit_card,fedex,
5357,Shipped,223.99,EUR,paypal,economy,
5358,Cancelled,439.95,EUR,credit_card,express,
5359,Delivered,590.95,EUR,klarna,economy,
5360,Returned,717.95,USD,credit_card,dhl,
5361,Returned,355.95,GBP,credit_card,economy,
5362,Processing,834.99,EUR,google_pay,fedex,
5363,Refunded,917.95,EUR,bank_transfer,fedex,
5364,Refunded,301.95,USD,paypal,economy,
5365,Returned,1143.95,USD,google_pay,economy,
5366,Shipped,101.99,EUR,google_pay,dhl,
5367,Processing,999.99,USD,debit_card,overnight,
5368,Returned,1325.99,GBP,google_pay,ups,
5369,Delivered,380.99,EUR,apple_pay,ups,
5370,Delivered,831.95,USD,bank_transfer,standard,
5371,Processing,431.95,GBP,google_pay,fedex,Ring doorbell twice
5372,Returned,545.95,GBP,credit_card,fedex,
5373,Delivered,634.95,USD,apple_pay,dhl,
5374,Returned,261.99,USD,debit_card,economy,
5375,Returned,1107.95,EUR,klarna,dhl,
5376,Processing,632.95,EUR,bank_transfer,economy,
5377,Refunded,524.95,USD,credit_card,standard,
5378,Processing,415.95,USD,apple_pay,economy,
5379,Delivered,256.99,GBP,debit_card,fedex,
5380,Refunded,48.95,EUR,bank_transfer,pickup_point,
5381,Returned,1289.95,EUR,apple_pay,overnight,
5382,Returned,410.99,USD,google_pay,dhl,ASAP delivery needed
5383,Pending,594.95,EUR,paypal,express,
5384,Pending,1126.95,USD,apple_pay,standard,
5385,Delivered,1200.95,USD,paypal,standard,
5386,Returned,1491.99,GBP,google_pay,dhl,
5387,Cancelled,406.95,EUR,apple_pay,standard,
5388,Pending,1441.99,USD,bank_transfer,ups,
5389,Cancelled,286.95,GBP,apple_pay,fedex,
5390,Pending,1429.99,GBP,paypal,dhl,
5391,Processing,1020.99,EUR,credit_card,standard,
5392,Returned,1421.99,GBP,bank_transfer,ups,
5393,Shipped,334.99,USD,paypal,overnight,Business address
5394,Pending,778.95,EUR,credit_card,fedex,
5395,Pending,1400.95,EUR,paypal,standard,
5396,Refunded,485.99,USD,apple_pay,express,
5397,Shipped,414.95,EUR,klarna,fedex,
5398,Processing,245.99,GBP,apple_pay,ups,
5399,Shipped,44.95,GBP,credit_card,economy,
5400,Processing,816.99,GBP,credit_card,ups,
5401,Processing,675.99,EUR,klarna,standard,
5402,Refunded,442.99,USD,apple_pay,overnight,Residential address
5403,Returned,718.99,GBP,paypal,express,
5404,Delivered,864.95,USD,apple_pay,dhl,
5405,Refunded,1180.99,GBP,debit_card,express,Deliver to back entrance
5406,Processing,1149.95,USD,credit_card,pickup_point,
5407,Cancelled,52.99,USD,klarna,ups,
5408,Shipped,658.99,GBP,debit_card,standard,
5409,Processing,909.95,GBP,google_pay,ups,
5410,Delivered,1191.95,GBP,paypal,fedex,
5411,Refunded,1085.99,EUR,credit_card,overnight,
5412,Cancelled,1139.99,EUR,apple_pay,economy,
5413,Delivered,46.99,GBP,paypal,fedex,
5414,Delivered,1109.99,USD,bank_transfer,dhl,
5415,Processing,539.95,GBP,credit_card,economy,
5416,Refunded,1371.99,GBP,bank_transfer,pickup_point,
5417,Refunded,1357.99,USD,debit_card,ups,
5418,Shipped,1482.99,EUR,klarna,ups,
5419,Delivered,1267.95,GBP,klarna,overnight,
5420,Refunded,488.95,USD,klarna,overnight,
5421,Delivered,1193.95,USD,google_pay,express,
5422,Processing,1163.99,GBP,bank_transfer,dhl,
5423,Refunded,345.99,USD,klarna,pickup_point,
5424,Pending,157.95,EUR,bank_transfer,fedex,
5425,Delivered,529.99,USD,bank_transfer,standard,
5426,Cancelled,1364.99,GBP,apple_pay,standard,
5427,Returned,144.99,EUR,debit_card,fedex,
5428,Shipped,1470.95,GBP,klarna,standard,
5429,Delivered,1209.99,USD,google_pay,standard,
5430,Refunded,611.99,GBP,debit_card,economy,
5431,Shipped,196.95,EUR,debit_card,ups,ASAP delivery needed
5432,Returned,823.99,GBP,paypal,dhl,
5433,Shipped,223.99,USD,google_pay,dhl,Please leave at front door
5434,Shipped,1121.99,EUR,google_pay,dhl,
5435,Refunded,1233.99,USD,paypal,ups,
5436,Delivered,1442.99,EUR,klarna,overnight,
5437,Returned,1233.95,USD,debit_card,dhl,
5438,Cancelled,422.99,EUR,bank_transfer,standard,
5439,Processing,1493.95,USD,paypal,overnight,Deliver to back entrance
5440,Cancelled,351.99,USD,google_pay,ups,
5441,Returned,606.95,EUR,apple_pay,fedex,
5442,Refunded,575.95,USD,apple_pay,ups,
5443,Shipped,1079.99,EUR,apple_pay,express,
5444,Refunded,1181.99,EUR,bank_transfer,pickup_point,
5445,Returned,1425.95,USD,bank_transfer,ups,
5446,Delivered,543.95,GBP,credit_card,dhl,
5447,Pending,1066.95,EUR,klarna,pickup_point,
5448,Pending,163.99,GBP,paypal,ups,
5449,Delivered,1237.99,GBP,apple_pay,overnight,
5450,Shipped,1093.95,EUR,bank_transfer,ups,
5451,Delivered,888.95,USD,debit_card,overnight,
5452,Delivered,1268.99,USD,bank_transfer,pickup_point,
5453,Shipped,943.95,EUR,klarna,ups,
5454,Delivered,789.99,GBP,google_pay,pickup_point,
5455,Pending,248.95,USD,google_pay,ups,
5456,Returned,296.95,EUR,bank_transfer,overnight,
5457,Delivered,661.99,GBP,paypal,express,Business address
5458,Processing,426.99,EUR,apple_pay,express,
5459,Pending,440.95,GBP,google_pay,standard,
5460,Refunded,1322.99,USD,credit_card,ups,
5461,Refunded,541.95,USD,bank_transfer,pickup_point,
5462,Delivered,1013.99,USD,debit_card,standard,
5463,Shipped,1415.95,EUR,apple_pay,overnight,
5464,Cancelled,1353.99,EUR,debit_card,pickup_point,
5465,Pending,838.99,GBP,credit_card,pickup_point,
5466,Pending,102.99,USD,bank_transfer,fedex,
5467,Delivered,1412.95,EUR,apple_pay,ups,
5468,Delivered,596.95,EUR,debit_card,economy,
5469,Returned,54.99,GBP,credit_card,standard,
5470,Shipped,1086.99,EUR,klarna,ups,
5471,Processing,1392.95,GBP,klarna,standard,
5472,Returned,1105.95,USD,google_pay,dhl,
5473,Delivered,604.99,GBP,apple_pay,standard,Gift wrapping requested
5474,Processing,48.95,EUR,bank_transfer,standard,
5475,Delivered,813.99,GBP,debit_card,overnight,
5476,Processing,1172.95,USD,debit_card,economy,
5477,Delivered,137.95,GBP,bank_transfer,fedex,
5478,Returned,914.95,EUR,paypal,dhl,
5479,Returned,598.95,GBP,klarna,express,
5480,Pending,364.99,USD,debit_card,express,
5481,Returned,1230.95,GBP,paypal,express,
5482,Refunded,135.95,EUR,debit_card,economy,
5483,Returned,283.95,EUR,apple_pay,standard,
5484,Pending,1365.95,GBP,paypal,standard,
5485,Delivered,1084.95,GBP,klarna,express,
5486,Pending,661.95,USD,debit_card,overnight,
5487,Shipped,902.99,EUR,klarna,standard,
5488,Refunded,959.95,EUR,google_pay,economy,
5489,Pending,1318.99,GBP,credit_card,pickup_point,
5490,Pending,1361.95,EUR,google_pay,fedex,
5491,Returned,221.99,EUR,debit_card,standard,
5492,Returned,1209.95,USD,klarna,overnight,
5493,Shipped,1243.95,USD,credit_card,fedex,
5494,Returned,1469.99,EUR,credit_card,express,
5495,Delivered,978.95,EUR,bank_transfer,economy,
5496,Processing,692.95,EUR,debit_card,ups,
5497,Processing,1089.99,EUR,bank_transfer,dhl,
5498,Returned,702.95,GBP,apple_pay,overnight,
5499,Delivered,1255.99,GBP,credit_card,standard,Ring doorbell twice
5500,Cancelled,809.99,GBP,klarna,express,
5501,Cancelled,1489.99,GBP,bank_transfer,ups,
5502,Shipped,1082.99,USD,debit_card,overnight,
5503,Delivered,797.95,USD,google_pay,overnight,
5504,Refunded,793.99,EUR,klarna,overnight,
5505,Shipped,1276.99,EUR,credit_card,standard,
5506,Pending,384.95,GBP,klarna,ups,
5507,Shipped,230.99,USD,apple_pay,dhl,
5508,Pending,672.99,GBP,google_pay,express,
5509,Shipped,773.95,USD,klarna,overnight,
5510,Shipped,700.95,GBP,klarna,express,
5511,Shipped,818.95,USD,klarna,economy,
5512,Pending,176.95,EUR,bank_transfer,fedex,
5513,Refunded,1318.95,GBP,apple_pay,standard,
5514,Cancelled,571.99,USD,bank_transfer,dhl,
5515,Shipped,1006.95,USD,google_pay,pickup_point,
5516,Returned,1153.99,USD,paypal,ups,
5517,Shipped,1329.95,EUR,klarna,fedex,
5518,Refunded,131.99,EUR,bank_transfer,economy,
5519,Cancelled,572.95,USD,credit_card,overnight,
5520,Processing,654.99,EUR,google_pay,ups,
5521,Cancelled,707.99,GBP,bank_transfer,pickup_point,
5522,Shipped,868.95,EUR,credit_card,ups,
5523,Delivered,377.95,EUR,google_pay,dhl,
5524,Cancelled,524.99,USD,klarna,dhl,
5525,Shipped,1223.99,EUR,google_pay,express,
5526,Cancelled,1464.99,USD,debit_card,dhl,
5527,Delivered,1097.95,GBP,bank_transfer,pickup_point,
5528,Shipped,966.95,GBP,bank_transfer,overnight,
5529,Shipped,280.99,USD,bank_transfer,pickup_point,
5530,Returned,1321.95,EUR,klarna,dhl,
5531,Cancelled,470.95,EUR,credit_card,fedex,
5532,Processing,981.95,EUR,paypal,economy,
5533,Pending,865.95,GBP,apple_pay,express,
5534,Delivered,54.95,GBP,klarna,express,
5535,Shipped,489.95,GBP,debit_card,express,
5536,Pending,1358.95,USD,klarna,express,
5537,Returned,163.95,EUR,apple_pay,express,Please leave at front door
5538,Processing,1470.99,EUR,klarna,standard,
5539,Cancelled,1487.99,EUR,apple_pay,pickup_point,
5540,Refunded,458.95,EUR,credit_card,ups,
5541,Processing,535.95,USD,google_pay,express,
5542,Cancelled,100.95,USD,bank_transfer,express,
5543,Refunded,1194.99,EUR,apple_pay,overnight,
5544,Pending,23.99,EUR,credit_card,economy,
5545,Processing,294.99,USD,klarna,express,
5546,Refunded,568.99,EUR,apple_pay,express,
5547,Returned,73.99,EUR,paypal,overnight,
5548,Returned,440.95,USD,credit_card,overnight,
5549,Returned,599.99,USD,klarna,overnight,
5550,Shipped,14.95,EUR,apple_pay,fedex,
5551,Cancelled,1156.95,EUR,bank_transfer,standard,
5552,Shipped,1097.95,GBP,klarna,standard,
5553,Processing,931.99,USD,debit_card,fedex,
5554,Cancelled,834.99,EUR,credit_card,pickup_point,
5555,Delivered,1313.99,EUR,google_pay,fedex,
5556,Delivered,850.95,EUR,paypal,dhl,
5557,Pending,1294.95,EUR,google_pay,dhl,
5558,Refunded,304.99,USD,apple_pay,pickup_point,
5559,Returned,497.95,USD,bank_transfer,pickup_point,
5560,Returned,339.95,EUR,google_pay,pickup_point,
5561,Returned,442.95,USD,debit_card,pickup_point,
5562,Processing,1057.95,GBP,debit_card,pickup_point,
5563,Returned,61.99,EUR,credit_card,express,
5564,Delivered,1450.99,GBP,apple_pay,economy,
5565,Pending,1061.95,USD,credit_card,dhl,
5566,Delivered,649.99,USD,debit_card,economy,
5567,Shipped,483.95,USD,bank_transfer,ups,
5568,Returned,846.95,GBP,google_pay,economy,
5569,Delivered,1236.99,GBP,bank_transfer,express,
5570,Cancelled,274.99,USD,paypal,economy,
5571,Returned,674.95,EUR,credit_card,fedex,
5572,Returned,1076.95,EUR,debit_card,overnight,
5573,Processing,1470.95,GBP,debit_card,dhl,
5574,Returned,276.95,USD,google_pay,overnight,
5575,Processing,1272.99,EUR,apple_pay,express,
5576,Processing,152.95,EUR,paypal,express,
5577,Returned,557.99,GBP,google_pay,dhl,
5578,Processing,665.99,USD,credit_card,dhl,
5579,Pending,1261.99,USD,apple_pay,fedex,
5580,Pending,643.99,EUR,debit_card,fedex,
5581,Cancelled,978.99,GBP,bank_transfer,ups,
5582,Processing,647.95,EUR,klarna,economy,
5583,Processing,1457.95,GBP,apple_pay,economy,
5584,Returned,1206.99,USD,debit_card,ups,
5585,Returned,103.99,GBP,credit_card,ups,
5586,Cancelled,238.95,USD,klarna,express,Do not leave in direct sunlight
5587,Shipped,370.95,EUR,debit_card,standard,
5588,Shipped,674.99,GBP,apple_pay,express,
5589,Shipped,201.95,GBP,paypal,overnight,
5590,Processing,1169.95,GBP,paypal,dhl,
5591,Pending,464.95,USD,paypal,fedex,
5592,Processing,599.99,EUR,google_pay,express,
5593,Cancelled,1368.99,GBP,credit_card,fedex,
5594,Processing,1255.95,EUR,credit_card,overnight,
5595,Refunded,1222.99,USD,credit_card,overnight,Ring doorbell twice
5596,Shipped,1437.95,EUR,credit_card,dhl,
5597,Processing,564.95,USD,paypal,fedex,Please pack carefully
5598,Refunded,616.95,USD,klarna,economy,
5599,Returned,379.95,EUR,bank_transfer,fedex,
5600,Returned,1050.95,GBP,credit_card,overnight,
5601,Shipped,778.99,EUR,apple_pay,overnight,
5602,Returned,868.95,GBP,debit_card,standard,
5603,Delivered,968.95,USD,klarna,dhl,
5604,Delivered,196.95,USD,paypal,dhl,
5605,Processing,1499.99,EUR,credit_card,ups,
5606,Processing,596.99,USD,debit_card,economy,Residential address
5607,Processing,686.95,USD,credit_card,express,
5608,Pending,894.99,GBP,paypal,express,
5609,Shipped,287.95,USD,debit_card,express,
5610,Pending,1470.95,GBP,google_pay,economy,
5611,Pending,869.95,USD,klarna,dhl,
5612,Shipped,1324.95,USD,credit_card,ups,
5613,Processing,939.99,USD,apple_pay,fedex,
5614,Refunded,1300.99,USD,paypal,ups,
5615,Shipped,943.95,EUR,credit_card,standard,
5616,Refunded,513.99,USD,credit_card,dhl,
5617,Shipped,1453.99,USD,bank_transfer,express,
5618,Refunded,826.99,GBP,apple_pay,economy,
5619,Refunded,205.99,EUR,google_pay,economy,
5620,Processing,202.95,EUR,bank_transfer,ups,
5621,Cancelled,1088.95,USD,credit_card,fedex,
5622,Processing,1314.99,GBP,klarna,express,
5623,Refunded,249.95,GBP,credit_card,economy,
5624,Shipped,1106.99,EUR,bank_transfer,express,
5625,Shipped,504.99,EUR,debit_card,ups,
5626,Delivered,30.95,USD,paypal,fedex,
5627,Pending,1207.99,USD,apple_pay,economy,
5628,Shipped,65.99,EUR,credit_card,overnight,
5629,Cancelled,1068.95,GBP,bank_transfer,economy,
5630,Refunded,814.99,USD,bank_transfer,overnight,
5631,Pending,493.99,GBP,google_pay,economy,
5632,Refunded,1162.99,USD,bank_transfer,economy,
5633,Processing,1486.99,EUR,paypal,fedex,
5634,Delivered,208.95,EUR,debit_card,pickup_point,
5635,Delivered,1252.95,USD,apple_pay,economy,
5636,Delivered,177.99,GBP,klarna,dhl,
5637,Pending,298.95,GBP,bank_transfer,overnight,
5638,Delivered,1333.99,USD,bank_transfer,fedex,
5639,Returned,774.95,EUR,apple_pay,ups,
5640,Shipped,474.95,USD,apple_pay,pickup_point,
5641,Processing,330.99,GBP,google_pay,pickup_point,
5642,Processing,521.99,USD,google_pay,overnight,
5643,Shipped,849.95,GBP,credit_card,ups,
5644,Returned,1450.99,EUR,debit_card,dhl,
5645,Processing,1429.99,EUR,klarna,express,Leave with neighbor if not home
5646,Refunded,215.99,GBP,paypal,dhl,
5647,Cancelled,860.99,GBP,klarna,ups,
5648,Cancelled,140.99,EUR,google_pay,fedex,
5649,Pending,198.99,GBP,bank_transfer,standard,
5650,Returned,735.99,USD,klarna,express,
5651,Cancelled,119.99,USD,bank_transfer,pickup_point,
5652,Refunded,1071.95,USD,google_pay,standard,
5653,Refunded,166.95,USD,bank_transfer,economy,
5654,Cancelled,647.95,EUR,paypal,dhl,
5655,Shipped,42.95,USD,paypal,economy,
5656,Delivered,1020.95,EUR,google_pay,ups,
5657,Refunded,1199.95,EUR,google_pay,pickup_point,
5658,Processing,1186.95,USD,credit_card,express,
5659,Returned,394.95,GBP,paypal,express,
5660,Delivered,1115.99,USD,bank_transfer,dhl,
5661,Processing,157.99,USD,credit_card,fedex,
5662,Delivered,152.99,USD,apple_pay,economy,
5663,Returned,443.99,EUR,google_pay,dhl,
5664,Delivered,1365.99,EUR,apple_pay,economy,
5665,Cancelled,370.95,USD,google_pay,ups,
5666,Cancelled,80.99,EUR,bank_transfer,ups,
5667,Shipped,727.95,EUR,bank_transfer,overnight,
5668,Cancelled,286.95,GBP,google_pay,fedex,
5669,Pending,780.95,EUR,debit_card,express,
5670,Refunded,1343.95,USD,paypal,express,
5671,Pending,855.95,GBP,apple_pay,pickup_point,
5672,Processing,616.99,EUR,klarna,overnight,
5673,Processing,507.99,USD,apple_pay,fedex,
5674,Refunded,1141.95,EUR,google_pay,fedex,
5675,Processing,516.95,USD,paypal,express,
5676,Pending,1017.95,USD,paypal,standard,
5677,Delivered,1245.99,USD,bank_transfer,dhl,
5678,Returned,761.95,EUR,apple_pay,pickup_point,
5679,Cancelled,799.99,GBP,credit_card,dhl,
5680,Refunded,897.95,USD,paypal,fedex,
5681,Refunded,1442.95,EUR,bank_transfer,fedex,
5682,Pending,839.95,GBP,credit_card,express,
5683,Returned,685.95,GBP,paypal,dhl,
5684,Shipped,1354.99,USD,bank_transfer,express,
5685,Cancelled,99.99,EUR,google_pay,economy,
5686,Delivered,689.99,EUR,bank_transfer,fedex,
5687,Processing,693.99,GBP,bank_transfer,express,
5688,Processing,509.99,USD,google_pay,ups,
5689,Cancelled,1100.99,GBP,klarna,pickup_point,
5690,Returned,1068.99,EUR,google_pay,fedex,
5691,Delivered,23.95,GBP,paypal,standard,
5692,Refunded,796.95,USD,credit_card,fedex,
5693,Shipped,1426.99,GBP,apple_pay,express,
5694,Returned,454.99,GBP,apple_pay,dhl,
5695,Delivered,1470.99,GBP,paypal,standard,
5696,Delivered,897.95,GBP,bank_transfer,dhl,
5697,Processing,1220.99,EUR,bank_transfer,economy,
5698,Delivered,877.95,EUR,paypal,dhl,
5699,Cancelled,450.95,USD,bank_transfer,dhl,
5700,Processing,494.99,EUR,credit_card,fedex,
5701,Shipped,1038.99,USD,google_pay,dhl,
5702,Cancelled,1042.99,USD,credit_card,overnight,
5703,Shipped,688.95,USD,apple_pay,economy,
5704,Cancelled,1369.95,USD,credit_card,overnight,
5705,Returned,397.99,USD,klarna,ups,
5706,Returned,322.95,USD,apple_pay,fedex,
5707,Delivered,863.99,EUR,bank_transfer,overnight,
5708,Cancelled,569.95,EUR,paypal,fedex,
5709,Pending,965.95,USD,apple_pay,economy,
5710,Pending,770.95,EUR,credit_card,express,
5711,Cancelled,431.99,GBP,apple_pay,overnight,
5712,Processing,1255.99,USD,klarna,express,
5713,Pending,556.99,GBP,klarna,standard,
5714,Cancelled,903.95,GBP,bank_transfer,ups,
5715,Pending,1440.99,EUR,bank_transfer,dhl,
5716,Processing,1062.95,EUR,bank_transfer,dhl,
5717,Shipped,945.99,GBP,debit_card,pickup_point,
5718,Returned,1381.95,GBP,paypal,pickup_point,
5719,Pending,224.95,GBP,credit_card,standard,
5720,Pending,398.95,EUR,google_pay,overnight,
5721,Cancelled,499.99,GBP,bank_transfer,overnight,
5722,Processing,1399.95,EUR,paypal,standard,
5723,Shipped,124.95,EUR,debit_card,pickup_point,
5724,Delivered,1369.99,EUR,debit_card,standard,Do not leave in direct sunlight
5725,Delivered,1050.99,GBP,google_pay,dhl,
5726,Cancelled,1022.95,USD,paypal,standard,
5727,Processing,86.95,EUR,klarna,standard,
5728,Processing,561.95,USD,bank_transfer,pickup_point,
5729,Processing,202.99,USD,debit_card,dhl,
5730,Pending,804.95,GBP,credit_card,pickup_point,
5731,Shipped,163.99,EUR,paypal,overnight,
5732,Refunded,679.99,GBP,credit_card,dhl,
5733,Cancelled,1293.95,USD,apple_pay,pickup_point,
5734,Returned,850.99,EUR,credit_card,overnight,
5735,Delivered,143.99,GBP,google_pay,pickup_point,
5736,Pending,206.99,GBP,credit_card,fedex,
5737,Processing,1210.99,EUR,apple_pay,fedex,
5738,Processing,271.95,USD,google_pay,express,
5739,Delivered,902.95,GBP,debit_card,overnight,
5740,Shipped,538.95,USD,apple_pay,dhl,
5741,Refunded,571.99,USD,klarna,express,
5742,Processing,845.99,USD,apple_pay,pickup_point,
5743,Delivered,355.95,GBP,google_pay,ups,
5744,Returned,1245.99,USD,klarna,fedex,
5745,Refunded,46.95,GBP,credit_card,dhl,ASAP delivery needed
5746,Shipped,193.95,USD,google_pay,fedex,
5747,Cancelled,480.95,USD,apple_pay,pickup_point,
5748,Delivered,448.95,EUR,google_pay,standard,
5749,Shipped,1302.99,EUR,credit_card,express,
5750,Pending,669.95,EUR,google_pay,ups,
5751,Cancelled,212.99,EUR,credit_card,economy,
5752,Shipped,1005.95,USD,bank_transfer,overnight,
5753,Returned,1347.99,GBP,klarna,fedex,
5754,Refunded,1246.95,EUR,credit_card,dhl,
5755,Returned,86.99,EUR,klarna,fedex,
5756,Refunded,40.95,USD,apple_pay,express,
5757,Returned,1319.99,EUR,credit_card,pickup_point,
5758,Returned,256.99,GBP,debit_card,overnight,
5759,Returned,1416.99,GBP,klarna,economy,
5760,Delivered,736.99,USD,klarna,pickup_point,
5761,Processing,1360.95,EUR,debit_card,overnight,
5762,Delivered,274.95,USD,google_pay,express,
5763,Shipped,1211.95,GBP,credit_card,economy,
5764,Delivered,1374.99,EUR,google_pay,overnight,
5765,Shipped,1453.99,EUR,bank_transfer,pickup_point,
5766,Shipped,525.99,GBP,debit_card,overnight,
5767,Cancelled,1347.95,EUR,apple_pay,fedex,
5768,Delivered,730.95,GBP,paypal,fedex,
5769,Refunded,839.95,EUR,apple_pay,express,
5770,Refunded,1240.95,USD,google_pay,overnight,
5771,Shipped,1033.99,GBP,google_pay,fedex,
5772,Returned,541.99,USD,bank_transfer,ups,
5773,Shipped,1274.95,GBP,paypal,dhl,
5774,Refunded,999.99,EUR,bank_transfer,pickup_point,
5775,Returned,1057.95,EUR,klarna,dhl,
5776,Processing,52.99,GBP,debit_card,express,
5777,Processing,256.95,USD,bank_transfer,overnight,
5778,Shipped,364.95,EUR,debit_card,ups,
5779,Pending,302.95,USD,bank_transfer,ups,
5780,Processing,597.99,EUR,credit_card,economy,
5781,Returned,1095.99,EUR,klarna,express,
5782,Shipped,253.99,GBP,debit_card,standard,
5783,Cancelled,1123.95,GBP,apple_pay,pickup_point,
5784,Processing,717.95,GBP,klarna,fedex,
5785,Processing,413.99,USD,credit_card,express,
5786,Returned,1017.99,USD,paypal,ups,
5787,Refunded,732.99,GBP,bank_transfer,standard,
5788,Returned,733.95,GBP,klarna,ups,
5789,Refunded,967.95,USD,apple_pay,pickup_point,
5790,Returned,1122.99,GBP,google_pay,express,
5791,Cancelled,346.95,USD,paypal,ups,
5792,Refunded,770.99,EUR,apple_pay,overnight,
5793,Returned,1163.99,GBP,paypal,pickup_point,
5794,Shipped,624.95,GBP,google_pay,economy,
5795,Pending,301.99,USD,klarna,economy,Business address
5796,Processing,647.99,USD,credit_card,ups,
5797,Shipped,1038.95,GBP,google_pay,ups,
5798,Refunded,246.95,GBP,paypal,overnight,
5799,Cancelled,730.99,USD,google_pay,standard,
5800,Processing,555.95,EUR,debit_card,standard,
5801,Shipped,1137.99,USD,apple_pay,pickup_point,
5802,Returned,498.95,GBP,debit_card,ups,
5803,Processing,73.99,EUR,debit_card,fedex,
5804,Cancelled,494.95,USD,credit_card,ups,
5805,Delivered,242.95,EUR,klarna,pickup_point,
5806,Cancelled,1195.99,EUR,apple_pay,overnight,
5807,Processing,60.99,USD,bank_transfer,overnight,
5808,Shipped,436.99,EUR,klarna,pickup_point,
5809,Cancelled,864.95,GBP,apple_pay,express,
5810,Delivered,63.95,GBP,credit_card,fedex,
5811,Pending,43.99,USD,google_pay,express,
5812,Refunded,191.99,EUR,credit_card,standard,
5813,Refunded,1169.95,GBP,apple_pay,express,
5814,Returned,1454.95,GBP,bank_transfer,fedex,
5815,Pending,889.95,GBP,apple_pay,pickup_point,
5816,Returned,857.99,EUR,paypal,standard,
5817,Pending,85.95,GBP,paypal,ups,
5818,Pending,1120.99,USD,bank_transfer,fedex,
5819,Shipped,1096.95,EUR,google_pay,economy,
5820,Shipped,345.99,GBP,paypal,ups,
5821,Returned,752.95,USD,debit_card,standard,Leave with neighbor if not home
5822,Shipped,1493.95,EUR,apple_pay,ups,
5823,Pending,528.99,GBP,klarna,standard,
5824,Refunded,254.99,EUR,google_pay,fedex,
5825,Refunded,970.95,EUR,credit_card,dhl,
5826,Cancelled,695.95,EUR,bank_transfer,express,
5827,Cancelled,375.99,EUR,klarna,dhl,
5828,Refunded,675.95,EUR,debit_card,dhl,
5829,Shipped,541.99,GBP,google_pay,pickup_point,
5830,Delivered,371.99,USD,klarna,standard,
5831,Refunded,726.99,EUR,debit_card,overnight,
5832,Processing,480.95,EUR,debit_card,overnight,
5833,Cancelled,1326.95,USD,klarna,standard,
5834,Shipped,574.99,EUR,paypal,pickup_point,
5835,Returned,1260.99,USD,apple_pay,fedex,
5836,Cancelled,410.95,EUR,paypal,express,
5837,Returned,324.95,USD,debit_card,standard,
5838,Refunded,1105.99,USD,credit_card,standard,
5839,Returned,33.99,USD,klarna,dhl,ASAP delivery needed
5840,Pending,96.99,EUR,paypal,fedex,
5841,Shipped,424.99,EUR,google_pay,economy,
5842,Cancelled,881.99,USD,klarna,standard,
5843,Shipped,431.95,USD,apple_pay,standard,
5844,Processing,624.95,GBP,paypal,pickup_point,
5845,Shipped,141.95,USD,klarna,ups,
5846,Refunded,1361.99,USD,apple_pay,standard,
5847,Processing,85.95,USD,google_pay,fedex,
5848,Returned,796.95,EUR,debit_card,dhl,
5849,Cancelled,61.95,EUR,credit_card,dhl,
5850,Returned,618.95,USD,credit_card,ups,
5851,Returned,977.99,GBP,credit_card,ups,
5852,Returned,10.95,EUR,debit_card,fedex,
5853,Pending,1452.99,EUR,debit_card,overnight,
5854,Cancelled,884.95,EUR,klarna,fedex,
5855,Processing,800.99,USD,google_pay,pickup_point,
5856,Returned,456.95,USD,bank_transfer,overnight,
5857,Refunded,673.99,EUR,klarna,express,
5858,Refunded,1109.99,USD,apple_pay,fedex,
5859,Refunded,1403.95,USD,google_pay,economy,
5860,Processing,903.99,GBP,bank_transfer,pickup_point,
5861,Refunded,397.95,GBP,debit_card,economy,Combine with other items if available
5862,Delivered,1401.95,GBP,google_pay,pickup_point,
5863,Delivered,994.95,USD,debit_card,fedex,
5864,Refunded,1462.95,GBP,bank_transfer,economy,
5865,Delivered,226.99,USD,paypal,pickup_point,
5866,Pending,796.95,EUR,google_pay,pickup_point,
5867,Returned,606.95,USD,credit_card,express,Signature required
5868,Refunded,765.95,EUR,google_pay,ups,
5869,Processing,1046.99,GBP,bank_transfer,express,
5870,Shipped,267.99,USD,apple_pay,ups,
5871,Processing,595.99,GBP,credit_card,overnight,
5872,Returned,204.95,EUR,debit_card,fedex,
5873,Pending,642.95,GBP,klarna,ups,
5874,Returned,371.95,USD,bank_transfer,ups,
5875,Cancelled,694.95,GBP,apple_pay,ups,
5876,Returned,372.99,USD,bank_transfer,fedex,
5877,Cancelled,805.99,USD,credit_card,economy,
5878,Refunded,684.99,GBP,credit_card,pickup_point,
5879,Processing,133.95,GBP,klarna,ups,
5880,Refunded,646.99,GBP,debit_card,ups,
5881,Delivered,784.95,USD,klarna,express,Please pack carefully
5882,Pending,511.95,USD,credit_card,ups,
5883,Cancelled,858.95,USD,credit_card,fedex,
5884,Returned,1290.99,EUR,google_pay,express,
5885,Pending,1169.95,GBP,debit_card,economy,
5886,Delivered,803.95,USD,apple_pay,standard,
5887,Processing,306.99,USD,apple_pay,express,
5888,Pending,465.99,USD,debit_card,overnight,
5889,Processing,1254.95,GBP,credit_card,standard,
5890,Processing,321.99,USD,paypal,economy,
5891,Shipped,1138.99,GBP,apple_pay,dhl,
5892,Cancelled,525.99,USD,paypal,express,
5893,Refunded,1030.99,GBP,paypal,economy,
5894,Cancelled,1164.95,EUR,debit_card,economy,
5895,Processing,1100.99,EUR,credit_card,pickup_point,Do not leave in direct sunlight
5896,Refunded,1160.99,EUR,paypal,standard,
5897,Delivered,1157.95,USD,credit_card,express,
5898,Processing,638.95,USD,paypal,economy,
5899,Pending,676.99,GBP,klarna,ups,
5900,Shipped,1349.95,EUR,credit_card,standard,
5901,Delivered,1105.95,USD,paypal,fedex,
5902,Processing,294.95,EUR,bank_transfer,economy,Leave with neighbor if not home
5903,Pending,862.99,GBP,paypal,dhl,
5904,Shipped,165.99,GBP,debit_card,express,
5905,Refunded,132.99,USD,credit_card,pickup_point,Deliver to back entrance
5906,Shipped,277.99,USD,klarna,fedex,
5907,Pending,1179.99,GBP,bank_transfer,standard,
5908,Returned,253.95,EUR,google_pay,overnight,
5909,Shipped,132.95,GBP,google_pay,fedex,
5910,Processing,419.95,EUR,bank_transfer,ups,
5911,Pending,896.99,GBP,klarna,dhl,
5912,Cancelled,13.99,EUR,bank_transfer,standard,
5913,Returned,132.95,USD,google_pay,express,
5914,Pending,667.95,USD,google_pay,fedex,
5915,Processing,1148.95,EUR,klarna,dhl,
5916,Refunded,1334.95,EUR,apple_pay,pickup_point,
5917,Returned,851.95,USD,debit_card,dhl,
5918,Returned,345.99,EUR,klarna,fedex,
5919,Delivered,181.95,GBP,google_pay,standard,
5920,Delivered,25.95,USD,debit_card,express,
5921,Returned,200.99,EUR,apple_pay,economy,
5922,Shipped,190.95,USD,klarna,fedex,
5923,Refunded,1237.99,EUR,apple_pay,pickup_point,
5924,Refunded,1422.99,USD,apple_pay,fedex,
5925,Shipped,1350.95,GBP,paypal,standard,
5926,Shipped,1463.95,GBP,debit_card,pickup_point,
5927,Refunded,1166.99,USD,paypal,standard,
5928,Processing,413.95,GBP,bank_transfer,express,
5929,Pending,724.95,EUR,debit_card,economy,
5930,Pending,1108.99,GBP,bank_transfer,dhl,
5931,Returned,441.95,USD,google_pay,standard,
5932,Pending,1187.99,GBP,debit_card,dhl,
5933,Processing,939.99,GBP,apple_pay,dhl,
5934,Returned,154.95,USD,paypal,standard,
5935,Shipped,714.95,USD,klarna,dhl,
5936,Pending,1345.99,USD,apple_pay,express,Residential address
5937,Refunded,933.95,EUR,apple_pay,express,
5938,Processing,656.99,GBP,bank_transfer,economy,
5939,Cancelled,312.95,EUR,bank_transfer,pickup_point,
5940,Returned,207.99,GBP,bank_transfer,pickup_point,
5941,Processing,31.99,GBP,paypal,express,
5942,Pending,1213.99,USD,credit_card,fedex,
5943,Pending,1358.95,GBP,bank_transfer,ups,
5944,Pending,550.99,GBP,debit_card,ups,
5945,Processing,1224.99,GBP,apple_pay,overnight,
5946,Refunded,435.99,USD,debit_card,express,
5947,Processing,786.99,GBP,paypal,standard,
5948,Refunded,389.95,GBP,paypal,express,
5949,Delivered,1212.95,EUR,paypal,standard,
5950,Returned,902.95,EUR,paypal,standard,
5951,Shipped,571.99,USD,paypal,overnight,
5952,Pending,795.99,EUR,debit_card,overnight,Signature required
5953,Processing,1176.99,EUR,google_pay,ups,
5954,Cancelled,529.95,EUR,bank_transfer,standard,
5955,Shipped,1308.99,GBP,paypal,dhl,
5956,Pending,292.99,GBP,bank_transfer,overnight,
5957,Delivered,679.95,EUR,bank_transfer,fedex,Combine with other items if available
5958,Pending,1247.99,USD,google_pay,fedex,Fragile - handle with care
5959,Pending,778.95,GBP,klarna,overnight,Please leave at front door
5960,Delivered,635.99,GBP,paypal,express,
5961,Pending,214.95,EUR,debit_card,economy,
5962,Pending,1318.95,USD,debit_card,standard,
5963,Cancelled,1195.95,GBP,credit_card,fedex,
5964,Refunded,778.99,EUR,google_pay,overnight,
5965,Returned,1398.95,EUR,credit_card,overnight,
5966,Delivered,1368.99,USD,google_pay,economy,
5967,Returned,812.99,USD,debit_card,express,
5968,Returned,521.99,GBP,paypal,pickup_point,
5969,Shipped,294.95,GBP,paypal,dhl,ASAP delivery needed
5970,Returned,44.99,GBP,google_pay,fedex,
5971,Shipped,199.99,EUR,debit_card,express,
5972,Processing,1234.95,USD,klarna,pickup_point,Residential address
5973,Refunded,1010.95,EUR,credit_card,economy,
5974,Cancelled,888.99,EUR,bank_transfer,overnight,Gift wrapping requested
5975,Processing,11.95,GBP,paypal,ups,
5976,Cancelled,1244.95,GBP,google_pay,overnight,
5977,Shipped,1287.95,GBP,klarna,dhl,
5978,Shipped,904.99,USD,paypal,express,
5979,Processing,205.99,GBP,credit_card,standard,
5980,Cancelled,1479.95,GBP,paypal,dhl,
5981,Cancelled,793.99,USD,credit_card,fedex,
5982,Cancelled,1130.95,GBP,paypal,fedex,
5983,Delivered,655.99,USD,credit_card,ups,
5984,Cancelled,178.99,EUR,paypal,overnight,
5985,Refunded,327.99,USD,bank_transfer,overnight,
5986,Processing,711.95,EUR,klarna,overnight,Fragile - handle with care
5987,Pending,432.99,GBP,credit_card,economy,Business address
5988,Cancelled,521.99,EUR,klarna,economy,
5989,Refunded,878.95,USD,klarna,fedex,
5990,Refunded,1209.99,EUR,klarna,economy,
5991,Delivered,1216.99,GBP,debit_card,dhl,
5992,Delivered,1485.95,GBP,paypal,express,
5993,Refunded,752.95,USD,google_pay,dhl,
5994,Cancelled,900.99,GBP,debit_card,express,
5995,Pending,1393.99,EUR,paypal,fedex,
5996,Delivered,1254.95,USD,bank_transfer,ups,
5997,Shipped,1312.99,USD,credit_card,pickup_point,
5998,Returned,605.99,USD,klarna,express,
5999,Cancelled,608.99,USD,apple_pay,pickup_point,
6000,Pending,1210.95,USD,bank_transfer,dhl,
6001,Returned,1337.95,USD,klarna,dhl,
6002,Refunded,1238.95,EUR,paypal,pickup_point,
6003,Cancelled,326.95,EUR,bank_transfer,fedex,
6004,Pending,849.99,GBP,paypal,overnight,
6005,Returned,1447.99,EUR,debit_card,ups,
6006,Returned,1400.99,EUR,google_pay,ups,
6007,Processing,886.95,GBP,credit_card,economy,
6008,Processing,1390.95,USD,google_pay,standard,
6009,Delivered,745.95,USD,google_pay,economy,
6010,Pending,194.99,USD,bank_transfer,overnight,
6011,Processing,1101.99,GBP,debit_card,ups,
6012,Pending,283.95,GBP,debit_card,pickup_point,
6013,Shipped,1128.99,GBP,paypal,standard,
6014,Returned,1300.99,GBP,klarna,fedex,
6015,Delivered,1050.99,USD,paypal,pickup_point,
6016,Refunded,1115.95,USD,debit_card,ups,
6017,Refunded,65.95,GBP,google_pay,dhl,
6018,Shipped,416.99,USD,google_pay,ups,
6019,Delivered,623.99,GBP,apple_pay,dhl,
6020,Shipped,1314.95,USD,google_pay,fedex,
6021,Returned,678.99,EUR,apple_pay,standard,
6022,Processing,1177.99,USD,bank_transfer,overnight,
6023,Shipped,390.95,EUR,google_pay,dhl,Do not leave in direct sunlight
6024,Pending,570.99,EUR,klarna,ups,
6025,Shipped,1225.99,USD,debit_card,fedex,
6026,Processing,747.99,USD,credit_card,fedex,
6027,Returned,328.95,GBP,apple_pay,economy,
6028,Shipped,1374.95,USD,klarna,fedex,
6029,Pending,1136.95,GBP,paypal,pickup_point,
6030,Refunded,1313.99,GBP,google_pay,express,
6031,Refunded,586.99,USD,apple_pay,ups,
6032,Returned,1295.99,GBP,paypal,pickup_point,
6033,Pending,1334.95,USD,klarna,overnight,
6034,Cancelled,213.99,EUR,klarna,pickup_point,
6035,Shipped,443.99,EUR,apple_pay,fedex,Combine with other items if available
6036,Cancelled,201.99,EUR,bank_transfer,express,
6037,Pending,344.99,GBP,klarna,overnight,
6038,Delivered,551.95,EUR,bank_transfer,dhl,
6039,Processing,1204.95,EUR,klarna,overnight,
6040,Returned,644.95,EUR,credit_card,dhl,
6041,Refunded,709.95,EUR,debit_card,express,
6042,Pending,472.99,GBP,credit_card,fedex,
6043,Shipped,1385.99,USD,apple_pay,ups,
6044,Cancelled,1275.95,GBP,debit_card,overnight,
6045,Processing,1397.99,GBP,credit_card,fedex,
6046,Refunded,456.99,GBP,paypal,economy,
6047,Returned,604.99,USD,google_pay,economy,
6048,Processing,1293.99,USD,debit_card,pickup_point,
6049,Returned,1437.99,GBP,credit_card,express,
6050,Refunded,467.95,USD,paypal,standard,
6051,Refunded,891.95,GBP,paypal,overnight,
6052,Delivered,850.95,GBP,klarna,overnight,
6053,Cancelled,926.95,EUR,klarna,economy,
6054,Returned,796.95,EUR,klarna,fedex,
6055,Delivered,224.95,EUR,apple_pay,pickup_point,
6056,Pending,113.99,EUR,credit_card,express,
6057,Pending,982.95,GBP,paypal,ups,
6058,Returned,949.95,EUR,apple_pay,express,
6059,Shipped,92.99,EUR,klarna,dhl,
6060,Shipped,38.99,EUR,credit_card,overnight,
6061,Returned,1481.99,GBP,bank_transfer,ups,
6062,Pending,1416.99,USD,bank_transfer,overnight,
6063,Cancelled,113.99,EUR,bank_transfer,overnight,
6064,Delivered,659.99,EUR,bank_transfer,economy,
6065,Delivered,590.95,USD,google_pay,standard,
6066,Refunded,476.99,EUR,debit_card,overnight,
6067,Refunded,1334.95,USD,bank_transfer,express,
6068,Delivered,875.95,USD,google_pay,ups,Fragile - handle with care
6069,Delivered,739.95,GBP,credit_card,pickup_point,
6070,Shipped,517.99,GBP,apple_pay,overnight,
6071,Shipped,415.95,EUR,credit_card,ups,
6072,Returned,998.95,GBP,paypal,express,
6073,Shipped,611.95,USD,credit_card,dhl,
6074,Processing,881.95,EUR,debit_card,overnight,
6075,Refunded,763.95,USD,debit_card,standard,Do not leave in direct sunlight
6076,Processing,1199.99,USD,paypal,ups,
6077,Refunded,1357.99,EUR,credit_card,economy,
6078,Pending,1397.99,EUR,debit_card,overnight,
6079,Delivered,454.95,USD,credit_card,pickup_point,
6080,Cancelled,943.95,USD,bank_transfer,ups,
6081,Delivered,580.95,EUR,google_pay,standard,
6082,Processing,628.95,GBP,klarna,fedex,
6083,Refunded,386.99,USD,apple_pay,express,
6084,Shipped,976.95,USD,klarna,express,
6085,Cancelled,370.99,EUR,apple_pay,standard,
6086,Returned,281.99,USD,paypal,standard,
6087,Cancelled,460.99,EUR,credit_card,economy,
6088,Processing,294.99,EUR,bank_transfer,overnight,
6089,Refunded,1293.95,USD,credit_card,fedex,
6090,Returned,420.99,EUR,google_pay,overnight,
6091,Refunded,329.95,GBP,paypal,fedex,
6092,Processing,520.99,EUR,klarna,pickup_point,Do not leave in direct sunlight
6093,Cancelled,1260.99,USD,credit_card,standard,
6094,Cancelled,808.95,GBP,debit_card,pickup_point,
6095,Delivered,837.95,USD,credit_card,fedex,
6096,Cancelled,725.99,GBP,apple_pay,express,
6097,Pending,706.99,USD,bank_transfer,express,
6098,Processing,150.95,EUR,credit_card,fedex,
6099,Refunded,1040.99,EUR,credit_card,ups,
6100,Shipped,204.99,EUR,debit_card,pickup_point,
6101,Delivered,60.99,GBP,paypal,standard,
6102,Returned,1376.95,EUR,bank_transfer,standard,
6103,Delivered,229.95,GBP,bank_transfer,express,
6104,Refunded,718.95,EUR,apple_pay,economy,
6105,Processing,1417.99,GBP,klarna,dhl,
6106,Pending,1483.99,EUR,apple_pay,overnight,
6107,Delivered,809.95,EUR,paypal,ups,
6108,Returned,1389.99,USD,apple_pay,dhl,
6109,Processing,732.95,EUR,paypal,overnight,
6110,Processing,177.99,USD,google_pay,dhl,
6111,Delivered,64.99,GBP,debit_card,pickup_point,
6112,Shipped,978.95,EUR,klarna,dhl,
6113,Cancelled,931.95,USD,bank_transfer,fedex,
6114,Refunded,1342.95,GBP,paypal,fedex,
6115,Processing,602.99,GBP,bank_transfer,dhl,
6116,Cancelled,775.99,GBP,apple_pay,fedex,
6117,Processing,1134.95,GBP,credit_card,pickup_point,
6118,Delivered,659.99,GBP,debit_card,overnight,
6119,Returned,1446.99,USD,klarna,overnight,
6120,Returned,902.95,GBP,bank_transfer,fedex,
6121,Delivered,510.95,USD,bank_transfer,economy,
6122,Refunded,193.99,GBP,apple_pay,standard,
6123,Cancelled,1108.95,USD,apple_pay,dhl,
6124,Shipped,1056.99,USD,credit_card,express,
6125,Cancelled,1194.99,GBP,bank_transfer,ups,Leave with neighbor if not home
6126,Refunded,47.95,EUR,klarna,ups,
6127,Refunded,618.99,EUR,debit_card,overnight,
6128,Pending,1155.95,EUR,google_pay,ups,
6129,Delivered,296.95,GBP,paypal,ups,Ring doorbell twice
6130,Cancelled,1355.95,GBP,klarna,ups,
6131,Cancelled,699.95,USD,credit_card,overnight,
6132,Refunded,1203.95,GBP,paypal,standard,
6133,Processing,459.95,GBP,debit_card,dhl,
6134,Pending,152.99,USD,paypal,overnight,ASAP delivery needed
6135,Cancelled,264.99,GBP,klarna,overnight,
6136,Returned,106.99,USD,paypal,pickup_point,
6137,Pending,661.99,EUR,paypal,dhl,Gift wrapping requested
6138,Shipped,930.99,EUR,paypal,express,
6139,Returned,408.99,USD,google_pay,pickup_point,
6140,Pending,979.95,GBP,klarna,overnight,
6141,Refunded,291.95,GBP,credit_card,economy,
6142,Shipped,187.95,GBP,debit_card,overnight,
6143,Refunded,574.95,GBP,bank_transfer,overnight,
6144,Cancelled,885.99,GBP,klarna,standard,
6145,Shipped,671.99,USD,paypal,ups,
6146,Delivered,957.99,EUR,paypal,ups,
6147,Pending,1371.99,USD,bank_transfer,express,
6148,Refunded,1224.95,USD,klarna,dhl,
6149,Pending,546.99,USD,apple_pay,fedex,
6150,Returned,514.95,GBP,bank_transfer,express,
6151,Processing,1029.95,EUR,credit_card,express,
6152,Pending,94.95,USD,credit_card,standard,
6153,Cancelled,424.95,EUR,credit_card,fedex,
6154,Pending,924.99,USD,apple_pay,overnight,
6155,Processing,621.99,USD,google_pay,fedex,
6156,Processing,991.99,USD,google_pay,dhl,
6157,Cancelled,997.95,GBP,paypal,economy,
6158,Delivered,222.99,USD,bank_transfer,express,
6159,Refunded,334.95,EUR,apple_pay,standard,
6160,Shipped,1292.95,GBP,credit_card,standard,
6161,Delivered,495.99,EUR,google_pay,dhl,
6162,Cancelled,31.95,GBP,google_pay,overnight,
6163,Returned,14.99,EUR,bank_transfer,fedex,Fragile - handle with care
6164,Refunded,172.99,EUR,apple_pay,ups,
6165,Processing,1036.99,GBP,klarna,pickup_point,
6166,Returned,490.95,EUR,apple_pay,standard,
6167,Returned,1406.95,GBP,bank_transfer,ups,
6168,Cancelled,1312.99,EUR,debit_card,overnight,
6169,Delivered,31.99,EUR,debit_card,pickup_point,
6170,Delivered,1371.95,USD,paypal,pickup_point,
6171,Returned,431.99,EUR,paypal,overnight,
6172,Shipped,358.99,USD,apple_pay,ups,
6173,Cancelled,749.95,EUR,paypal,ups,Business address
6174,Returned,646.95,USD,apple_pay,overnight,
6175,Cancelled,1470.99,EUR,klarna,ups,
6176,Processing,1413.99,GBP,google_pay,standard,
6177,Cancelled,640.99,USD,credit_card,economy,
6178,Delivered,651.95,GBP,debit_card,pickup_point,
6179,Processing,196.95,GBP,apple_pay,express,Deliver to back entrance
6180,Delivered,796.99,USD,debit_card,overnight,
6181,Processing,228.95,EUR,bank_transfer,pickup_point,
6182,Processing,690.95,GBP,klarna,dhl,
6183,Shipped,699.99,EUR,debit_card,dhl,
6184,Processing,39.95,EUR,google_pay,economy,
6185,Returned,1084.95,USD,apple_pay,express,
6186,Pending,960.95,EUR,paypal,fedex,
6187,Delivered,83.99,USD,klarna,standard,
6188,Returned,468.99,GBP,paypal,overnight,
6189,Returned,836.95,EUR,google_pay,standard,
6190,Pending,1261.99,EUR,paypal,overnight,
6191,Returned,118.99,EUR,google_pay,standard,
6192,Pending,1325.95,EUR,apple_pay,economy,
6193,Cancelled,71.99,EUR,bank_transfer,overnight,
6194,Cancelled,1232.95,USD,debit_card,overnight,
6195,Shipped,260.99,USD,google_pay,express,
6196,Returned,559.95,EUR,credit_card,pickup_point,
6197,Shipped,150.95,EUR,apple_pay,dhl,
6198,Refunded,859.95,USD,paypal,overnight,
6199,Cancelled,181.95,EUR,apple_pay,fedex,
6200,Delivered,1285.99,USD,credit_card,economy,
6201,Returned,1313.95,USD,debit_card,dhl,
6202,Delivered,1222.95,EUR,credit_card,express,
6203,Processing,928.95,USD,credit_card,dhl,
6204,Processing,493.99,EUR,klarna,economy,
6205,Returned,260.99,GBP,apple_pay,overnight,
6206,Cancelled,577.95,USD,paypal,economy,
6207,Delivered,1048.99,EUR,google_pay,express,
6208,Shipped,1194.99,EUR,credit_card,standard,
6209,Processing,1316.99,USD,apple_pay,express,
6210,Processing,941.99,GBP,debit_card,dhl,
6211,Returned,224.95,EUR,paypal,pickup_point,Residential address
6212,Processing,687.99,USD,paypal,express,
6213,Delivered,146.99,USD,klarna,fedex,
6214,Cancelled,475.95,USD,debit_card,economy,
6215,Delivered,247.99,USD,google_pay,pickup_point,ASAP delivery needed
6216,Shipped,1498.99,EUR,credit_card,overnight,
6217,Processing,531.99,EUR,apple_pay,economy,
6218,Returned,753.95,EUR,credit_card,dhl,
6219,Pending,78.95,USD,bank_transfer,economy,
6220,Pending,815.99,EUR,credit_card,economy,
6221,Refunded,64.99,GBP,debit_card,ups,Fragile - handle with care
6222,Refunded,561.99,USD,klarna,dhl,
6223,Returned,469.95,USD,google_pay,standard,
6224,Delivered,1036.95,USD,google_pay,express,
6225,Pending,1036.95,USD,google_pay,overnight,
6226,Pending,1235.95,EUR,google_pay,dhl,
6227,Returned,174.99,EUR,google_pay,fedex,
6228,Pending,74.95,GBP,klarna,pickup_point,
6229,Cancelled,1140.99,EUR,klarna,economy,
6230,Refunded,903.95,GBP,bank_transfer,overnight,
6231,Pending,151.99,GBP,debit_card,pickup_point,
6232,Refunded,1334.95,EUR,google_pay,express,
6233,Cancelled,814.99,USD,credit_card,fedex,
6234,Refunded,667.99,USD,paypal,express,
6235,Pending,403.95,GBP,bank_transfer,fedex,
6236,Returned,446.99,USD,apple_pay,express,
6237,Processing,993.95,EUR,paypal,ups,
6238,Delivered,1363.95,GBP,credit_card,dhl,
6239,Refunded,1073.95,GBP,apple_pay,fedex,
6240,Cancelled,1266.95,USD,bank_transfer,pickup_point,
6241,Delivered,290.99,GBP,google_pay,pickup_point,
6242,Processing,106.95,USD,debit_card,express,
6243,Returned,1359.95,EUR,paypal,economy,
6244,Delivered,1299.95,EUR,paypal,pickup_point,
6245,Shipped,601.95,EUR,bank_transfer,fedex,
6246,Refunded,423.95,GBP,klarna,standard,
6247,Pending,721.99,USD,google_pay,economy,
6248,Processing,1355.95,GBP,debit_card,fedex,
6249,Refunded,523.95,EUR,klarna,express,
6250,Delivered,1308.95,EUR,google_pay,ups,
6251,Returned,1164.99,EUR,google_pay,ups,
6252,Returned,994.95,EUR,paypal,dhl,
6253,Shipped,1100.95,EUR,debit_card,express,
6254,Returned,1295.95,GBP,bank_transfer,overnight,
6255,Delivered,1411.95,EUR,debit_card,ups,
6256,Delivered,1235.95,GBP,paypal,economy,
6257,Processing,171.95,USD,klarna,pickup_point,
6258,Delivered,1361.95,USD,klarna,express,
6259,Shipped,477.95,USD,klarna,economy,
6260,Delivered,1141.95,GBP,bank_transfer,dhl,
6261,Delivered,993.99,USD,credit_card,express,
6262,Processing,1302.99,GBP,paypal,pickup_point,
6263,Shipped,185.95,GBP,google_pay,overnight,
6264,Processing,421.95,GBP,google_pay,dhl,
6265,Delivered,248.95,USD,bank_transfer,dhl,
6266,Returned,1036.99,USD,klarna,express,
6267,Pending,565.99,USD,apple_pay,ups,
6268,Pending,1163.99,EUR,paypal,standard,
6269,Processing,1361.99,EUR,google_pay,standard,
6270,Cancelled,466.99,USD,bank_transfer,economy,
6271,Refunded,426.95,EUR,google_pay,pickup_point,
6272,Pending,871.99,USD,bank_transfer,express,
6273,Delivered,511.99,GBP,paypal,fedex,
6274,Pending,73.99,EUR,google_pay,overnight,
6275,Processing,1143.99,GBP,paypal,pickup_point,
6276,Shipped,30.95,USD,klarna,pickup_point,
6277,Cancelled,556.99,USD,bank_transfer,pickup_point,
6278,Pending,1156.99,USD,debit_card,fedex,
6279,Pending,283.95,GBP,klarna,overnight,
6280,Refunded,479.95,EUR,debit_card,fedex,
6281,Processing,1245.99,GBP,apple_pay,standard,
6282,Refunded,138.95,EUR,apple_pay,ups,
6283,Pending,1303.99,EUR,credit_card,pickup_point,
6284,Returned,138.95,GBP,apple_pay,pickup_point,
6285,Shipped,1254.95,GBP,apple_pay,ups,
6286,Cancelled,283.95,GBP,bank_transfer,express,
6287,Cancelled,1462.95,GBP,klarna,economy,
6288,Delivered,18.99,GBP,credit_card,dhl,
6289,Refunded,1463.99,EUR,credit_card,express,Business address
6290,Shipped,1290.99,USD,debit_card,dhl,
6291,Processing,406.95,GBP,credit_card,fedex,
6292,Refunded,1138.95,GBP,klarna,fedex,
6293,Delivered,953.99,USD,apple_pay,standard,
6294,Pending,351.95,EUR,bank_transfer,express,
6295,Returned,1313.99,GBP,paypal,standard,
6296,Returned,560.95,EUR,paypal,standard,
6297,Shipped,271.99,USD,apple_pay,standard,
6298,Processing,182.95,GBP,apple_pay,economy,
6299,Delivered,1358.99,EUR,paypal,fedex,
6300,Pending,843.95,USD,debit_card,express,
6301,Returned,235.95,GBP,credit_card,overnight,
6302,Cancelled,492.99,EUR,google_pay,express,
6303,Shipped,1299.95,EUR,credit_card,fedex,
6304,Delivered,314.99,USD,klarna,express,
6305,Pending,1270.99,GBP,klarna,pickup_point,
6306,Cancelled,866.99,GBP,klarna,dhl,
6307,Processing,1297.99,USD,klarna,ups,
6308,Returned,531.95,EUR,google_pay,overnight,
6309,Delivered,1377.95,USD,bank_transfer,ups,
6310,Refunded,1290.99,USD,klarna,pickup_point,
6311,Delivered,567.95,USD,google_pay,ups,
6312,Delivered,1216.99,GBP,debit_card,fedex,
6313,Delivered,1120.99,USD,debit_card,pickup_point,
6314,Returned,964.99,EUR,apple_pay,ups,
6315,Returned,1439.99,USD,credit_card,ups,
6316,Returned,966.95,USD,apple_pay,economy,
6317,Cancelled,639.99,GBP,debit_card,ups,
6318,Delivered,954.95,USD,paypal,standard,
6319,Returned,294.95,EUR,klarna,overnight,
6320,Returned,737.95,EUR,paypal,fedex,
6321,Delivered,155.99,USD,klarna,dhl,
6322,Refunded,212.99,EUR,credit_card,ups,
6323,Pending,937.99,USD,credit_card,express,
6324,Processing,581.99,EUR,google_pay,fedex,
6325,Cancelled,277.95,USD,google_pay,overnight,
6326,Returned,439.95,USD,klarna,fedex,
6327,Processing,723.99,GBP,debit_card,economy,
6328,Refunded,1425.95,EUR,google_pay,standard,
6329,Processing,1028.99,USD,apple_pay,dhl,
6330,Pending,978.99,GBP,bank_transfer,dhl,
6331,Refunded,1106.99,EUR,debit_card,economy,Signature required
6332,Delivered,450.99,EUR,apple_pay,pickup_point,
6333,Cancelled,1284.99,EUR,paypal,standard,
6334,Shipped,595.99,GBP,google_pay,fedex,
6335,Returned,78.99,EUR,bank_transfer,pickup_point,
6336,Returned,234.99,USD,google_pay,economy,
6337,Shipped,513.95,EUR,klarna,overnight,
6338,Refunded,1482.95,GBP,credit_card,pickup_point,
6339,Returned,411.95,GBP,bank_transfer,overnight,
6340,Refunded,1295.95,USD,klarna,fedex,Residential address
6341,Pending,91.99,EUR,apple_pay,overnight,
6342,Cancelled,1021.95,GBP,debit_card,overnight,
6343,Refunded,322.95,USD,apple_pay,fedex,
6344,Cancelled,1464.99,GBP,bank_transfer,overnight,
6345,Processing,1426.95,USD,apple_pay,dhl,
6346,Cancelled,966.95,GBP,google_pay,economy,
6347,Cancelled,180.99,USD,apple_pay,ups,
6348,Pending,401.95,EUR,google_pay,standard,
6349,Refunded,614.95,EUR,apple_pay,dhl,
6350,Pending,482.99,GBP,klarna,fedex,
6351,Delivered,525.95,EUR,bank_transfer,overnight,
6352,Returned,528.99,GBP,klarna,dhl,
6353,Cancelled,150.99,GBP,credit_card,dhl,
6354,Pending,982.95,GBP,credit_card,pickup_point,
6355,Returned,146.95,EUR,credit_card,overnight,
6356,Delivered,1403.95,USD,google_pay,fedex,
6357,Returned,1485.95,EUR,klarna,economy,
6358,Cancelled,791.95,USD,paypal,ups,
6359,Returned,376.95,USD,apple_pay,ups,Ring doorbell twice
6360,Cancelled,926.95,USD,paypal,pickup_point,
6361,Delivered,308.99,GBP,bank_transfer,express,
6362,Shipped,1114.95,GBP,bank_transfer,ups,
6363,Refunded,525.99,GBP,google_pay,dhl,
6364,Delivered,1072.99,EUR,debit_card,ups,
6365,Processing,1225.95,GBP,apple_pay,fedex,
6366,Cancelled,926.95,EUR,bank_transfer,ups,
6367,Shipped,1440.99,USD,bank_transfer,express,
6368,Processing,781.95,GBP,debit_card,ups,
6369,Delivered,107.99,EUR,klarna,economy,
6370,Cancelled,975.99,USD,credit_card,express,
6371,Refunded,927.99,GBP,debit_card,overnight,
6372,Returned,205.99,GBP,bank_transfer,standard,
6373,Processing,1345.99,USD,paypal,standard,
6374,Cancelled,1393.99,USD,bank_transfer,standard,ASAP delivery needed
6375,Refunded,323.95,USD,debit_card,pickup_point,
6376,Delivered,182.99,USD,bank_transfer,economy,
6377,Shipped,492.99,GBP,bank_transfer,pickup_point,
6378,Refunded,1483.99,EUR,klarna,dhl,
6379,Processing,137.99,GBP,google_pay,overnight,
6380,Shipped,724.99,EUR,debit_card,standard,
6381,Shipped,869.99,GBP,apple_pay,standard,
6382,Refunded,1208.99,EUR,paypal,dhl,
6383,Returned,1321.95,USD,debit_card,overnight,
6384,Cancelled,318.99,GBP,credit_card,overnight,
6385,Cancelled,1296.99,EUR,klarna,standard,
6386,Delivered,98.99,USD,klarna,overnight,
6387,Returned,1478.95,USD,klarna,pickup_point,
6388,Processing,1083.99,GBP,bank_transfer,economy,
6389,Pending,1401.99,EUR,paypal,overnight,
6390,Delivered,952.95,USD,google_pay,ups,
6391,Shipped,78.99,EUR,google_pay,dhl,
6392,Cancelled,672.95,EUR,paypal,fedex,
6393,Processing,30.99,USD,credit_card,standard,
6394,Processing,962.95,GBP,credit_card,pickup_point,
6395,Returned,779.99,EUR,credit_card,dhl,
6396,Refunded,1437.95,USD,paypal,ups,
6397,Pending,535.95,USD,paypal,express,
6398,Delivered,1075.99,USD,klarna,fedex,
6399,Processing,551.99,GBP,bank_transfer,overnight,
6400,Pending,932.95,GBP,google_pay,fedex,
6401,Returned,1142.99,USD,paypal,overnight,
6402,Shipped,439.99,USD,debit_card,overnight,
6403,Delivered,420.95,GBP,klarna,pickup_point,
6404,Shipped,148.99,USD,apple_pay,pickup_point,
6405,Shipped,476.99,GBP,debit_card,pickup_point,
6406,Delivered,921.95,EUR,bank_transfer,express,
6407,Returned,178.99,EUR,debit_card,standard,
6408,Processing,694.99,GBP,credit_card,economy,
6409,Refunded,1248.95,USD,bank_transfer,express,
6410,Processing,524.99,USD,bank_transfer,express,
6411,Cancelled,183.95,GBP,credit_card,standard,
6412,Returned,673.99,USD,debit_card,ups,
6413,Refunded,1207.95,EUR,bank_transfer,dhl,
6414,Refunded,1399.95,GBP,debit_card,fedex,
6415,Pending,1080.99,USD,apple_pay,fedex,Leave with neighbor if not home
6416,Pending,701.99,USD,apple_pay,dhl,
6417,Cancelled,309.99,USD,debit_card,economy,Leave with neighbor if not home
6418,Refunded,522.99,USD,klarna,ups,
6419,Cancelled,1333.99,GBP,google_pay,economy,
6420,Returned,1037.99,EUR,paypal,pickup_point,
6421,Processing,409.95,EUR,apple_pay,economy,
6422,Cancelled,219.95,USD,apple_pay,ups,
6423,Processing,727.99,EUR,google_pay,overnight,Gift wrapping requested
6424,Pending,417.95,GBP,debit_card,fedex,
6425,Pending,305.95,USD,apple_pay,economy,
6426,Pending,414.99,GBP,apple_pay,fedex,
6427,Delivered,899.95,GBP,apple_pay,overnight,
6428,Cancelled,136.99,GBP,google_pay,pickup_point,
6429,Processing,1235.99,GBP,google_pay,overnight,
6430,Pending,1240.99,EUR,paypal,express,
6431,Pending,11.99,USD,google_pay,fedex,Deliver to back entrance
6432,Cancelled,119.99,EUR,paypal,dhl,
6433,Refunded,1104.99,USD,debit_card,pickup_point,Deliver to back entrance
6434,Returned,630.99,GBP,apple_pay,ups,
6435,Processing,1035.95,GBP,credit_card,standard,
6436,Cancelled,1180.95,USD,credit_card,overnight,
6437,Pending,944.95,GBP,debit_card,standard,
6438,Refunded,53.99,EUR,google_pay,economy,
6439,Shipped,598.95,EUR,apple_pay,fedex,
6440,Cancelled,168.95,USD,credit_card,standard,
6441,Processing,746.95,USD,debit_card,economy,
6442,Refunded,843.95,USD,bank_transfer,overnight,
6443,Cancelled,883.99,EUR,paypal,fedex,
6444,Refunded,1117.95,GBP,apple_pay,fedex,
6445,Cancelled,1444.95,GBP,paypal,economy,
6446,Returned,918.99,GBP,credit_card,dhl,
6447,Shipped,1499.95,USD,bank_transfer,standard,
6448,Processing,287.99,GBP,credit_card,pickup_point,
6449,Returned,472.99,EUR,klarna,fedex,
6450,Pending,940.99,GBP,klarna,standard,
6451,Delivered,1339.95,USD,credit_card,dhl,
6452,Cancelled,740.99,USD,bank_transfer,standard,
6453,Returned,433.99,USD,google_pay,economy,
6454,Delivered,182.99,EUR,klarna,pickup_point,
6455,Shipped,922.99,GBP,paypal,overnight,
6456,Returned,1065.99,USD,klarna,standard,
6457,Shipped,1120.99,EUR,google_pay,overnight,
6458,Cancelled,191.99,USD,credit_card,standard,
6459,Returned,888.99,USD,paypal,pickup_point,
6460,Pending,1378.99,EUR,debit_card,express,
6461,Pending,965.95,GBP,apple_pay,fedex,
6462,Pending,847.95,EUR,apple_pay,fedex,
6463,Cancelled,33.95,EUR,debit_card,overnight,
6464,Shipped,468.99,GBP,google_pay,ups,
6465,Delivered,1343.99,USD,bank_transfer,pickup_point,
6466,Delivered,1108.99,USD,bank_transfer,pickup_point,
6467,Returned,625.99,GBP,bank_transfer,fedex,
6468,Returned,52.99,USD,apple_pay,dhl,
6469,Returned,984.99,USD,credit_card,fedex,
6470,Cancelled,1094.99,EUR,credit_card,express,
6471,Pending,472.95,EUR,debit_card,pickup_point,
6472,Pending,918.99,EUR,apple_pay,economy,
6473,Shipped,718.99,EUR,credit_card,dhl,
6474,Shipped,1026.99,GBP,bank_transfer,ups,
6475,Shipped,1171.95,USD,credit_card,fedex,
6476,Delivered,1239.95,USD,paypal,economy,
6477,Shipped,829.99,USD,debit_card,dhl,
6478,Cancelled,226.95,USD,credit_card,dhl,
6479,Shipped,275.95,GBP,klarna,standard,
6480,Returned,448.95,USD,klarna,ups,
6481,Pending,66.99,USD,bank_transfer,pickup_point,
6482,Returned,1318.95,GBP,paypal,overnight,
6483,Returned,572.99,GBP,klarna,dhl,
6484,Pending,955.99,GBP,credit_card,dhl,
6485,Cancelled,67.95,EUR,paypal,ups,
6486,Refunded,688.99,USD,debit_card,dhl,
6487,Returned,331.95,EUR,google_pay,economy,
6488,Delivered,623.95,USD,paypal,express,
6489,Pending,1204.99,GBP,klarna,standard,
6490,Refunded,481.95,USD,credit_card,overnight,
6491,Pending,1208.95,EUR,bank_transfer,standard,
6492,Cancelled,831.99,EUR,credit_card,express,
6493,Delivered,806.95,EUR,debit_card,dhl,
6494,Delivered,284.95,USD,google_pay,pickup_point,
6495,Shipped,66.95,GBP,klarna,ups,
6496,Refunded,1431.99,USD,bank_transfer,fedex,
6497,Refunded,178.95,EUR,google_pay,pickup_point,Signature required
6498,Cancelled,169.95,GBP,bank_transfer,standard,
6499,Cancelled,210.95,GBP,paypal,standard,
6500,Returned,292.99,USD,bank_transfer,fedex,
6501,Refunded,592.95,USD,apple_pay,ups,
6502,Cancelled,440.95,EUR,bank_transfer,pickup_point,
6503,Pending,790.99,EUR,klarna,ups,
6504,Cancelled,1262.95,EUR,apple_pay,dhl,
6505,Processing,968.95,USD,paypal,fedex,
6506,Refunded,507.99,GBP,debit_card,standard,
6507,Pending,585.99,EUR,google_pay,express,
6508,Refunded,672.95,GBP,debit_card,express,
6509,Refunded,259.95,EUR,bank_transfer,ups,
6510,Processing,1480.99,USD,paypal,express,
6511,Refunded,294.99,USD,google_pay,standard,
6512,Pending,971.95,EUR,credit_card,ups,
6513,Cancelled,855.95,EUR,apple_pay,fedex,Leave with neighbor if not home
6514,Cancelled,1243.99,USD,bank_transfer,standard,
6515,Processing,1353.95,USD,google_pay,ups,
6516,Returned,54.95,EUR,google_pay,standard,
6517,Returned,1379.99,GBP,credit_card,ups,
6518,Cancelled,342.95,GBP,bank_transfer,economy,
6519,Delivered,1423.95,USD,klarna,fedex,
6520,Cancelled,350.95,GBP,klarna,standard,
6521,Pending,119.95,USD,bank_transfer,standard,
6522,Refunded,840.95,USD,apple_pay,fedex,
6523,Returned,950.99,GBP,apple_pay,ups,
6524,Returned,1071.99,GBP,debit_card,standard,
6525,Cancelled,913.95,GBP,apple_pay,economy,
6526,Shipped,711.99,USD,bank_transfer,fedex,
6527,Delivered,725.99,GBP,klarna,economy,
6528,Shipped,691.99,USD,google_pay,pickup_point,
6529,Pending,648.99,USD,paypal,ups,
6530,Refunded,1172.99,GBP,credit_card,dhl,
6531,Refunded,1477.95,EUR,paypal,express,
6532,Delivered,18.95,USD,google_pay,fedex,
6533,Pending,373.95,USD,debit_card,overnight,
6534,Shipped,187.95,GBP,google_pay,economy,
6535,Pending,927.99,EUR,apple_pay,express,
6536,Delivered,981.95,EUR,paypal,dhl,
6537,Refunded,149.95,USD,debit_card,express,
6538,Refunded,946.99,EUR,debit_card,fedex,Gift wrapping requested
6539,Pending,1239.99,USD,credit_card,express,
6540,Shipped,859.99,EUR,bank_transfer,dhl,
6541,Delivered,1325.99,GBP,klarna,dhl,
6542,Pending,1298.99,EUR,klarna,standard,
6543,Delivered,1429.95,GBP,google_pay,express,
6544,Cancelled,1274.95,USD,google_pay,pickup_point,
6545,Cancelled,817.99,EUR,klarna,pickup_point,
6546,Refunded,1248.99,GBP,credit_card,dhl,
6547,Returned,192.99,EUR,debit_card,pickup_point,
6548,Refunded,934.99,USD,klarna,dhl,
6549,Refunded,338.99,GBP,bank_transfer,standard,
6550,Shipped,1007.95,USD,credit_card,ups,
6551,Returned,730.95,USD,bank_transfer,overnight,
6552,Refunded,1032.95,GBP,bank_transfer,economy,
6553,Shipped,1008.95,EUR,google_pay,express,
6554,Refunded,336.99,USD,apple_pay,overnight,
6555,Refunded,1498.99,GBP,apple_pay,fedex,
6556,Pending,1437.99,USD,google_pay,fedex,
6557,Shipped,189.99,GBP,paypal,pickup_point,
6558,Cancelled,81.99,USD,credit_card,dhl,
6559,Processing,1014.99,USD,paypal,pickup_point,
6560,Returned,683.99,EUR,google_pay,economy,
6561,Pending,283.95,EUR,klarna,express,
6562,Delivered,1248.99,GBP,debit_card,fedex,
6563,Delivered,1327.95,EUR,klarna,pickup_point,
6564,Returned,685.99,EUR,credit_card,dhl,
6565,Processing,385.99,GBP,bank_transfer,dhl,
6566,Returned,757.99,GBP,apple_pay,ups,
6567,Returned,228.95,EUR,apple_pay,pickup_point,
6568,Processing,411.99,EUR,google_pay,economy,
6569,Delivered,697.99,USD,bank_transfer,standard,
6570,Pending,118.99,USD,google_pay,ups,
6571,Returned,526.95,GBP,google_pay,overnight,
6572,Delivered,610.95,GBP,google_pay,express,
6573,Pending,333.99,EUR,debit_card,economy,
6574,Cancelled,1417.95,EUR,credit_card,dhl,
6575,Cancelled,972.99,EUR,google_pay,dhl,
6576,Processing,1343.95,GBP,debit_card,standard,
6577,Processing,1061.95,EUR,paypal,express,
6578,Cancelled,156.95,USD,klarna,overnight,
6579,Cancelled,1420.99,EUR,apple_pay,standard,
6580,Pending,1136.99,GBP,credit_card,economy,
6581,Shipped,346.95,GBP,debit_card,fedex,
6582,Processing,368.99,GBP,google_pay,ups,
6583,Refunded,695.95,GBP,google_pay,overnight,
6584,Returned,782.95,USD,credit_card,overnight,
6585,Refunded,18.95,EUR,apple_pay,economy,
6586,Shipped,10.99,GBP,bank_transfer,ups,Business address
6587,Returned,404.99,EUR,credit_card,pickup_point,
6588,Cancelled,663.99,GBP,paypal,express,
6589,Refunded,525.99,GBP,paypal,fedex,
6590,Returned,33.99,USD,apple_pay,express,
6591,Refunded,1307.95,GBP,paypal,dhl,
6592,Delivered,543.95,GBP,klarna,economy,
6593,Returned,689.99,USD,bank_transfer,fedex,
6594,Cancelled,693.95,EUR,bank_transfer,economy,
6595,Pending,729.95,USD,klarna,ups,
6596,Processing,1023.95,EUR,paypal,overnight,
6597,Delivered,477.95,GBP,bank_transfer,express,
6598,Returned,517.95,USD,klarna,express,
6599,Refunded,277.95,USD,credit_card,standard,
6600,Pending,879.95,EUR,klarna,ups,
6601,Refunded,1336.95,GBP,paypal,ups,
6602,Returned,631.95,GBP,credit_card,economy,
6603,Delivered,1028.95,GBP,klarna,fedex,
6604,Cancelled,1091.99,USD,bank_transfer,express,
6605,Shipped,893.95,EUR,debit_card,standard,
6606,Delivered,209.95,EUR,klarna,economy,
6607,Shipped,362.99,EUR,apple_pay,economy,
6608,Refunded,97.95,USD,debit_card,ups,
6609,Pending,497.95,GBP,apple_pay,ups,
6610,Delivered,882.99,USD,bank_transfer,dhl,
6611,Cancelled,425.99,GBP,apple_pay,fedex,
6612,Shipped,650.95,EUR,debit_card,standard,
6613,Cancelled,265.99,EUR,klarna,standard,
6614,Returned,1050.95,USD,google_pay,economy,
6615,Returned,236.95,USD,google_pay,economy,
6616,Delivered,128.99,GBP,klarna,economy,
6617,Delivered,1175.95,GBP,credit_card,standard,
6618,Returned,118.99,EUR,apple_pay,dhl,
6619,Returned,252.99,USD,bank_transfer,fedex,
6620,Returned,1002.95,EUR,debit_card,overnight,
6621,Refunded,401.99,EUR,credit_card,economy,
6622,Shipped,148.95,USD,apple_pay,overnight,
6623,Shipped,418.99,USD,paypal,dhl,
6624,Returned,551.99,USD,apple_pay,economy,
6625,Processing,194.99,EUR,debit_card,overnight,
6626,Refunded,431.95,EUR,bank_transfer,pickup_point,
6627,Delivered,21.99,GBP,apple_pay,express,
6628,Shipped,1071.95,EUR,apple_pay,fedex,
6629,Cancelled,225.95,EUR,google_pay,pickup_point,
6630,Shipped,66.95,GBP,bank_transfer,express,
6631,Shipped,1152.99,USD,google_pay,ups,
6632,Shipped,908.95,USD,apple_pay,ups,
6633,Pending,35.99,GBP,bank_transfer,fedex,
6634,Shipped,89.95,GBP,klarna,express,Combine with other items if available
6635,Delivered,1028.99,GBP,debit_card,economy,Leave with neighbor if not home
6636,Returned,782.95,GBP,credit_card,fedex,
6637,Returned,1423.99,USD,bank_transfer,overnight,
6638,Pending,293.99,USD,debit_card,ups,
6639,Pending,390.99,USD,apple_pay,pickup_point,
6640,Pending,880.99,USD,debit_card,fedex,
6641,Delivered,1217.99,GBP,bank_transfer,express,
6642,Delivered,1060.99,USD,bank_transfer,ups,
6643,Processing,216.95,GBP,debit_card,economy,Business address
6644,Cancelled,1349.95,GBP,google_pay,standard,
6645,Cancelled,194.95,EUR,paypal,standard,Signature required
6646,Processing,250.99,GBP,credit_card,economy,
6647,Refunded,1289.99,USD,bank_transfer,standard,
6648,Cancelled,91.99,EUR,klarna,pickup_point,
6649,Returned,946.99,USD,paypal,dhl,
6650,Shipped,1352.95,USD,paypal,ups,
6651,Cancelled,837.95,GBP,bank_transfer,economy,
6652,Refunded,690.99,EUR,debit_card,standard,
6653,Shipped,904.95,EUR,debit_card,overnight,
6654,Refunded,496.99,EUR,apple_pay,express,
6655,Returned,1024.95,GBP,google_pay,dhl,
6656,Shipped,213.95,USD,debit_card,ups,
6657,Returned,1161.99,EUR,paypal,overnight,
6658,Processing,1468.99,EUR,google_pay,pickup_point,
6659,Refunded,857.99,USD,credit_card,fedex,Deliver to back entrance
6660,Processing,458.99,GBP,paypal,pickup_point,
6661,Shipped,34.99,EUR,credit_card,overnight,
6662,Delivered,1443.99,GBP,credit_card,economy,
6663,Cancelled,371.95,EUR,klarna,fedex,
6664,Refunded,1436.99,EUR,google_pay,pickup_point,
6665,Returned,1169.99,EUR,debit_card,pickup_point,
6666,Returned,674.99,GBP,klarna,express,
6667,Refunded,491.99,EUR,credit_card,ups,
6668,Cancelled,1421.99,GBP,apple_pay,economy,
6669,Refunded,1199.99,USD,bank_transfer,fedex,
6670,Shipped,1204.95,USD,debit_card,economy,
6671,Processing,1404.99,EUR,klarna,express,
6672,Shipped,474.95,EUR,google_pay,overnight,
6673,Pending,431.99,USD,apple_pay,pickup_point,
6674,Delivered,1051.99,EUR,google_pay,express,
6675,Refunded,1288.99,EUR,debit_card,economy,
6676,Processing,678.95,EUR,debit_card,overnight,
6677,Pending,1064.95,EUR,apple_pay,pickup_point,
6678,Shipped,50.95,USD,klarna,express,
6679,Processing,915.99,EUR,klarna,dhl,
6680,Refunded,590.99,GBP,credit_card,overnight,
6681,Returned,526.99,EUR,google_pay,overnight,
6682,Delivered,906.95,EUR,debit_card,overnight,
6683,Pending,1458.99,EUR,apple_pay,pickup_point,
6684,Delivered,622.95,EUR,credit_card,pickup_point,
6685,Processing,1440.95,EUR,credit_card,fedex,
6686,Cancelled,1011.95,USD,debit_card,dhl,
6687,Pending,138.99,GBP,paypal,dhl,Residential address
6688,Pending,313.99,GBP,google_pay,dhl,
6689,Delivered,623.99,GBP,klarna,express,
6690,Cancelled,725.95,EUR,apple_pay,economy,
6691,Returned,38.95,GBP,credit_card,ups,
6692,Processing,413.95,EUR,apple_pay,standard,
6693,Cancelled,1025.99,EUR,bank_transfer,economy,
6694,Refunded,490.99,EUR,apple_pay,ups,
6695,Delivered,1190.99,EUR,bank_transfer,economy,
6696,Refunded,779.99,EUR,debit_card,overnight,
6697,Returned,725.95,USD,debit_card,fedex,Combine with other items if available
6698,Shipped,776.95,EUR,google_pay,fedex,
6699,Delivered,506.95,USD,klarna,pickup_point,
6700,Shipped,378.95,GBP,google_pay,express,
6701,Cancelled,889.99,EUR,credit_card,ups,
6702,Delivered,807.95,EUR,google_pay,dhl,
6703,Pending,932.99,GBP,credit_card,express,
6704,Shipped,1284.99,USD,apple_pay,pickup_point,
6705,Shipped,861.95,USD,paypal,pickup_point,
6706,Refunded,1227.99,USD,debit_card,dhl,
6707,Refunded,1055.99,GBP,apple_pay,fedex,
6708,Shipped,966.99,GBP,klarna,pickup_point,
6709,Returned,269.95,GBP,apple_pay,dhl,
6710,Processing,554.95,USD,paypal,economy,
6711,Delivered,79.95,USD,klarna,express,
6712,Shipped,1105.99,USD,credit_card,economy,
6713,Refunded,977.99,GBP,debit_card,fedex,
6714,Processing,233.95,USD,bank_transfer,pickup_point,
6715,Pending,902.95,USD,debit_card,ups,
6716,Pending,147.95,EUR,paypal,express,
6717,Refunded,983.95,USD,apple_pay,express,
6718,Cancelled,445.95,GBP,apple_pay,dhl,
6719,Returned,1380.99,EUR,paypal,economy,
6720,Refunded,197.99,USD,google_pay,fedex,Business address
6721,Cancelled,612.95,USD,credit_card,fedex,
6722,Processing,508.99,GBP,debit_card,dhl,
6723,Processing,1102.95,GBP,apple_pay,dhl,
6724,Cancelled,1055.99,GBP,apple_pay,dhl,
6725,Pending,713.95,GBP,apple_pay,dhl,
6726,Refunded,1464.99,GBP,debit_card,dhl,
6727,Delivered,401.95,USD,apple_pay,standard,Residential address
6728,Delivered,1358.95,EUR,klarna,standard,
6729,Shipped,359.95,EUR,google_pay,ups,
6730,Refunded,1137.95,USD,google_pay,express,
6731,Delivered,105.95,GBP,debit_card,dhl,
6732,Processing,329.99,USD,google_pay,ups,
6733,Refunded,899.99,EUR,bank_transfer,pickup_point,
6734,Processing,116.99,USD,google_pay,pickup_point,
6735,Returned,820.95,GBP,google_pay,ups,
6736,Shipped,310.95,USD,apple_pay,pickup_point,
6737,Refunded,179.95,USD,debit_card,fedex,
6738,Pending,277.95,EUR,debit_card,standard,
6739,Returned,1240.99,USD,google_pay,standard,
6740,Processing,82.99,USD,debit_card,overnight,
6741,Returned,133.95,USD,debit_card,economy,
6742,Pending,1303.95,USD,google_pay,ups,
6743,Delivered,1279.95,EUR,paypal,fedex,
6744,Pending,295.95,EUR,apple_pay,standard,
6745,Shipped,1333.95,EUR,debit_card,express,
6746,Shipped,869.95,EUR,bank_transfer,express,
6747,Returned,1458.95,USD,paypal,express,
6748,Cancelled,1482.99,USD,google_pay,economy,
6749,Pending,646.99,GBP,debit_card,ups,
6750,Shipped,1075.95,GBP,credit_card,economy,
6751,Shipped,632.95,GBP,bank_transfer,express,
6752,Pending,1229.99,GBP,apple_pay,express,
6753,Cancelled,1405.99,EUR,debit_card,ups,
6754,Returned,1079.99,GBP,apple_pay,express,
6755,Processing,260.99,GBP,paypal,economy,
6756,Pending,292.99,GBP,apple_pay,dhl,
6757,Shipped,235.95,EUR,google_pay,express,
6758,Shipped,269.95,GBP,google_pay,standard,
6759,Delivered,727.99,GBP,google_pay,express,
6760,Cancelled,247.99,EUR,klarna,pickup_point,
6761,Processing,455.95,EUR,google_pay,pickup_point,
6762,Refunded,307.95,EUR,apple_pay,fedex,
6763,Returned,90.95,USD,apple_pay,overnight,
6764,Cancelled,848.95,USD,paypal,economy,
6765,Delivered,442.95,USD,apple_pay,overnight,
6766,Returned,185.95,GBP,apple_pay,fedex,
6767,Delivered,756.95,GBP,google_pay,dhl,
6768,Processing,1402.99,USD,debit_card,pickup_point,
6769,Cancelled,227.99,USD,klarna,standard,
6770,Cancelled,1367.95,EUR,bank_transfer,dhl,
6771,Cancelled,518.99,EUR,credit_card,express,
6772,Delivered,584.99,USD,credit_card,fedex,
6773,Returned,390.99,USD,bank_transfer,fedex,
6774,Refunded,604.95,EUR,debit_card,ups,
6775,Returned,646.99,GBP,google_pay,standard,
6776,Pending,1432.99,GBP,credit_card,pickup_point,
6777,Cancelled,1318.99,EUR,apple_pay,ups,
6778,Returned,883.99,USD,bank_transfer,dhl,
6779,Shipped,626.99,GBP,apple_pay,ups,
6780,Delivered,288.95,USD,bank_transfer,economy,
6781,Delivered,687.99,USD,bank_transfer,express,
6782,Processing,655.99,EUR,paypal,standard,
6783,Pending,1278.95,GBP,apple_pay,economy,
6784,Refunded,590.95,GBP,debit_card,ups,
6785,Cancelled,801.99,GBP,apple_pay,express,Ring doorbell twice
6786,Pending,416.99,EUR,bank_transfer,dhl,
6787,Refunded,677.99,GBP,debit_card,economy,
6788,Refunded,93.99,EUR,klarna,dhl,Deliver to back entrance
6789,Shipped,528.99,USD,klarna,ups,
6790,Cancelled,1060.95,GBP,credit_card,economy,
6791,Pending,160.99,USD,debit_card,overnight,
6792,Processing,912.95,GBP,credit_card,economy,
6793,Shipped,244.99,GBP,klarna,express,
6794,Processing,29.99,EUR,paypal,fedex,
6795,Refunded,1458.99,USD,google_pay,overnight,
6796,Cancelled,1467.99,USD,debit_card,dhl,
6797,Delivered,1045.99,EUR,credit_card,fedex,
6798,Pending,267.95,USD,paypal,ups,
6799,Cancelled,150.99,EUR,paypal,economy,
6800,Delivered,359.99,GBP,google_pay,ups,
6801,Delivered,991.95,USD,debit_card,ups,
6802,Delivered,432.95,GBP,google_pay,fedex,
6803,Delivered,625.95,USD,bank_transfer,pickup_point,
6804,Pending,177.95,GBP,credit_card,standard,
6805,Cancelled,283.95,EUR,debit_card,fedex,
6806,Cancelled,1042.99,USD,klarna,economy,
6807,Cancelled,113.95,GBP,apple_pay,ups,
6808,Refunded,491.95,USD,bank_transfer,express,
6809,Returned,1438.95,GBP,apple_pay,dhl,
6810,Returned,718.99,USD,bank_transfer,overnight,
6811,Refunded,1156.99,GBP,credit_card,pickup_point,
6812,Refunded,115.99,EUR,credit_card,fedex,
6813,Returned,140.95,GBP,google_pay,overnight,
6814,Delivered,170.99,USD,debit_card,economy,
6815,Pending,625.99,USD,apple_pay,fedex,
6816,Pending,236.99,GBP,apple_pay,fedex,
6817,Shipped,1251.95,USD,google_pay,express,
6818,Refunded,523.95,GBP,credit_card,fedex,
6819,Returned,1401.99,USD,credit_card,fedex,
6820,Shipped,1013.99,GBP,google_pay,standard,
6821,Processing,1148.99,USD,credit_card,standard,
6822,Cancelled,451.99,USD,apple_pay,ups,
6823,Pending,1332.95,USD,paypal,standard,
6824,Pending,251.95,EUR,credit_card,express,
6825,Pending,1381.95,EUR,apple_pay,dhl,
6826,Processing,996.99,EUR,debit_card,overnight,
6827,Pending,110.95,EUR,credit_card,overnight,
6828,Pending,341.99,USD,paypal,express,
6829,Processing,1395.99,GBP,paypal,pickup_point,
6830,Cancelled,1228.99,USD,debit_card,standard,
6831,Delivered,703.99,GBP,apple_pay,standard,
6832,Processing,483.99,USD,google_pay,dhl,
6833,Processing,485.95,EUR,apple_pay,overnight,
6834,Processing,248.99,GBP,bank_transfer,ups,
6835,Returned,664.95,USD,credit_card,ups,
6836,Refunded,539.95,EUR,google_pay,dhl,
6837,Delivered,205.95,USD,credit_card,fedex,
6838,Returned,1220.95,GBP,google_pay,standard,
6839,Cancelled,1474.95,GBP,paypal,overnight,
6840,Returned,1469.99,USD,debit_card,pickup_point,
6841,Refunded,175.95,GBP,bank_transfer,fedex,
6842,Delivered,1115.95,GBP,paypal,dhl,
6843,Pending,302.99,EUR,google_pay,standard,
6844,Delivered,1236.99,EUR,paypal,overnight,
6845,Refunded,368.95,EUR,debit_card,standard,
6846,Returned,1082.95,EUR,debit_card,dhl,
6847,Returned,1349.99,USD,klarna,economy,
6848,Refunded,979.95,USD,bank_transfer,fedex,Signature required
6849,Cancelled,313.99,USD,paypal,express,
6850,Cancelled,958.95,EUR,klarna,express,
6851,Delivered,1439.99,EUR,debit_card,overnight,
6852,Returned,482.95,EUR,credit_card,standard,
6853,Cancelled,905.99,GBP,debit_card,overnight,
6854,Cancelled,1206.99,GBP,credit_card,dhl,
6855,Returned,1405.99,GBP,credit_card,pickup_point,
6856,Returned,143.99,EUR,credit_card,pickup_point,
6857,Shipped,1094.99,GBP,debit_card,overnight,
6858,Refunded,716.95,EUR,bank_transfer,pickup_point,
6859,Processing,382.99,USD,apple_pay,pickup_point,
6860,Returned,1002.99,USD,google_pay,ups,
6861,Shipped,1170.99,GBP,klarna,overnight,
6862,Shipped,175.95,GBP,bank_transfer,ups,
6863,Returned,1432.95,EUR,paypal,standard,
6864,Shipped,511.95,USD,debit_card,fedex,Do not leave in direct sunlight
6865,Returned,950.95,EUR,klarna,ups,Fragile - handle with care
6866,Processing,210.95,GBP,google_pay,fedex,
6867,Delivered,1016.95,GBP,google_pay,dhl,
6868,Shipped,1251.95,GBP,klarna,express,
6869,Cancelled,1281.95,EUR,apple_pay,standard,
6870,Refunded,1369.99,EUR,credit_card,ups,
6871,Cancelled,1240.95,GBP,klarna,fedex,
6872,Refunded,429.95,GBP,apple_pay,pickup_point,
6873,Cancelled,41.99,GBP,debit_card,economy,
6874,Shipped,1135.99,EUR,bank_transfer,dhl,
6875,Shipped,108.95,GBP,paypal,economy,
6876,Returned,1434.99,GBP,klarna,fedex,
6877,Processing,429.95,GBP,google_pay,economy,
6878,Cancelled,1419.95,EUR,klarna,economy,
6879,Refunded,1259.99,EUR,credit_card,standard,
6880,Delivered,1287.95,USD,debit_card,express,
6881,Cancelled,1335.95,GBP,credit_card,pickup_point,
6882,Processing,781.95,EUR,credit_card,express,
6883,Pending,269.99,EUR,credit_card,ups,Please pack carefully
6884,Pending,1249.95,EUR,debit_card,standard,
6885,Returned,1206.99,GBP,credit_card,ups,
6886,Shipped,333.95,USD,klarna,ups,
6887,Cancelled,794.99,EUR,paypal,overnight,
6888,Refunded,1377.99,USD,paypal,pickup_point,
6889,Processing,544.99,GBP,apple_pay,fedex,
6890,Refunded,160.95,EUR,bank_transfer,express,Combine with other items if available
6891,Delivered,392.95,GBP,bank_transfer,express,
6892,Pending,443.99,EUR,google_pay,standard,
6893,Shipped,682.99,GBP,apple_pay,economy,
6894,Pending,403.99,EUR,bank_transfer,ups,
6895,Returned,403.95,USD,debit_card,overnight,
6896,Returned,556.99,USD,bank_transfer,dhl,
6897,Delivered,960.99,EUR,apple_pay,overnight,
6898,Returned,543.99,GBP,klarna,overnight,
6899,Pending,1002.95,GBP,debit_card,ups,
6900,Cancelled,1448.95,EUR,credit_card,dhl,
6901,Refunded,27.99,GBP,google_pay,dhl,
6902,Cancelled,1498.99,GBP,paypal,dhl,
6903,Processing,1453.95,EUR,klarna,dhl,
6904,Cancelled,585.99,USD,google_pay,overnight,
6905,Shipped,538.95,GBP,google_pay,standard,
6906,Refunded,41.99,EUR,klarna,dhl,Deliver to back entrance
6907,Pending,1418.95,GBP,credit_card,fedex,
6908,Shipped,39.95,USD,bank_transfer,overnight,
6909,Processing,1112.99,EUR,paypal,economy,
6910,Refunded,1198.99,GBP,debit_card,standard,
6911,Delivered,412.95,USD,bank_transfer,ups,
6912,Processing,729.95,USD,apple_pay,overnight,
6913,Cancelled,765.95,GBP,debit_card,ups,
6914,Pending,108.99,EUR,debit_card,standard,
6915,Returned,477.95,EUR,debit_card,express,
6916,Refunded,398.95,EUR,klarna,overnight,
6917,Pending,220.95,GBP,credit_card,standard,
6918,Cancelled,1033.99,USD,credit_card,economy,
6919,Refunded,871.99,EUR,apple_pay,pickup_point,
6920,Cancelled,808.99,EUR,paypal,fedex,
6921,Cancelled,541.99,GBP,apple_pay,overnight,
6922,Returned,510.95,GBP,klarna,standard,
6923,Delivered,780.99,USD,bank_transfer,standard,
6924,Shipped,990.99,USD,google_pay,dhl,
6925,Refunded,547.99,EUR,credit_card,overnight,
6926,Delivered,1262.95,USD,apple_pay,express,
6927,Delivered,216.99,USD,apple_pay,overnight,
6928,Processing,1473.95,GBP,credit_card,overnight,
6929,Processing,1361.99,EUR,debit_card,standard,
6930,Delivered,1206.95,GBP,paypal,express,
6931,Cancelled,128.99,GBP,klarna,ups,
6932,Processing,1256.95,USD,paypal,fedex,
6933,Refunded,903.95,EUR,debit_card,pickup_point,
6934,Pending,1491.99,USD,bank_transfer,fedex,
6935,Cancelled,1329.95,GBP,google_pay,overnight,
6936,Pending,1471.99,USD,paypal,dhl,
6937,Cancelled,140.95,USD,debit_card,express,
6938,Returned,1085.95,USD,credit_card,ups,
6939,Delivered,1087.95,GBP,bank_transfer,fedex,
6940,Processing,554.99,USD,klarna,overnight,
6941,Delivered,799.99,EUR,klarna,standard,
6942,Cancelled,1472.99,EUR,credit_card,pickup_point,
6943,Returned,85.99,USD,bank_transfer,fedex,
6944,Returned,1301.99,EUR,paypal,overnight,
6945,Pending,233.95,GBP,paypal,pickup_point,
6946,Processing,1114.99,EUR,apple_pay,express,
6947,Shipped,316.99,USD,apple_pay,economy,
6948,Returned,280.95,GBP,klarna,ups,
6949,Returned,418.95,USD,bank_transfer,dhl,
6950,Cancelled,629.99,EUR,apple_pay,dhl,
6951,Processing,653.99,USD,apple_pay,standard,
6952,Refunded,170.99,EUR,paypal,dhl,
6953,Returned,785.95,USD,debit_card,dhl,
6954,Pending,202.95,USD,klarna,ups,
6955,Shipped,790.95,EUR,bank_transfer,economy,
6956,Shipped,972.95,USD,bank_transfer,standard,
6957,Processing,1154.95,EUR,credit_card,pickup_point,
6958,Delivered,36.95,USD,debit_card,standard,
6959,Returned,460.99,USD,apple_pay,express,
6960,Pending,849.99,USD,klarna,standard,
6961,Cancelled,588.95,USD,debit_card,ups,
6962,Processing,654.95,USD,debit_card,standard,
6963,Returned,1290.95,EUR,google_pay,pickup_point,
6964,Cancelled,1142.95,GBP,google_pay,ups,
6965,Delivered,389.95,USD,google_pay,ups,Residential address
6966,Shipped,1443.95,USD,google_pay,express,
6967,Cancelled,1139.95,USD,klarna,fedex,
6968,Shipped,1368.95,USD,apple_pay,economy,
6969,Shipped,1301.95,EUR,debit_card,economy,
6970,Shipped,1435.95,USD,credit_card,fedex,
6971,Pending,195.95,GBP,klarna,pickup_point,
6972,Returned,483.95,USD,debit_card,pickup_point,
6973,Delivered,1151.99,EUR,bank_transfer,economy,
6974,Delivered,10.99,EUR,google_pay,express,
6975,Processing,959.99,USD,debit_card,standard,
6976,Pending,1162.95,GBP,credit_card,overnight,
6977,Refunded,1318.95,GBP,debit_card,overnight,
6978,Delivered,1422.95,EUR,klarna,fedex,
6979,Shipped,674.95,EUR,credit_card,express,
6980,Shipped,205.99,EUR,google_pay,express,Residential address
6981,Shipped,1213.99,GBP,klarna,overnight,
6982,Processing,84.95,USD,debit_card,express,
6983,Returned,1140.95,USD,paypal,express,
6984,Processing,335.95,GBP,credit_card,dhl,
6985,Pending,520.95,GBP,debit_card,overnight,
6986,Shipped,690.99,USD,credit_card,pickup_point,
6987,Processing,256.95,GBP,google_pay,pickup_point,
6988,Processing,959.95,USD,klarna,overnight,
6989,Refunded,1403.95,USD,debit_card,pickup_point,
6990,Returned,189.99,USD,google_pay,standard,
6991,Processing,244.99,GBP,apple_pay,dhl,
6992,Processing,1204.95,GBP,klarna,economy,
6993,Returned,490.95,USD,google_pay,overnight,
6994,Shipped,1475.95,GBP,credit_card,express,
6995,Cancelled,252.95,GBP,apple_pay,standard,
6996,Delivered,972.95,USD,debit_card,dhl,
6997,Processing,919.95,GBP,credit_card,fedex,
6998,Refunded,1063.99,GBP,debit_card,express,
6999,Delivered,1179.95,USD,credit_card,overnight,
7000,Returned,765.95,EUR,debit_card,fedex,Business address
7001,Delivered,437.99,GBP,google_pay,dhl,Leave with neighbor if not home
7002,Returned,244.95,EUR,debit_card,standard,
7003,Cancelled,1457.95,GBP,google_pay,fedex,
7004,Processing,849.95,USD,google_pay,overnight,
7005,Pending,594.95,EUR,paypal,ups,
7006,Delivered,401.99,GBP,apple_pay,pickup_point,
7007,Refunded,476.99,USD,bank_transfer,express,
7008,Cancelled,1139.99,GBP,google_pay,pickup_point,
7009,Delivered,863.95,GBP,apple_pay,standard,
7010,Processing,53.95,GBP,debit_card,overnight,
7011,Refunded,742.95,USD,bank_transfer,pickup_point,
7012,Processing,1371.95,GBP,debit_card,express,
7013,Shipped,399.95,EUR,debit_card,standard,
7014,Refunded,278.99,USD,google_pay,ups,
7015,Cancelled,427.99,EUR,paypal,express,
7016,Pending,75.95,USD,bank_transfer,economy,
7017,Refunded,819.95,GBP,klarna,economy,
7018,Processing,548.95,GBP,paypal,ups,
7019,Returned,1317.95,USD,apple_pay,ups,
7020,Returned,329.99,USD,google_pay,dhl,
7021,Delivered,608.95,USD,credit_card,ups,
7022,Refunded,590.95,USD,paypal,fedex,
7023,Cancelled,1287.95,USD,google_pay,pickup_point,
7024,Refunded,92.99,EUR,paypal,standard,
7025,Shipped,910.99,USD,bank_transfer,express,
7026,Delivered,123.95,GBP,google_pay,dhl,
7027,Processing,1081.99,USD,debit_card,overnight,
7028,Processing,46.99,GBP,paypal,express,
7029,Delivered,415.95,GBP,bank_transfer,overnight,
7030,Processing,947.95,USD,paypal,dhl,
7031,Returned,1396.95,EUR,credit_card,standard,
7032,Processing,1116.95,GBP,debit_card,economy,
7033,Processing,508.95,EUR,google_pay,overnight,Business address
7034,Shipped,24.95,EUR,apple_pay,overnight,
7035,Delivered,736.95,EUR,bank_transfer,standard,
7036,Delivered,242.95,USD,debit_card,economy,
7037,Returned,1367.95,GBP,bank_transfer,fedex,
7038,Refunded,106.95,USD,klarna,standard,
7039,Processing,567.99,USD,apple_pay,standard,
7040,Shipped,17.95,USD,debit_card,ups,
7041,Delivered,879.95,GBP,apple_pay,express,
7042,Cancelled,117.95,USD,credit_card,pickup_point,
7043,Shipped,647.99,EUR,credit_card,economy,
7044,Cancelled,257.95,GBP,credit_card,standard,
7045,Cancelled,10.99,EUR,credit_card,pickup_point,
7046,Cancelled,1293.95,USD,apple_pay,economy,
7047,Delivered,821.95,EUR,klarna,dhl,
7048,Processing,745.95,USD,bank_transfer,fedex,
7049,Processing,1456.99,EUR,debit_card,dhl,
7050,Shipped,1234.95,USD,klarna,economy,
7051,Pending,90.99,USD,bank_transfer,overnight,
7052,Delivered,197.95,USD,credit_card,pickup_point,
7053,Processing,922.95,GBP,credit_card,fedex,
7054,Pending,1128.99,EUR,credit_card,dhl,
7055,Pending,1463.95,USD,klarna,economy,
7056,Pending,1145.99,GBP,bank_transfer,economy,
7057,Pending,756.95,GBP,google_pay,dhl,
7058,Returned,321.95,USD,credit_card,dhl,
7059,Processing,739.95,USD,google_pay,ups,
7060,Returned,476.95,USD,paypal,economy,
7061,Shipped,329.95,GBP,paypal,dhl,
7062,Cancelled,461.95,GBP,credit_card,ups,
7063,Refunded,1353.99,EUR,klarna,ups,
7064,Returned,1030.95,USD,credit_card,overnight,
7065,Refunded,621.95,EUR,credit_card,economy,
7066,Delivered,1178.95,GBP,credit_card,express,
7067,Cancelled,589.99,USD,debit_card,pickup_point,
7068,Cancelled,1252.95,EUR,apple_pay,pickup_point,
7069,Cancelled,1471.99,GBP,google_pay,fedex,
7070,Processing,1043.95,GBP,paypal,economy,
7071,Cancelled,529.95,GBP,paypal,express,
7072,Delivered,1210.95,USD,debit_card,economy,
7073,Cancelled,1247.99,USD,paypal,express,
7074,Returned,310.95,GBP,paypal,economy,
7075,Cancelled,1200.99,EUR,klarna,pickup_point,
7076,Processing,1031.99,USD,credit_card,overnight,
7077,Refunded,57.99,USD,bank_transfer,standard,
7078,Shipped,65.95,USD,credit_card,pickup_point,
7079,Cancelled,471.99,USD,bank_transfer,fedex,
7080,Refunded,1477.95,GBP,paypal,express,
7081,Returned,61.95,GBP,credit_card,overnight,
7082,Delivered,656.95,GBP,bank_transfer,fedex,
7083,Shipped,1016.95,USD,debit_card,express,
7084,Shipped,1038.95,USD,apple_pay,pickup_point,
7085,Processing,1250.95,EUR,bank_transfer,express,
7086,Returned,231.99,USD,google_pay,pickup_point,
7087,Pending,382.99,USD,debit_card,economy,
7088,Refunded,133.95,USD,credit_card,economy,
7089,Processing,922.95,USD,klarna,ups,
7090,Shipped,903.99,USD,paypal,fedex,
7091,Shipped,766.95,EUR,debit_card,economy,
7092,Processing,677.99,EUR,paypal,ups,
7093,Refunded,519.95,EUR,bank_transfer,ups,
7094,Returned,1384.95,USD,credit_card,standard,
7095,Returned,1001.99,USD,bank_transfer,dhl,
7096,Cancelled,1436.95,GBP,apple_pay,economy,
7097,Refunded,667.95,EUR,klarna,standard,
7098,Shipped,1059.99,GBP,bank_transfer,standard,
7099,Shipped,589.95,USD,klarna,standard,
7100,Delivered,40.99,EUR,debit_card,overnight,
7101,Processing,567.99,USD,paypal,overnight,
7102,Pending,209.95,USD,google_pay,dhl,
7103,Pending,392.95,USD,klarna,economy,
7104,Pending,570.95,GBP,debit_card,express,
7105,Pending,540.95,GBP,paypal,express,
7106,Delivered,356.99,GBP,apple_pay,fedex,
7107,Refunded,1476.95,EUR,google_pay,economy,
7108,Cancelled,905.95,EUR,klarna,express,
7109,Returned,756.95,EUR,klarna,standard,
7110,Refunded,1313.99,USD,bank_transfer,fedex,
7111,Delivered,573.99,GBP,paypal,overnight,
7112,Shipped,596.99,GBP,paypal,overnight,
7113,Cancelled,736.99,USD,paypal,economy,
7114,Shipped,20.95,EUR,apple_pay,ups,
7115,Delivered,928.95,USD,debit_card,overnight,
7116,Returned,570.95,GBP,google_pay,express,
7117,Delivered,15.99,USD,paypal,economy,
7118,Processing,1488.95,GBP,debit_card,pickup_point,
7119,Returned,1485.99,GBP,google_pay,overnight,
7120,Processing,967.95,EUR,klarna,standard,
7121,Processing,121.95,EUR,credit_card,express,
7122,Shipped,1402.95,USD,bank_transfer,express,
7123,Shipped,504.95,USD,debit_card,economy,
7124,Refunded,636.95,GBP,debit_card,economy,
7125,Pending,1197.95,GBP,google_pay,pickup_point,
7126,Cancelled,1356.95,USD,klarna,express,
7127,Cancelled,451.95,GBP,apple_pay,fedex,
7128,Pending,932.99,EUR,klarna,pickup_point,
7129,Returned,483.99,EUR,klarna,overnight,
7130,Delivered,763.95,EUR,paypal,economy,
7131,Processing,476.95,USD,apple_pay,economy,
7132,Cancelled,1080.95,EUR,apple_pay,pickup_point,
7133,Processing,97.99,EUR,paypal,overnight,
7134,Processing,1427.95,GBP,google_pay,fedex,
7135,Processing,1139.99,USD,debit_card,fedex,
7136,Refunded,1019.95,USD,google_pay,standard,
7137,Shipped,1388.99,USD,paypal,pickup_point,
7138,Cancelled,820.95,GBP,bank_transfer,dhl,
7139,Returned,482.95,GBP,apple_pay,fedex,
7140,Processing,860.99,USD,klarna,fedex,
7141,Processing,993.95,USD,apple_pay,ups,
7142,Processing,908.99,EUR,google_pay,dhl,
7143,Cancelled,1444.99,GBP,bank_transfer,dhl,
7144,Refunded,978.95,EUR,apple_pay,ups,
7145,Returned,951.95,USD,credit_card,fedex,
7146,Processing,637.99,EUR,debit_card,pickup_point,
7147,Delivered,1258.95,GBP,debit_card,overnight,
7148,Refunded,362.99,EUR,apple_pay,fedex,
7149,Returned,718.99,EUR,google_pay,dhl,
7150,Delivered,510.99,EUR,paypal,economy,
7151,Shipped,1290.99,GBP,google_pay,ups,
7152,Returned,974.99,USD,credit_card,economy,
7153,Cancelled,62.99,EUR,debit_card,ups,Do not leave in direct sunlight
7154,Cancelled,433.95,USD,paypal,overnight,
7155,Processing,1225.99,USD,google_pay,express,
7156,Cancelled,699.95,GBP,google_pay,economy,
7157,Cancelled,482.99,GBP,bank_transfer,dhl,
7158,Delivered,1413.95,USD,credit_card,standard,
7159,Returned,1346.95,GBP,klarna,economy,
7160,Returned,1020.95,GBP,debit_card,overnight,
7161,Cancelled,419.95,GBP,apple_pay,economy,
7162,Processing,250.99,EUR,bank_transfer,dhl,
7163,Pending,1373.95,USD,credit_card,ups,
7164,Refunded,231.95,EUR,paypal,economy,
7165,Shipped,407.99,GBP,bank_transfer,express,
7166,Shipped,704.95,GBP,apple_pay,express,
7167,Shipped,858.99,USD,google_pay,economy,
7168,Delivered,691.99,USD,bank_transfer,dhl,
7169,Refunded,464.95,GBP,credit_card,fedex,
7170,Delivered,974.99,GBP,bank_transfer,overnight,
7171,Cancelled,911.99,USD,bank_transfer,standard,
7172,Pending,292.95,GBP,bank_transfer,economy,
7173,Cancelled,295.99,USD,bank_transfer,standard,
7174,Delivered,354.95,GBP,paypal,pickup_point,
7175,Refunded,120.95,USD,google_pay,fedex,
7176,Processing,590.95,EUR,apple_pay,overnight,
7177,Cancelled,1484.99,GBP,google_pay,dhl,
7178,Returned,764.99,GBP,paypal,economy,
7179,Processing,312.95,USD,debit_card,pickup_point,
7180,Cancelled,1496.95,USD,paypal,fedex,
7181,Returned,998.99,EUR,klarna,pickup_point,
7182,Returned,398.95,USD,klarna,overnight,
7183,Returned,1131.95,EUR,paypal,ups,
7184,Returned,27.95,GBP,google_pay,fedex,
7185,Pending,545.99,USD,credit_card,dhl,
7186,Shipped,473.99,GBP,paypal,economy,
7187,Delivered,963.95,GBP,apple_pay,standard,
7188,Shipped,1397.95,GBP,bank_transfer,overnight,
7189,Refunded,1051.95,EUR,apple_pay,fedex,
7190,Refunded,598.99,USD,google_pay,economy,
7191,Cancelled,382.99,EUR,debit_card,economy,
7192,Processing,1449.95,EUR,paypal,dhl,
7193,Cancelled,544.95,EUR,credit_card,economy,
7194,Cancelled,1336.95,GBP,klarna,express,
7195,Returned,1406.95,GBP,debit_card,economy,
7196,Pending,651.95,USD,apple_pay,fedex,
7197,Cancelled,730.99,EUR,apple_pay,fedex,
7198,Returned,586.95,USD,paypal,overnight,
7199,Shipped,1223.95,GBP,paypal,dhl,
7200,Delivered,409.99,USD,credit_card,dhl,
7201,Processing,333.99,EUR,apple_pay,pickup_point,
7202,Cancelled,492.95,GBP,paypal,standard,
7203,Pending,624.99,USD,bank_transfer,standard,
7204,Returned,755.99,EUR,google_pay,dhl,
7205,Refunded,1017.99,GBP,credit_card,standard,
7206,Delivered,415.95,EUR,bank_transfer,economy,
7207,Refunded,887.99,EUR,klarna,standard,
7208,Processing,627.95,GBP,google_pay,fedex,
7209,Shipped,777.99,USD,credit_card,fedex,
7210,Refunded,608.95,USD,debit_card,express,
7211,Processing,405.99,EUR,bank_transfer,pickup_point,
7212,Processing,225.95,USD,debit_card,overnight,
7213,Processing,52.99,GBP,bank_transfer,fedex,
7214,Cancelled,582.95,EUR,apple_pay,ups,
7215,Refunded,1093.95,GBP,paypal,overnight,
7216,Pending,1415.99,EUR,debit_card,ups,
7217,Shipped,1099.99,USD,credit_card,overnight,
7218,Delivered,511.95,EUR,google_pay,dhl,
7219,Returned,40.99,GBP,klarna,express,
7220,Shipped,524.95,EUR,klarna,standard,
7221,Refunded,608.99,EUR,debit_card,pickup_point,
7222,Delivered,721.99,GBP,debit_card,dhl,
7223,Shipped,882.99,EUR,bank_transfer,economy,
7224,Shipped,1436.95,GBP,klarna,fedex,
7225,Delivered,600.99,USD,bank_transfer,fedex,
7226,Delivered,945.95,GBP,debit_card,dhl,
7227,Delivered,224.95,USD,klarna,ups,
7228,Cancelled,1316.95,USD,paypal,pickup_point,
7229,Refunded,1240.95,USD,credit_card,express,
7230,Pending,1236.95,GBP,apple_pay,dhl,
7231,Refunded,483.99,USD,apple_pay,ups,
7232,Cancelled,225.95,GBP,apple_pay,economy,
7233,Delivered,433.95,USD,bank_transfer,overnight,
7234,Processing,234.95,USD,klarna,pickup_point,
7235,Returned,262.99,GBP,klarna,fedex,
7236,Cancelled,718.99,GBP,apple_pay,express,
7237,Processing,451.99,GBP,debit_card,overnight,
7238,Shipped,543.95,GBP,apple_pay,ups,
7239,Pending,479.95,USD,credit_card,ups,
7240,Refunded,937.99,USD,google_pay,pickup_point,
7241,Shipped,852.99,EUR,bank_transfer,express,
7242,Refunded,849.99,EUR,apple_pay,standard,Ring doorbell twice
7243,Shipped,379.95,EUR,credit_card,standard,
7244,Delivered,262.95,EUR,google_pay,dhl,
7245,Shipped,187.99,USD,google_pay,economy,
7246,Pending,19.95,EUR,google_pay,standard,
7247,Refunded,895.99,EUR,google_pay,overnight,
7248,Pending,1336.95,USD,apple_pay,pickup_point,
7249,Delivered,1423.99,GBP,klarna,standard,
7250,Pending,362.95,EUR,apple_pay,overnight,
7251,Cancelled,329.99,EUR,paypal,pickup_point,
7252,Shipped,164.99,GBP,google_pay,express,
7253,Refunded,961.95,USD,debit_card,pickup_point,
7254,Refunded,1042.95,EUR,credit_card,ups,
7255,Shipped,102.99,USD,apple_pay,dhl,
7256,Processing,1366.99,GBP,bank_transfer,economy,
7257,Pending,1276.99,EUR,apple_pay,pickup_point,
7258,Delivered,93.95,USD,apple_pay,fedex,
7259,Pending,13.95,GBP,paypal,economy,
7260,Returned,112.99,GBP,bank_transfer,dhl,
7261,Processing,1083.95,GBP,google_pay,fedex,
7262,Delivered,328.99,USD,bank_transfer,overnight,
7263,Pending,1247.95,EUR,paypal,fedex,
7264,Returned,254.95,USD,apple_pay,pickup_point,
7265,Refunded,1169.95,USD,paypal,dhl,
7266,Cancelled,1428.95,USD,debit_card,standard,
7267,Refunded,667.99,GBP,debit_card,overnight,
7268,Cancelled,225.95,GBP,debit_card,dhl,
7269,Shipped,1366.99,USD,bank_transfer,express,
7270,Delivered,507.99,GBP,google_pay,dhl,
7271,Cancelled,724.95,GBP,credit_card,standard,
7272,Processing,348.95,USD,debit_card,pickup_point,
7273,Delivered,1421.95,EUR,google_pay,dhl,
7274,Delivered,662.95,EUR,klarna,standard,
7275,Processing,112.95,EUR,credit_card,standard,
7276,Returned,1329.99,EUR,credit_card,economy,
7277,Returned,1218.99,USD,debit_card,pickup_point,
7278,Cancelled,829.99,EUR,bank_transfer,economy,
7279,Pending,1463.99,GBP,debit_card,ups,
7280,Processing,79.99,USD,klarna,overnight,
7281,Delivered,36.99,GBP,debit_card,pickup_point,
7282,Shipped,562.99,USD,paypal,express,
7283,Delivered,1204.95,GBP,paypal,express,
7284,Returned,654.99,GBP,google_pay,express,
7285,Refunded,322.95,USD,credit_card,pickup_point,
7286,Delivered,1028.99,USD,klarna,ups,
7287,Processing,285.95,USD,credit_card,ups,
7288,Delivered,643.95,EUR,google_pay,express,
7289,Cancelled,492.95,EUR,apple_pay,standard,
7290,Delivered,292.95,EUR,credit_card,overnight,
7291,Cancelled,464.95,GBP,klarna,pickup_point,
7292,Pending,1340.95,EUR,credit_card,fedex,
7293,Returned,1292.99,GBP,apple_pay,fedex,
7294,Refunded,1165.99,USD,credit_card,ups,
7295,Processing,1097.95,USD,bank_transfer,dhl,
7296,Delivered,1089.99,GBP,bank_transfer,dhl,
7297,Shipped,450.99,USD,bank_transfer,overnight,
7298,Delivered,84.99,GBP,debit_card,pickup_point,
7299,Shipped,720.95,USD,google_pay,economy,
7300,Returned,889.99,USD,debit_card,dhl,
7301,Cancelled,327.95,USD,klarna,economy,
7302,Pending,1426.95,GBP,credit_card,express,
7303,Cancelled,267.99,GBP,klarna,economy,
7304,Cancelled,1219.99,USD,paypal,fedex,
7305,Processing,359.99,EUR,debit_card,dhl,
7306,Refunded,402.95,USD,paypal,ups,
7307,Pending,1286.95,GBP,apple_pay,standard,
7308,Cancelled,921.99,GBP,klarna,express,
7309,Returned,376.95,GBP,klarna,overnight,
7310,Shipped,568.95,USD,google_pay,economy,
7311,Refunded,438.95,GBP,debit_card,fedex,
7312,Returned,139.95,GBP,paypal,fedex,
7313,Returned,1405.99,USD,debit_card,fedex,
7314,Processing,932.95,GBP,google_pay,ups,
7315,Cancelled,692.95,USD,google_pay,dhl,
7316,Processing,1264.95,GBP,debit_card,ups,
7317,Pending,790.95,GBP,bank_transfer,overnight,
7318,Returned,1134.95,GBP,google_pay,ups,
7319,Pending,1399.99,USD,debit_card,economy,
7320,Processing,1042.95,USD,apple_pay,pickup_point,
7321,Refunded,424.99,EUR,klarna,express,
7322,Processing,883.99,USD,paypal,standard,
7323,Returned,555.99,EUR,bank_transfer,pickup_point,
7324,Shipped,1321.95,EUR,klarna,standard,
7325,Returned,280.95,GBP,google_pay,pickup_point,
7326,Cancelled,492.95,GBP,debit_card,economy,
7327,Processing,344.99,USD,apple_pay,standard,
7328,Shipped,106.99,GBP,paypal,economy,
7329,Cancelled,1065.99,GBP,klarna,standard,
7330,Shipped,206.95,USD,bank_transfer,fedex,
7331,Processing,923.99,GBP,debit_card,economy,
7332,Returned,844.99,GBP,bank_transfer,express,
7333,Returned,841.99,EUR,bank_transfer,standard,
7334,Processing,59.95,USD,bank_transfer,express,
7335,Processing,1350.95,EUR,debit_card,overnight,
7336,Processing,1217.99,USD,bank_transfer,pickup_point,
7337,Returned,819.99,EUR,klarna,express,
7338,Returned,611.95,EUR,klarna,express,
7339,Processing,72.99,GBP,klarna,standard,
7340,Pending,233.99,GBP,google_pay,standard,
7341,Processing,1091.99,EUR,debit_card,pickup_point,
7342,Refunded,1458.95,GBP,google_pay,express,
7343,Pending,1016.95,USD,apple_pay,economy,
7344,Processing,1195.99,GBP,bank_transfer,overnight,
7345,Processing,677.99,EUR,credit_card,overnight,
7346,Delivered,1283.99,USD,debit_card,pickup_point,
7347,Returned,452.95,USD,apple_pay,overnight,
7348,Delivered,1371.99,USD,klarna,standard,
7349,Refunded,1014.99,GBP,credit_card,dhl,
7350,Cancelled,967.99,GBP,bank_transfer,standard,
7351,Delivered,68.95,EUR,paypal,fedex,
7352,Refunded,471.99,GBP,klarna,dhl,
7353,Refunded,1045.99,EUR,bank_transfer,overnight,
7354,Pending,827.99,GBP,google_pay,economy,
7355,Returned,534.95,EUR,google_pay,fedex,
7356,Delivered,497.95,GBP,paypal,dhl,
7357,Processing,1070.99,USD,debit_card,overnight,
7358,Returned,636.99,GBP,debit_card,ups,
7359,Processing,1339.95,GBP,bank_transfer,pickup_point,
7360,Pending,1384.95,EUR,google_pay,ups,
7361,Delivered,989.95,USD,apple_pay,overnight,
7362,Delivered,660.99,USD,paypal,ups,
7363,Refunded,599.99,GBP,bank_transfer,pickup_point,
7364,Cancelled,445.99,USD,paypal,economy,
7365,Processing,88.99,EUR,klarna,pickup_point,
7366,Shipped,764.99,EUR,klarna,ups,
7367,Delivered,762.95,EUR,credit_card,standard,
7368,Returned,1088.99,USD,paypal,economy,
7369,Processing,486.99,USD,credit_card,fedex,
7370,Delivered,206.95,GBP,google_pay,economy,
7371,Delivered,1146.99,GBP,debit_card,pickup_point,
7372,Delivered,723.99,USD,klarna,express,
7373,Delivered,1276.95,USD,apple_pay,ups,
7374,Shipped,1404.95,USD,bank_transfer,pickup_point,
7375,Delivered,553.95,GBP,google_pay,standard,
7376,Shipped,1422.99,USD,apple_pay,ups,
7377,Shipped,99.95,GBP,paypal,standard,
7378,Returned,1313.95,EUR,google_pay,ups,
7379,Delivered,1275.95,GBP,bank_transfer,overnight,
7380,Processing,417.99,USD,credit_card,economy,
7381,Delivered,1233.95,EUR,google_pay,express,
7382,Cancelled,1135.95,EUR,bank_transfer,economy,
7383,Delivered,1330.95,EUR,bank_transfer,express,Please leave at front door
7384,Cancelled,756.95,EUR,debit_card,economy,
7385,Refunded,1116.99,GBP,google_pay,express,
7386,Processing,797.95,USD,bank_transfer,overnight,ASAP delivery needed
7387,Pending,1261.95,EUR,credit_card,ups,
7388,Pending,1283.99,EUR,paypal,economy,
7389,Cancelled,493.99,EUR,credit_card,economy,
7390,Refunded,1409.99,GBP,klarna,ups,
7391,Delivered,208.99,GBP,paypal,ups,
7392,Returned,1233.95,EUR,bank_transfer,ups,Business address
7393,Returned,538.95,EUR,apple_pay,economy,
7394,Delivered,937.99,GBP,google_pay,pickup_point,
7395,Delivered,584.99,GBP,klarna,overnight,
7396,Cancelled,539.95,EUR,klarna,ups,
7397,Pending,527.95,GBP,debit_card,overnight,
7398,Delivered,339.95,USD,paypal,overnight,
7399,Cancelled,538.95,EUR,debit_card,standard,
7400,Pending,1020.95,USD,paypal,express,
7401,Delivered,1398.99,GBP,debit_card,pickup_point,
7402,Cancelled,1026.95,GBP,google_pay,overnight,
7403,Processing,1211.99,USD,paypal,standard,
7404,Delivered,844.95,USD,credit_card,dhl,
7405,Returned,1305.95,EUR,klarna,overnight,
7406,Cancelled,343.95,GBP,credit_card,dhl,
7407,Processing,1228.95,GBP,credit_card,fedex,
7408,Delivered,350.95,USD,debit_card,overnight,
7409,Returned,479.99,GBP,klarna,economy,
7410,Shipped,218.95,GBP,klarna,express,
7411,Returned,644.95,EUR,apple_pay,overnight,
7412,Pending,197.99,EUR,google_pay,pickup_point,
7413,Shipped,875.99,GBP,credit_card,express,
7414,Delivered,529.99,EUR,credit_card,standard,
7415,Delivered,384.99,USD,apple_pay,overnight,Do not leave in direct sunlight
7416,Cancelled,816.95,USD,google_pay,express,
7417,Shipped,1089.99,GBP,klarna,pickup_point,
7418,Refunded,560.95,GBP,google_pay,overnight,
7419,Processing,731.95,GBP,bank_transfer,overnight,
7420,Delivered,573.95,GBP,bank_transfer,standard,
7421,Refunded,1486.99,EUR,bank_transfer,economy,
7422,Processing,350.99,GBP,credit_card,dhl,
7423,Pending,756.99,EUR,klarna,economy,
7424,Delivered,434.99,EUR,apple_pay,fedex,
7425,Cancelled,1152.95,GBP,paypal,ups,
7426,Shipped,814.95,GBP,apple_pay,dhl,Please pack carefully
7427,Processing,830.99,EUR,bank_transfer,overnight,
7428,Pending,262.95,EUR,debit_card,overnight,
7429,Shipped,814.99,GBP,apple_pay,economy,
7430,Processing,1214.95,GBP,credit_card,economy,
7431,Processing,1231.95,USD,google_pay,express,
7432,Returned,259.95,GBP,bank_transfer,overnight,
7433,Processing,81.95,USD,klarna,dhl,
7434,Delivered,772.99,USD,paypal,dhl,
7435,Refunded,1062.95,GBP,google_pay,pickup_point,
7436,Refunded,902.95,USD,debit_card,standard,
7437,Pending,1284.99,GBP,bank_transfer,overnight,
7438,Refunded,371.99,EUR,google_pay,ups,
7439,Pending,139.99,GBP,bank_transfer,pickup_point,
7440,Delivered,826.95,GBP,apple_pay,overnight,
7441,Cancelled,896.95,GBP,klarna,pickup_point,
7442,Cancelled,599.99,USD,google_pay,standard,
7443,Shipped,1077.99,USD,bank_transfer,ups,
7444,Delivered,147.95,EUR,debit_card,fedex,
7445,Cancelled,1230.95,GBP,bank_transfer,dhl,
7446,Returned,125.99,EUR,bank_transfer,pickup_point,
7447,Cancelled,1386.95,EUR,bank_transfer,economy,
7448,Pending,665.95,EUR,google_pay,dhl,
7449,Pending,603.95,EUR,klarna,pickup_point,
7450,Returned,1008.95,GBP,debit_card,economy,
7451,Cancelled,755.95,EUR,apple_pay,dhl,
7452,Shipped,214.99,USD,bank_transfer,standard,
7453,Shipped,104.99,EUR,debit_card,fedex,
7454,Returned,1243.95,USD,apple_pay,pickup_point,
7455,Processing,1176.95,USD,debit_card,economy,
7456,Returned,1083.95,USD,debit_card,economy,
7457,Cancelled,1265.99,USD,bank_transfer,ups,
7458,Delivered,701.95,EUR,klarna,fedex,
7459,Shipped,790.99,EUR,klarna,dhl,
7460,Cancelled,759.99,EUR,credit_card,economy,
7461,Delivered,90.99,USD,paypal,dhl,
7462,Returned,1268.95,EUR,apple_pay,express,
7463,Refunded,256.99,GBP,bank_transfer,express,
7464,Refunded,419.95,EUR,google_pay,fedex,
7465,Returned,1059.95,EUR,debit_card,express,
7466,Refunded,1261.95,EUR,apple_pay,ups,
7467,Shipped,1341.95,USD,bank_transfer,dhl,
7468,Shipped,496.99,GBP,credit_card,dhl,
7469,Processing,265.95,USD,paypal,ups,
7470,Delivered,423.95,GBP,credit_card,pickup_point,
7471,Returned,1284.99,USD,apple_pay,overnight,
7472,Returned,252.95,USD,apple_pay,overnight,
7473,Delivered,485.95,USD,klarna,overnight,ASAP delivery needed
7474,Delivered,838.99,GBP,debit_card,dhl,
7475,Processing,831.95,GBP,bank_transfer,pickup_point,
7476,Shipped,688.95,USD,paypal,ups,
7477,Pending,1475.95,USD,klarna,overnight,
7478,Delivered,1353.95,EUR,klarna,express,
7479,Shipped,396.99,GBP,apple_pay,express,
7480,Delivered,305.95,GBP,credit_card,ups,
7481,Processing,161.99,EUR,paypal,dhl,
7482,Refunded,1162.95,USD,google_pay,express,
7483,Pending,1246.99,GBP,paypal,pickup_point,
7484,Returned,229.99,GBP,bank_transfer,fedex,
7485,Delivered,113.95,GBP,bank_transfer,economy,
7486,Processing,1386.99,USD,paypal,pickup_point,
7487,Refunded,941.99,GBP,google_pay,ups,
7488,Cancelled,1228.99,EUR,debit_card,economy,
7489,Shipped,47.95,EUR,klarna,standard,
7490,Cancelled,1478.99,GBP,klarna,express,
7491,Delivered,220.95,GBP,google_pay,overnight,
7492,Returned,297.95,USD,paypal,standard,
7493,Refunded,1328.99,USD,klarna,economy,
7494,Shipped,1017.99,GBP,debit_card,fedex,
7495,Processing,1410.95,USD,apple_pay,standard,
7496,Shipped,1013.99,USD,debit_card,express,Combine with other items if available
7497,Returned,399.99,GBP,debit_card,pickup_point,
7498,Shipped,537.99,EUR,credit_card,standard,
7499,Cancelled,1281.95,GBP,klarna,ups,
7500,Cancelled,935.95,GBP,klarna,ups,
7501,Processing,593.99,USD,credit_card,pickup_point,
7502,Refunded,685.99,EUR,debit_card,pickup_point,
7503,Pending,1027.99,EUR,credit_card,express,
7504,Cancelled,1059.95,GBP,bank_transfer,fedex,
7505,Returned,213.99,USD,debit_card,standard,
7506,Shipped,575.99,EUR,debit_card,dhl,
7507,Processing,1168.99,USD,bank_transfer,pickup_point,
7508,Returned,211.99,USD,paypal,ups,
7509,Refunded,734.99,GBP,credit_card,overnight,
7510,Processing,1128.99,EUR,credit_card,economy,
7511,Cancelled,147.95,EUR,credit_card,economy,
7512,Cancelled,632.95,EUR,paypal,economy,
7513,Processing,1137.95,USD,google_pay,ups,
7514,Delivered,947.95,EUR,apple_pay,express,Do not leave in direct sunlight
7515,Shipped,877.99,USD,klarna,dhl,
7516,Refunded,1479.95,EUR,klarna,express,
7517,Pending,62.99,GBP,google_pay,ups,
7518,Cancelled,1263.95,GBP,debit_card,standard,
7519,Refunded,869.95,GBP,google_pay,pickup_point,
7520,Refunded,353.95,GBP,debit_card,economy,
7521,Shipped,1178.95,EUR,klarna,fedex,
7522,Refunded,484.95,GBP,klarna,fedex,
7523,Cancelled,677.95,USD,apple_pay,economy,
7524,Pending,933.99,GBP,google_pay,pickup_point,
7525,Cancelled,207.95,USD,credit_card,economy,
7526,Processing,888.99,USD,paypal,dhl,ASAP delivery needed
7527,Returned,1087.95,EUR,debit_card,express,
7528,Returned,549.99,GBP,debit_card,ups,
7529,Cancelled,1297.99,EUR,paypal,fedex,
7530,Returned,1017.95,EUR,paypal,pickup_point,
7531,Shipped,1138.95,USD,credit_card,express,
7532,Cancelled,177.95,USD,debit_card,fedex,
7533,Pending,94.99,GBP,paypal,express,
7534,Delivered,1240.99,EUR,bank_transfer,overnight,
7535,Cancelled,1250.95,GBP,google_pay,overnight,
7536,Pending,502.99,USD,google_pay,ups,
7537,Returned,1142.99,EUR,bank_transfer,overnight,
7538,Pending,1457.99,GBP,google_pay,standard,
7539,Refunded,952.95,GBP,debit_card,pickup_point,
7540,Cancelled,314.99,USD,credit_card,pickup_point,
7541,Returned,459.95,USD,apple_pay,standard,
7542,Pending,1038.99,EUR,google_pay,economy,
7543,Processing,1353.99,GBP,apple_pay,fedex,
7544,Processing,623.95,GBP,klarna,dhl,
7545,Processing,854.99,GBP,bank_transfer,pickup_point,
7546,Refunded,1318.99,GBP,google_pay,economy,
7547,Returned,856.99,USD,credit_card,overnight,
7548,Delivered,875.95,GBP,klarna,fedex,
7549,Delivered,152.95,GBP,google_pay,pickup_point,
7550,Cancelled,702.95,EUR,credit_card,economy,
7551,Pending,748.99,USD,paypal,pickup_point,
7552,Processing,680.95,EUR,apple_pay,pickup_point,
7553,Refunded,624.95,EUR,paypal,express,
7554,Delivered,69.95,EUR,klarna,economy,
7555,Returned,507.99,GBP,credit_card,pickup_point,
7556,Shipped,292.95,EUR,klarna,economy,
7557,Pending,1470.95,GBP,google_pay,fedex,
7558,Cancelled,1246.99,EUR,debit_card,pickup_point,
7559,Refunded,188.95,GBP,bank_transfer,standard,
7560,Delivered,676.99,EUR,debit_card,pickup_point,
7561,Processing,389.95,EUR,google_pay,pickup_point,
7562,Pending,1457.99,USD,apple_pay,pickup_point,
7563,Delivered,90.99,GBP,apple_pay,pickup_point,
7564,Shipped,1400.95,USD,bank_transfer,pickup_point,
7565,Returned,192.95,EUR,google_pay,standard,
7566,Shipped,1227.99,EUR,paypal,overnight,
7567,Returned,978.99,USD,credit_card,overnight,
7568,Delivered,1113.95,EUR,paypal,standard,
7569,Pending,594.95,EUR,paypal,economy,
7570,Returned,58.99,USD,apple_pay,standard,
7571,Returned,1012.99,EUR,google_pay,ups,
7572,Delivered,1025.99,EUR,paypal,express,
7573,Delivered,1350.95,GBP,paypal,pickup_point,
7574,Processing,1015.99,GBP,bank_transfer,fedex,
7575,Refunded,791.99,GBP,klarna,standard,
7576,Returned,651.99,GBP,google_pay,ups,
7577,Processing,239.95,EUR,bank_transfer,economy,
7578,Refunded,1492.99,EUR,apple_pay,dhl,
7579,Processing,750.99,GBP,apple_pay,fedex,
7580,Processing,688.95,USD,bank_transfer,overnight,
7581,Cancelled,524.99,GBP,debit_card,dhl,
7582,Delivered,230.95,EUR,klarna,pickup_point,
7583,Processing,588.99,EUR,bank_transfer,fedex,
7584,Refunded,300.95,USD,credit_card,economy,
7585,Refunded,1381.99,USD,debit_card,express,
7586,Returned,1090.95,GBP,bank_transfer,standard,
7587,Shipped,440.95,USD,credit_card,standard,
7588,Delivered,155.95,GBP,paypal,pickup_point,
7589,Delivered,841.99,USD,apple_pay,economy,
7590,Returned,854.95,GBP,bank_transfer,fedex,
7591,Processing,853.99,USD,google_pay,dhl,
7592,Delivered,319.99,USD,google_pay,fedex,
7593,Returned,138.99,EUR,paypal,economy,
7594,Shipped,66.95,GBP,klarna,standard,
7595,Pending,777.99,USD,bank_transfer,fedex,
7596,Processing,477.95,EUR,klarna,pickup_point,
7597,Shipped,1420.99,GBP,bank_transfer,fedex,
7598,Refunded,409.99,USD,apple_pay,pickup_point,
7599,Cancelled,901.99,USD,paypal,fedex,
7600,Processing,545.99,GBP,klarna,overnight,
7601,Cancelled,314.95,USD,klarna,standard,
7602,Cancelled,1278.99,GBP,klarna,ups,
7603,Refunded,466.99,GBP,credit_card,express,
7604,Refunded,546.99,USD,credit_card,ups,
7605,Refunded,900.95,USD,bank_transfer,fedex,
7606,Shipped,1129.99,GBP,google_pay,ups,
7607,Refunded,946.99,USD,klarna,fedex,
7608,Refunded,195.95,GBP,apple_pay,overnight,
7609,Shipped,140.95,GBP,klarna,overnight,
7610,Processing,948.99,EUR,bank_transfer,dhl,
7611,Refunded,670.95,GBP,paypal,pickup_point,
7612,Cancelled,973.99,USD,google_pay,ups,
7613,Shipped,690.99,GBP,google_pay,overnight,
7614,Delivered,584.95,EUR,apple_pay,ups,
7615,Delivered,591.99,GBP,debit_card,pickup_point,
7616,Cancelled,265.95,USD,google_pay,pickup_point,
7617,Delivered,58.95,USD,klarna,economy,
7618,Shipped,530.95,USD,paypal,standard,
7619,Returned,1148.95,EUR,paypal,economy,
7620,Pending,1417.99,USD,google_pay,economy,
7621,Cancelled,78.95,EUR,apple_pay,standard,
7622,Returned,673.99,GBP,apple_pay,pickup_point,
7623,Shipped,191.99,EUR,google_pay,pickup_point,
7624,Refunded,560.99,EUR,apple_pay,overnight,
7625,Pending,1055.99,USD,debit_card,overnight,
7626,Processing,337.95,EUR,credit_card,express,Please pack carefully
7627,Cancelled,49.99,USD,debit_card,fedex,
7628,Delivered,1424.95,EUR,klarna,standard,
7629,Shipped,591.95,EUR,debit_card,pickup_point,
7630,Delivered,1241.99,USD,bank_transfer,fedex,
7631,Shipped,1297.99,USD,paypal,pickup_point,Deliver to back entrance
7632,Processing,1301.95,EUR,google_pay,pickup_point,
7633,Refunded,528.99,EUR,credit_card,overnight,
7634,Delivered,909.99,USD,paypal,dhl,
7635,Delivered,1227.95,USD,debit_card,economy,
7636,Pending,956.99,EUR,paypal,fedex,
7637,Cancelled,959.95,GBP,paypal,standard,
7638,Delivered,1055.95,EUR,bank_transfer,ups,
7639,Delivered,487.95,GBP,klarna,fedex,
7640,Pending,961.95,GBP,apple_pay,standard,
7641,Refunded,673.95,EUR,apple_pay,fedex,
7642,Shipped,668.99,EUR,bank_transfer,economy,
7643,Shipped,114.99,USD,google_pay,express,
7644,Delivered,254.99,EUR,paypal,dhl,
7645,Processing,915.99,USD,credit_card,fedex,Signature required
7646,Delivered,883.99,EUR,apple_pay,ups,
7647,Cancelled,670.95,GBP,debit_card,pickup_point,
7648,Cancelled,665.95,GBP,credit_card,fedex,
7649,Processing,320.95,EUR,credit_card,ups,
7650,Delivered,1354.99,GBP,paypal,overnight,
7651,Processing,312.95,GBP,google_pay,fedex,
7652,Cancelled,60.99,GBP,paypal,overnight,
7653,Shipped,1481.95,GBP,apple_pay,fedex,
7654,Refunded,875.95,EUR,credit_card,economy,
7655,Cancelled,575.95,GBP,google_pay,standard,
7656,Pending,392.99,GBP,credit_card,standard,
7657,Pending,1025.95,GBP,klarna,fedex,
7658,Refunded,1339.95,GBP,klarna,fedex,
7659,Cancelled,175.95,GBP,apple_pay,standard,
7660,Pending,608.99,GBP,bank_transfer,fedex,
7661,Cancelled,705.95,USD,credit_card,fedex,
7662,Delivered,1307.99,EUR,apple_pay,economy,
7663,Refunded,460.99,USD,credit_card,overnight,
7664,Shipped,816.95,GBP,paypal,pickup_point,
7665,Returned,677.95,GBP,klarna,overnight,
7666,Processing,1390.95,GBP,credit_card,dhl,
7667,Cancelled,976.95,GBP,apple_pay,dhl,
7668,Pending,60.99,EUR,apple_pay,overnight,
7669,Processing,1375.99,EUR,google_pay,express,
7670,Delivered,984.99,EUR,apple_pay,economy,
7671,Shipped,107.99,GBP,paypal,overnight,
7672,Pending,91.95,USD,google_pay,pickup_point,
7673,Processing,1195.99,USD,paypal,dhl,
7674,Processing,1028.95,GBP,paypal,overnight,
7675,Shipped,1032.95,USD,apple_pay,standard,
7676,Cancelled,145.95,GBP,debit_card,ups,
7677,Refunded,780.95,USD,paypal,pickup_point,
7678,Delivered,334.99,EUR,google_pay,express,
7679,Shipped,696.99,EUR,google_pay,pickup_point,
7680,Refunded,1469.99,USD,apple_pay,overnight,
7681,Processing,118.99,GBP,klarna,overnight,
7682,Cancelled,1437.99,USD,bank_transfer,express,
7683,Delivered,1443.99,EUR,debit_card,express,
7684,Cancelled,1478.99,GBP,bank_transfer,express,
7685,Refunded,609.95,EUR,apple_pay,dhl,
7686,Processing,393.95,GBP,debit_card,economy,
7687,Shipped,1340.95,EUR,credit_card,pickup_point,
7688,Pending,391.95,EUR,google_pay,economy,
7689,Processing,474.95,USD,google_pay,overnight,
7690,Cancelled,298.95,GBP,klarna,express,
7691,Pending,814.95,USD,bank_transfer,overnight,
7692,Cancelled,199.95,GBP,klarna,express,
7693,Pending,416.99,EUR,paypal,fedex,
7694,Pending,1021.99,EUR,paypal,ups,Please leave at front door
7695,Refunded,1137.95,USD,google_pay,ups,
7696,Shipped,751.95,EUR,credit_card,ups,
7697,Returned,999.95,EUR,paypal,dhl,
7698,Refunded,437.99,USD,debit_card,overnight,
7699,Returned,1391.99,EUR,google_pay,ups,
7700,Returned,1486.99,EUR,apple_pay,overnight,
7701,Refunded,683.99,EUR,klarna,dhl,
7702,Processing,304.99,GBP,apple_pay,pickup_point,
7703,Returned,468.95,GBP,paypal,express,
7704,Pending,1484.95,USD,klarna,economy,
7705,Pending,827.99,USD,paypal,fedex,
7706,Returned,553.95,USD,klarna,standard,
7707,Returned,98.99,GBP,bank_transfer,overnight,
7708,Processing,1354.99,GBP,klarna,economy,
7709,Refunded,473.95,EUR,google_pay,dhl,
7710,Returned,456.95,EUR,debit_card,pickup_point,
7711,Delivered,527.95,USD,klarna,fedex,
7712,Cancelled,186.99,GBP,google_pay,economy,
7713,Pending,1457.99,EUR,bank_transfer,economy,
7714,Pending,27.95,EUR,credit_card,express,
7715,Processing,1181.95,EUR,bank_transfer,standard,
7716,Pending,401.95,GBP,paypal,ups,
7717,Cancelled,1099.95,USD,debit_card,overnight,
7718,Refunded,1491.95,USD,apple_pay,economy,
7719,Returned,1271.99,GBP,klarna,standard,
7720,Refunded,803.95,EUR,paypal,dhl,
7721,Delivered,114.99,EUR,debit_card,fedex,
7722,Shipped,1412.99,EUR,paypal,overnight,
7723,Shipped,400.95,EUR,paypal,dhl,
7724,Cancelled,902.95,USD,debit_card,dhl,
7725,Refunded,691.99,USD,google_pay,economy,
7726,Processing,1030.95,EUR,bank_transfer,pickup_point,
7727,Cancelled,1432.95,EUR,google_pay,overnight,
7728,Shipped,424.99,GBP,debit_card,standard,
7729,Pending,868.95,EUR,debit_card,express,
7730,Shipped,612.99,GBP,google_pay,overnight,
7731,Pending,1435.99,GBP,bank_transfer,standard,
7732,Shipped,999.95,EUR,bank_transfer,overnight,
7733,Pending,174.99,EUR,credit_card,economy,
7734,Cancelled,519.95,USD,apple_pay,dhl,
7735,Cancelled,251.99,GBP,paypal,overnight,
7736,Refunded,1268.95,EUR,credit_card,pickup_point,Please pack carefully
7737,Processing,210.99,GBP,google_pay,pickup_point,
7738,Pending,754.95,EUR,paypal,standard,
7739,Cancelled,209.99,USD,apple_pay,ups,
7740,Refunded,562.99,USD,google_pay,overnight,
7741,Delivered,435.99,USD,paypal,express,
7742,Pending,146.99,GBP,google_pay,ups,
7743,Refunded,1111.99,GBP,google_pay,fedex,
7744,Cancelled,1284.95,EUR,klarna,ups,
7745,Cancelled,1388.99,EUR,bank_transfer,economy,
7746,Cancelled,1362.99,EUR,klarna,dhl,
7747,Returned,690.95,USD,google_pay,standard,
7748,Shipped,1043.95,EUR,google_pay,express,
7749,Refunded,36.99,USD,debit_card,pickup_point,
7750,Refunded,417.95,EUR,klarna,pickup_point,
7751,Cancelled,829.95,EUR,google_pay,overnight,
7752,Cancelled,762.99,GBP,credit_card,economy,
7753,Returned,1206.99,USD,klarna,fedex,
7754,Returned,1098.95,USD,klarna,economy,
7755,Returned,173.99,EUR,paypal,ups,
7756,Delivered,430.99,GBP,klarna,economy,
7757,Delivered,1345.99,USD,debit_card,express,
7758,Returned,696.95,GBP,klarna,express,
7759,Delivered,1062.99,USD,apple_pay,pickup_point,
7760,Shipped,1311.95,GBP,paypal,pickup_point,
7761,Refunded,962.95,EUR,apple_pay,economy,
7762,Cancelled,1377.95,GBP,google_pay,overnight,
7763,Refunded,537.99,EUR,paypal,fedex,
7764,Delivered,174.99,USD,paypal,dhl,
7765,Pending,545.99,GBP,credit_card,express,
7766,Refunded,931.99,USD,paypal,express,Residential address
7767,Processing,1297.95,EUR,bank_transfer,dhl,
7768,Delivered,522.99,GBP,apple_pay,dhl,
7769,Pending,1102.95,EUR,credit_card,express,
7770,Returned,688.99,EUR,credit_card,standard,
7771,Shipped,669.95,USD,credit_card,overnight,
7772,Cancelled,251.99,GBP,debit_card,ups,
7773,Delivered,1057.99,EUR,paypal,fedex,
7774,Pending,220.99,GBP,klarna,economy,
7775,Returned,1477.95,GBP,klarna,pickup_point,
7776,Returned,846.95,GBP,apple_pay,fedex,
7777,Cancelled,571.95,USD,credit_card,overnight,
7778,Delivered,367.95,GBP,bank_transfer,dhl,
7779,Refunded,821.99,EUR,bank_transfer,fedex,
7780,Processing,314.95,USD,paypal,standard,
7781,Returned,587.99,GBP,klarna,fedex,
7782,Pending,1418.95,GBP,paypal,pickup_point,
7783,Shipped,587.95,USD,bank_transfer,fedex,
7784,Processing,670.95,GBP,bank_transfer,economy,
7785,Delivered,1233.99,EUR,google_pay,pickup_point,
7786,Cancelled,765.95,GBP,credit_card,overnight,
7787,Refunded,670.99,EUR,credit_card,express,
7788,Cancelled,1038.99,EUR,bank_transfer,overnight,
7789,Pending,439.99,GBP,credit_card,standard,
7790,Refunded,600.99,GBP,credit_card,economy,
7791,Processing,431.95,USD,credit_card,standard,
7792,Pending,170.95,USD,klarna,overnight,
7793,Pending,1261.99,EUR,bank_transfer,economy,
7794,Delivered,745.95,EUR,apple_pay,pickup_point,
7795,Shipped,943.99,GBP,credit_card,pickup_point,
7796,Shipped,1491.99,GBP,apple_pay,express,
7797,Delivered,90.99,USD,bank_transfer,overnight,
7798,Processing,1241.99,EUR,klarna,dhl,
7799,Cancelled,538.99,EUR,apple_pay,fedex,
7800,Shipped,638.99,USD,credit_card,ups,
7801,Cancelled,1175.95,USD,debit_card,dhl,
7802,Refunded,779.99,GBP,apple_pay,pickup_point,
7803,Pending,18.99,GBP,klarna,dhl,
7804,Delivered,1190.99,GBP,google_pay,overnight,
7805,Delivered,1440.99,GBP,klarna,ups,
7806,Processing,1083.99,EUR,debit_card,overnight,
7807,Processing,1397.99,USD,debit_card,pickup_point,
7808,Cancelled,194.99,EUR,paypal,overnight,
7809,Cancelled,1482.99,EUR,apple_pay,overnight,
7810,Delivered,135.99,GBP,credit_card,standard,
7811,Returned,178.99,EUR,debit_card,ups,
7812,Pending,1461.95,EUR,apple_pay,fedex,
7813,Processing,933.95,GBP,credit_card,ups,
7814,Shipped,1392.99,USD,credit_card,dhl,
7815,Refunded,182.99,GBP,debit_card,overnight,Ring doorbell twice
7816,Shipped,406.99,EUR,apple_pay,ups,
7817,Cancelled,1225.99,GBP,bank_transfer,express,
7818,Processing,1107.99,USD,apple_pay,standard,
7819,Refunded,683.95,USD,klarna,express,
7820,Returned,854.95,USD,bank_transfer,overnight,
7821,Cancelled,1036.95,GBP,klarna,express,
7822,Pending,163.95,EUR,paypal,dhl,
7823,Processing,999.99,GBP,klarna,express,
7824,Pending,1256.95,GBP,credit_card,ups,
7825,Cancelled,1131.95,GBP,apple_pay,economy,
7826,Returned,1036.99,EUR,credit_card,economy,
7827,Cancelled,933.99,EUR,bank_transfer,express,
7828,Returned,1441.95,USD,google_pay,dhl,
7829,Processing,239.95,EUR,debit_card,ups,
7830,Shipped,1151.99,EUR,credit_card,fedex,
7831,Processing,653.99,USD,debit_card,ups,
7832,Refunded,399.95,GBP,debit_card,fedex,
7833,Processing,1015.99,GBP,debit_card,economy,
7834,Refunded,1204.95,USD,paypal,pickup_point,
7835,Cancelled,1304.95,GBP,paypal,ups,
7836,Refunded,662.95,GBP,apple_pay,pickup_point,
7837,Processing,417.99,EUR,credit_card,ups,
7838,Delivered,386.99,GBP,debit_card,express,ASAP delivery needed
7839,Pending,1008.99,USD,klarna,overnight,
7840,Returned,993.99,GBP,paypal,ups,
7841,Refunded,1045.99,GBP,bank_transfer,express,
7842,Refunded,385.95,GBP,klarna,economy,
7843,Pending,640.95,EUR,bank_transfer,overnight,
7844,Delivered,1243.95,EUR,apple_pay,pickup_point,
7845,Processing,1090.95,GBP,klarna,overnight,
7846,Shipped,380.99,USD,klarna,standard,
7847,Cancelled,1294.99,GBP,paypal,pickup_point,
7848,Delivered,455.95,EUR,bank_transfer,express,
7849,Pending,680.99,EUR,credit_card,economy,
7850,Shipped,398.95,GBP,klarna,overnight,
7851,Processing,796.99,GBP,klarna,express,
7852,Refunded,605.95,GBP,google_pay,dhl,
7853,Refunded,1263.99,USD,paypal,express,
7854,Processing,1031.99,GBP,bank_transfer,dhl,
7855,Delivered,864.99,USD,debit_card,express,
7856,Shipped,883.95,EUR,bank_transfer,overnight,
7857,Delivered,1319.95,USD,klarna,fedex,
7858,Refunded,1010.95,EUR,debit_card,pickup_point,
7859,Cancelled,302.99,USD,debit_card,economy,
7860,Delivered,705.99,USD,apple_pay,pickup_point,
7861,Returned,79.95,USD,google_pay,economy,
7862,Pending,228.95,GBP,bank_transfer,economy,
7863,Pending,327.99,USD,debit_card,pickup_point,
7864,Delivered,1094.95,USD,bank_transfer,pickup_point,
7865,Refunded,299.99,USD,bank_transfer,fedex,
7866,Processing,1070.95,EUR,paypal,standard,
7867,Pending,1074.95,GBP,debit_card,dhl,
7868,Delivered,80.95,EUR,klarna,pickup_point,
7869,Refunded,657.99,GBP,debit_card,standard,
7870,Shipped,752.99,GBP,credit_card,economy,
7871,Pending,1013.95,EUR,credit_card,ups,
7872,Delivered,892.99,USD,credit_card,economy,
7873,Cancelled,1172.95,EUR,credit_card,express,
7874,Cancelled,1232.95,GBP,credit_card,economy,
7875,Pending,271.99,GBP,klarna,standard,
7876,Cancelled,405.95,GBP,klarna,dhl,
7877,Cancelled,1479.95,USD,paypal,standard,
7878,Pending,942.99,USD,bank_transfer,standard,
7879,Returned,99.99,USD,debit_card,express,
7880,Returned,1169.99,EUR,debit_card,pickup_point,
7881,Delivered,374.95,USD,credit_card,pickup_point,
7882,Cancelled,1339.99,GBP,paypal,pickup_point,
7883,Processing,310.95,GBP,google_pay,dhl,
7884,Refunded,1023.95,USD,google_pay,pickup_point,
7885,Cancelled,164.95,GBP,credit_card,fedex,
7886,Processing,525.95,USD,klarna,standard,
7887,Processing,553.95,USD,apple_pay,overnight,
7888,Returned,854.99,USD,paypal,express,
7889,Returned,860.99,USD,debit_card,economy,
7890,Refunded,361.99,EUR,google_pay,dhl,
7891,Pending,791.95,USD,klarna,ups,
7892,Returned,1125.95,EUR,apple_pay,economy,
7893,Cancelled,1198.95,USD,bank_transfer,express,
7894,Cancelled,1450.99,USD,credit_card,ups,
7895,Refunded,89.95,EUR,paypal,dhl,
7896,Pending,911.99,GBP,bank_transfer,overnight,
7897,Cancelled,461.99,USD,bank_transfer,pickup_point,
7898,Shipped,1196.99,EUR,paypal,standard,
7899,Pending,1250.95,GBP,debit_card,dhl,
7900,Pending,1143.95,USD,credit_card,ups,
7901,Cancelled,1309.95,GBP,klarna,express,
7902,Delivered,405.95,USD,apple_pay,overnight,
7903,Returned,626.99,USD,credit_card,overnight,
7904,Refunded,51.95,GBP,debit_card,pickup_point,
7905,Delivered,199.95,EUR,klarna,pickup_point,
7906,Pending,1437.95,GBP,paypal,overnight,
7907,Refunded,342.95,EUR,paypal,express,Residential address
7908,Refunded,653.95,USD,google_pay,dhl,
7909,Returned,176.99,GBP,apple_pay,standard,Signature required
7910,Refunded,85.99,EUR,klarna,ups,
7911,Returned,1403.95,GBP,klarna,ups,
7912,Cancelled,777.99,GBP,debit_card,overnight,
7913,Processing,769.95,GBP,bank_transfer,standard,
7914,Processing,1145.99,GBP,paypal,overnight,
7915,Processing,1292.95,GBP,debit_card,express,
7916,Refunded,766.99,GBP,credit_card,economy,
7917,Delivered,433.95,USD,credit_card,dhl,
7918,Delivered,1192.99,EUR,debit_card,dhl,
7919,Pending,652.95,USD,klarna,dhl,Signature required
7920,Cancelled,1071.95,USD,google_pay,fedex,
7921,Pending,689.95,USD,klarna,standard,
7922,Cancelled,13.95,USD,debit_card,express,
7923,Delivered,842.95,GBP,credit_card,overnight,
7924,Returned,490.99,USD,debit_card,economy,
7925,Shipped,915.99,EUR,google_pay,economy,
7926,Delivered,259.95,USD,klarna,fedex,
7927,Processing,368.95,GBP,klarna,dhl,
7928,Returned,39.95,USD,klarna,pickup_point,
7929,Processing,1178.99,EUR,credit_card,fedex,
7930,Pending,389.95,GBP,credit_card,ups,
7931,Refunded,1183.95,EUR,google_pay,pickup_point,
7932,Shipped,1396.99,USD,google_pay,express,
7933,Delivered,552.95,GBP,klarna,express,
7934,Returned,1385.95,EUR,credit_card,economy,
7935,Refunded,1476.99,GBP,bank_transfer,fedex,
7936,Processing,1305.95,GBP,apple_pay,economy,
7937,Shipped,819.95,GBP,bank_transfer,dhl,
7938,Cancelled,831.95,USD,apple_pay,economy,
7939,Processing,756.99,EUR,debit_card,ups,
7940,Processing,992.95,USD,klarna,overnight,
7941,Cancelled,1133.95,USD,credit_card,economy,
7942,Cancelled,127.95,GBP,klarna,standard,
7943,Shipped,543.95,GBP,paypal,pickup_point,
7944,Pending,1479.95,USD,debit_card,overnight,
7945,Processing,747.95,EUR,apple_pay,fedex,
7946,Refunded,375.99,GBP,apple_pay,standard,
7947,Pending,1462.99,USD,google_pay,dhl,
7948,Cancelled,179.99,GBP,paypal,overnight,
7949,Pending,689.99,USD,klarna,express,
7950,Pending,255.99,USD,google_pay,express,
7951,Refunded,1144.95,GBP,debit_card,standard,
7952,Refunded,1192.95,USD,apple_pay,dhl,
7953,Pending,1447.95,EUR,bank_transfer,overnight,
7954,Shipped,1029.99,USD,klarna,fedex,
7955,Cancelled,162.99,USD,klarna,fedex,
7956,Pending,1344.95,USD,google_pay,ups,
7957,Delivered,278.99,GBP,paypal,express,
7958,Shipped,558.99,GBP,google_pay,dhl,
7959,Cancelled,828.99,GBP,klarna,ups,
7960,Pending,500.99,GBP,paypal,economy,
7961,Delivered,103.95,EUR,bank_transfer,standard,
7962,Cancelled,105.95,GBP,debit_card,fedex,
7963,Processing,639.95,EUR,debit_card,overnight,
7964,Pending,1335.95,GBP,bank_transfer,overnight,
7965,Returned,1038.95,EUR,google_pay,overnight,
7966,Shipped,1401.95,USD,bank_transfer,dhl,
7967,Processing,1454.99,USD,debit_card,express,
7968,Processing,1351.95,USD,klarna,pickup_point,
7969,Pending,863.99,USD,bank_transfer,overnight,
7970,Shipped,1063.95,EUR,debit_card,fedex,
7971,Delivered,651.99,GBP,credit_card,overnight,
7972,Returned,97.95,EUR,paypal,ups,
7973,Cancelled,430.95,USD,paypal,ups,
7974,Refunded,1047.95,EUR,klarna,dhl,
7975,Processing,1310.99,USD,paypal,fedex,
7976,Shipped,875.99,GBP,credit_card,express,
7977,Processing,649.99,EUR,debit_card,pickup_point,Please leave at front door
7978,Delivered,1395.95,USD,bank_transfer,pickup_point,
7979,Pending,622.99,USD,paypal,overnight,
7980,Cancelled,984.99,GBP,apple_pay,pickup_point,
7981,Cancelled,963.99,GBP,paypal,overnight,
7982,Delivered,354.95,USD,klarna,overnight,
7983,Processing,269.99,EUR,paypal,standard,
7984,Shipped,222.99,EUR,klarna,fedex,
7985,Pending,626.99,GBP,credit_card,fedex,
7986,Refunded,231.99,GBP,apple_pay,overnight,
7987,Returned,594.95,GBP,bank_transfer,dhl,
7988,Processing,1282.95,USD,google_pay,ups,
7989,Refunded,1329.95,EUR,klarna,dhl,
7990,Shipped,491.95,EUR,apple_pay,fedex,
7991,Processing,883.99,USD,debit_card,dhl,
7992,Shipped,287.95,GBP,google_pay,overnight,
7993,Refunded,1034.99,GBP,credit_card,pickup_point,
7994,Cancelled,1233.95,EUR,bank_transfer,ups,
7995,Refunded,431.95,GBP,debit_card,ups,
7996,Pending,1244.95,USD,apple_pay,standard,
7997,Refunded,1008.95,GBP,paypal,ups,
7998,Pending,228.99,GBP,klarna,overnight,
7999,Delivered,952.95,EUR,debit_card,dhl,
8000,Pending,179.99,GBP,paypal,overnight,
8001,Shipped,544.95,USD,apple_pay,express,
8002,Processing,321.95,EUR,bank_transfer,overnight,
8003,Pending,79.99,GBP,credit_card,overnight,
8004,Shipped,56.95,USD,klarna,standard,
8005,Processing,1458.99,EUR,paypal,express,
8006,Pending,753.95,USD,paypal,pickup_point,
8007,Shipped,934.95,GBP,paypal,ups,
8008,Pending,491.95,USD,bank_transfer,overnight,Signature required
8009,Processing,447.95,GBP,bank_transfer,pickup_point,
8010,Cancelled,169.95,GBP,paypal,express,
8011,Refunded,1229.99,USD,paypal,fedex,
8012,Cancelled,1466.99,EUR,google_pay,economy,
8013,Refunded,1381.99,USD,credit_card,overnight,
8014,Delivered,1482.95,USD,bank_transfer,express,
8015,Pending,134.95,GBP,google_pay,pickup_point,
8016,Delivered,420.95,GBP,google_pay,standard,Ring doorbell twice
8017,Refunded,440.95,USD,credit_card,pickup_point,
8018,Cancelled,1075.99,GBP,google_pay,dhl,
8019,Delivered,1475.99,GBP,klarna,ups,
8020,Shipped,947.99,USD,google_pay,fedex,
8021,Refunded,1314.99,USD,bank_transfer,economy,
8022,Returned,596.95,EUR,apple_pay,dhl,
8023,Refunded,1151.99,EUR,paypal,fedex,
8024,Returned,1243.99,USD,google_pay,overnight,
8025,Delivered,684.95,USD,bank_transfer,overnight,
8026,Pending,1433.99,GBP,paypal,overnight,
8027,Pending,623.99,GBP,debit_card,express,
8028,Refunded,356.95,USD,credit_card,standard,
8029,Delivered,339.99,USD,klarna,fedex,
8030,Delivered,599.99,GBP,google_pay,standard,
8031,Processing,66.95,EUR,debit_card,express,
8032,Refunded,822.99,USD,paypal,overnight,
8033,Returned,141.95,GBP,apple_pay,fedex,
8034,Processing,1140.99,USD,credit_card,dhl,Please pack carefully
8035,Returned,81.99,GBP,bank_transfer,pickup_point,
8036,Cancelled,54.95,EUR,apple_pay,dhl,
8037,Pending,1338.99,EUR,klarna,ups,
8038,Delivered,714.99,GBP,credit_card,overnight,
8039,Delivered,123.95,USD,credit_card,standard,
8040,Refunded,255.99,USD,bank_transfer,express,
8041,Pending,1472.95,USD,klarna,economy,
8042,Cancelled,23.99,USD,debit_card,dhl,
8043,Shipped,1086.95,GBP,klarna,standard,
8044,Refunded,454.95,GBP,apple_pay,dhl,
8045,Cancelled,807.99,EUR,paypal,pickup_point,
8046,Refunded,925.95,USD,bank_transfer,overnight,
8047,Shipped,341.95,GBP,bank_transfer,standard,
8048,Refunded,577.95,GBP,klarna,fedex,
8049,Delivered,1099.99,USD,google_pay,express,
8050,Returned,568.95,EUR,apple_pay,overnight,
8051,Pending,431.95,GBP,credit_card,dhl,
8052,Cancelled,379.95,EUR,bank_transfer,economy,
8053,Delivered,968.99,EUR,paypal,ups,
8054,Cancelled,908.95,USD,paypal,dhl,
8055,Cancelled,834.95,USD,google_pay,overnight,
8056,Pending,113.95,GBP,apple_pay,ups,
8057,Pending,582.95,GBP,bank_transfer,express,
8058,Returned,59.99,USD,paypal,economy,
8059,Returned,211.95,USD,credit_card,overnight,
8060,Shipped,920.95,EUR,bank_transfer,express,
8061,Processing,1344.95,USD,google_pay,standard,
8062,Shipped,634.95,USD,credit_card,express,
8063,Returned,1266.95,GBP,debit_card,pickup_point,
8064,Processing,990.99,EUR,klarna,express,
8065,Pending,1202.99,GBP,google_pay,economy,
8066,Cancelled,415.95,USD,apple_pay,dhl,
8067,Delivered,1328.95,USD,google_pay,overnight,
8068,Delivered,1121.95,USD,google_pay,overnight,
8069,Cancelled,417.99,GBP,debit_card,pickup_point,
8070,Shipped,1180.95,USD,klarna,economy,
8071,Delivered,755.99,GBP,paypal,fedex,Do not leave in direct sunlight
8072,Refunded,937.99,USD,bank_transfer,standard,
8073,Delivered,1043.99,USD,google_pay,fedex,
8074,Delivered,1122.99,EUR,debit_card,standard,
8075,Delivered,510.99,GBP,paypal,dhl,
8076,Delivered,1423.99,USD,debit_card,economy,
8077,Refunded,535.99,GBP,bank_transfer,standard,
8078,Pending,694.99,EUR,klarna,pickup_point,
8079,Processing,1121.99,GBP,credit_card,express,
8080,Shipped,478.99,GBP,klarna,economy,
8081,Delivered,667.99,GBP,klarna,express,
8082,Returned,579.99,EUR,paypal,dhl,
8083,Refunded,1404.95,EUR,klarna,fedex,
8084,Pending,313.99,GBP,paypal,standard,
8085,Processing,132.95,EUR,apple_pay,standard,
8086,Refunded,1105.95,EUR,klarna,ups,
8087,Pending,843.95,GBP,paypal,dhl,
8088,Processing,14.95,EUR,klarna,dhl,
8089,Cancelled,292.95,EUR,apple_pay,express,
8090,Shipped,772.95,GBP,debit_card,standard,
8091,Refunded,602.99,GBP,credit_card,express,
8092,Returned,209.95,EUR,google_pay,ups,
8093,Processing,1389.99,EUR,google_pay,pickup_point,
8094,Processing,1078.99,USD,bank_transfer,fedex,
8095,Delivered,1215.95,EUR,debit_card,economy,
8096,Returned,255.99,USD,paypal,fedex,
8097,Shipped,757.95,EUR,klarna,overnight,
8098,Processing,124.95,USD,klarna,express,
8099,Refunded,682.99,GBP,apple_pay,economy,
8100,Cancelled,838.95,GBP,apple_pay,express,
8101,Delivered,1399.95,EUR,paypal,pickup_point,
8102,Pending,1396.95,USD,debit_card,overnight,
8103,Cancelled,1078.95,USD,klarna,pickup_point,
8104,Refunded,506.95,GBP,debit_card,dhl,
8105,Pending,58.95,EUR,credit_card,overnight,
8106,Pending,999.99,EUR,klarna,pickup_point,
8107,Processing,1479.95,GBP,bank_transfer,express,
8108,Refunded,967.99,USD,google_pay,fedex,
8109,Returned,1445.95,USD,google_pay,economy,
8110,Returned,1466.99,EUR,google_pay,overnight,
8111,Refunded,737.95,USD,debit_card,express,
8112,Delivered,1091.99,EUR,bank_transfer,overnight,
8113,Returned,1362.95,GBP,bank_transfer,economy,
8114,Delivered,257.95,USD,paypal,pickup_point,
8115,Processing,314.99,EUR,klarna,overnight,
8116,Shipped,41.99,EUR,credit_card,dhl,
8117,Processing,1407.99,GBP,google_pay,standard,
8118,Refunded,84.95,EUR,paypal,pickup_point,
8119,Pending,640.95,USD,klarna,express,
8120,Shipped,652.99,EUR,klarna,pickup_point,
8121,Processing,543.99,USD,debit_card,economy,
8122,Pending,1072.99,USD,klarna,fedex,
8123,Pending,825.95,USD,google_pay,fedex,
8124,Cancelled,400.99,GBP,klarna,dhl,
8125,Delivered,555.95,USD,paypal,express,
8126,Returned,1296.99,USD,debit_card,express,
8127,Delivered,1459.99,GBP,bank_transfer,fedex,
8128,Delivered,1215.95,GBP,klarna,economy,
8129,Refunded,820.99,USD,google_pay,pickup_point,
8130,Refunded,546.99,GBP,credit_card,dhl,
8131,Returned,858.95,EUR,klarna,overnight,Signature required
8132,Cancelled,1016.99,GBP,paypal,express,
8133,Refunded,952.99,USD,debit_card,pickup_point,
8134,Refunded,1244.95,EUR,paypal,pickup_point,
8135,Cancelled,550.95,EUR,klarna,economy,
8136,Pending,992.95,GBP,apple_pay,economy,
8137,Cancelled,100.99,USD,credit_card,ups,
8138,Shipped,1440.99,GBP,apple_pay,pickup_point,
8139,Refunded,179.99,GBP,apple_pay,standard,
8140,Refunded,944.95,GBP,google_pay,express,
8141,Pending,93.95,EUR,bank_transfer,pickup_point,
8142,Returned,822.99,GBP,google_pay,economy,
8143,Delivered,1094.95,EUR,apple_pay,pickup_point,
8144,Delivered,830.99,GBP,google_pay,express,
8145,Cancelled,983.99,EUR,google_pay,dhl,
8146,Pending,825.95,GBP,credit_card,pickup_point,
8147,Refunded,202.95,GBP,klarna,pickup_point,
8148,Refunded,36.95,GBP,paypal,express,
8149,Cancelled,195.99,EUR,debit_card,express,Gift wrapping requested
8150,Processing,965.95,USD,credit_card,dhl,
8151,Returned,1328.99,EUR,credit_card,express,
8152,Processing,891.95,EUR,klarna,economy,
8153,Shipped,1403.95,GBP,apple_pay,overnight,
8154,Processing,1025.95,USD,credit_card,pickup_point,
8155,Pending,1222.95,GBP,credit_card,express,
8156,Pending,1004.99,USD,klarna,dhl,
8157,Pending,1202.99,GBP,google_pay,economy,
8158,Refunded,174.99,EUR,bank_transfer,fedex,
8159,Cancelled,557.99,USD,credit_card,dhl,
8160,Refunded,742.95,EUR,paypal,express,
8161,Delivered,329.99,GBP,apple_pay,fedex,
8162,Returned,1101.99,GBP,apple_pay,economy,
8163,Returned,369.95,GBP,debit_card,overnight,
8164,Delivered,1249.99,EUR,paypal,overnight,
8165,Delivered,1492.95,EUR,credit_card,fedex,
8166,Pending,565.99,USD,google_pay,ups,
8167,Returned,1305.95,USD,paypal,fedex,
8168,Refunded,442.95,GBP,klarna,express,
8169,Cancelled,114.95,USD,bank_transfer,ups,
8170,Processing,330.99,GBP,debit_card,economy,
8171,Delivered,399.95,EUR,paypal,express,
8172,Cancelled,254.95,EUR,paypal,overnight,
8173,Cancelled,819.95,EUR,paypal,dhl,
8174,Shipped,774.99,EUR,klarna,express,
8175,Pending,772.95,EUR,debit_card,pickup_point,
8176,Pending,55.95,EUR,debit_card,economy,
8177,Refunded,1232.99,GBP,apple_pay,economy,
8178,Delivered,1360.95,GBP,debit_card,standard,
8179,Delivered,1109.99,GBP,paypal,fedex,
8180,Returned,1250.99,EUR,credit_card,overnight,
8181,Pending,988.99,GBP,paypal,pickup_point,
8182,Shipped,491.99,EUR,credit_card,fedex,
8183,Returned,1420.95,EUR,debit_card,express,
8184,Delivered,997.99,GBP,paypal,express,
8185,Shipped,433.95,EUR,credit_card,pickup_point,
8186,Pending,598.99,USD,apple_pay,overnight,
8187,Cancelled,1074.99,USD,paypal,dhl,
8188,Delivered,100.99,EUR,paypal,fedex,
8189,Returned,707.95,EUR,klarna,overnight,
8190,Pending,835.95,USD,debit_card,economy,
8191,Returned,1157.99,GBP,debit_card,overnight,
8192,Cancelled,1259.95,EUR,debit_card,express,
8193,Processing,629.99,GBP,apple_pay,pickup_point,
8194,Processing,403.99,USD,debit_card,express,
8195,Processing,845.95,GBP,paypal,fedex,
8196,Returned,574.95,GBP,google_pay,ups,
8197,Pending,543.95,USD,credit_card,economy,
8198,Returned,1048.99,GBP,apple_pay,fedex,
8199,Delivered,1462.99,EUR,debit_card,standard,
8200,Cancelled,376.99,USD,paypal,fedex,
8201,Cancelled,696.95,EUR,credit_card,pickup_point,
8202,Shipped,332.99,GBP,debit_card,economy,
8203,Returned,1146.95,EUR,apple_pay,dhl,
8204,Cancelled,273.99,EUR,paypal,economy,
8205,Refunded,56.99,USD,apple_pay,pickup_point,
8206,Pending,1186.99,EUR,google_pay,economy,
8207,Shipped,1269.95,USD,debit_card,economy,
8208,Delivered,794.95,GBP,klarna,fedex,
8209,Refunded,902.95,USD,bank_transfer,fedex,Please pack carefully
8210,Cancelled,1149.99,EUR,google_pay,overnight,
8211,Processing,1455.95,USD,bank_transfer,ups,Business address
8212,Pending,1044.99,GBP,klarna,pickup_point,
8213,Processing,324.99,USD,klarna,dhl,
8214,Cancelled,328.95,GBP,debit_card,pickup_point,
8215,Delivered,792.99,EUR,debit_card,standard,
8216,Pending,727.99,USD,credit_card,dhl,
8217,Pending,219.95,EUR,credit_card,overnight,
8218,Pending,269.99,USD,google_pay,fedex,
8219,Processing,698.95,EUR,paypal,economy,
8220,Delivered,1046.95,EUR,credit_card,economy,
8221,Cancelled,819.95,USD,klarna,economy,
8222,Processing,372.99,GBP,credit_card,ups,
8223,Refunded,1208.95,GBP,google_pay,dhl,
8224,Shipped,518.99,GBP,paypal,ups,
8225,Delivered,161.99,EUR,debit_card,standard,
8226,Delivered,614.99,EUR,apple_pay,pickup_point,
8227,Processing,446.99,GBP,bank_transfer,ups,
8228,Returned,59.99,EUR,google_pay,fedex,
8229,Pending,861.99,EUR,paypal,fedex,Please pack carefully
8230,Refunded,553.99,EUR,debit_card,standard,
8231,Cancelled,901.95,GBP,bank_transfer,standard,
8232,Processing,229.95,EUR,google_pay,ups,
8233,Refunded,607.99,GBP,credit_card,overnight,
8234,Refunded,55.99,EUR,paypal,ups,
8235,Refunded,683.95,USD,apple_pay,fedex,
8236,Returned,1167.95,EUR,paypal,economy,
8237,Processing,493.99,EUR,apple_pay,dhl,
8238,Processing,1352.95,GBP,klarna,pickup_point,
8239,Returned,481.99,USD,klarna,ups,
8240,Processing,435.99,GBP,credit_card,standard,
8241,Cancelled,415.99,GBP,klarna,fedex,
8242,Pending,406.99,USD,google_pay,pickup_point,
8243,Refunded,545.99,EUR,klarna,economy,
8244,Processing,145.95,USD,apple_pay,fedex,
8245,Pending,994.99,GBP,apple_pay,economy,
8246,Shipped,233.95,GBP,credit_card,overnight,
8247,Processing,331.99,USD,google_pay,overnight,
8248,Refunded,31.95,USD,debit_card,economy,
8249,Returned,965.99,EUR,google_pay,express,
8250,Refunded,1406.95,USD,debit_card,economy,
8251,Processing,938.95,USD,klarna,economy,
8252,Processing,589.99,GBP,apple_pay,economy,
8253,Refunded,1467.95,USD,klarna,fedex,
8254,Returned,465.95,GBP,bank_transfer,overnight,
8255,Processing,626.99,USD,klarna,pickup_point,
8256,Delivered,1366.99,EUR,apple_pay,fedex,
8257,Refunded,735.95,EUR,debit_card,standard,
8258,Pending,448.95,GBP,credit_card,standard,
8259,Shipped,1283.99,USD,apple_pay,standard,
8260,Delivered,1323.95,USD,debit_card,economy,
8261,Pending,392.95,USD,google_pay,standard,
8262,Returned,1403.95,EUR,klarna,dhl,
8263,Refunded,862.99,USD,apple_pay,economy,
8264,Returned,1301.99,USD,klarna,express,
8265,Shipped,82.99,USD,credit_card,fedex,
8266,Shipped,37.95,GBP,google_pay,fedex,
8267,Pending,1055.95,GBP,credit_card,economy,
8268,Delivered,420.95,GBP,klarna,dhl,
8269,Shipped,774.95,EUR,apple_pay,ups,
8270,Pending,1463.95,EUR,klarna,overnight,
8271,Cancelled,345.99,USD,klarna,dhl,
8272,Refunded,1385.99,GBP,apple_pay,pickup_point,
8273,Processing,1412.95,GBP,bank_transfer,ups,
8274,Pending,406.95,GBP,klarna,dhl,
8275,Cancelled,1194.95,USD,paypal,economy,
8276,Cancelled,1195.95,GBP,apple_pay,ups,
8277,Cancelled,426.99,GBP,apple_pay,dhl,
8278,Returned,764.99,EUR,apple_pay,overnight,
8279,Pending,1089.95,GBP,credit_card,standard,
8280,Returned,1024.99,EUR,debit_card,overnight,
8281,Refunded,934.99,GBP,klarna,dhl,
8282,Delivered,1046.99,GBP,paypal,ups,
8283,Pending,91.99,USD,klarna,express,
8284,Delivered,960.95,EUR,apple_pay,ups,
8285,Processing,1190.99,GBP,credit_card,express,
8286,Processing,894.99,USD,bank_transfer,fedex,
8287,Cancelled,1355.95,GBP,google_pay,dhl,
8288,Delivered,857.95,USD,klarna,dhl,
8289,Cancelled,62.99,EUR,paypal,standard,
8290,Processing,1211.99,GBP,credit_card,economy,
8291,Cancelled,22.99,USD,debit_card,overnight,Gift wrapping requested
8292,Cancelled,1075.95,EUR,google_pay,overnight,
8293,Shipped,252.99,EUR,apple_pay,dhl,
8294,Delivered,884.99,EUR,apple_pay,fedex,
8295,Pending,973.95,USD,debit_card,express,
8296,Returned,969.95,USD,google_pay,fedex,
8297,Delivered,762.95,EUR,google_pay,overnight,
8298,Processing,1485.95,USD,bank_transfer,express,
8299,Returned,841.99,USD,credit_card,standard,
8300,Shipped,745.95,GBP,google_pay,economy,
8301,Delivered,867.99,EUR,klarna,express,
8302,Cancelled,616.99,USD,paypal,economy,
8303,Pending,62.99,EUR,credit_card,economy,Please leave at front door
8304,Processing,1328.99,USD,apple_pay,ups,
8305,Returned,1167.99,EUR,debit_card,fedex,
8306,Pending,1044.95,GBP,paypal,standard,
8307,Refunded,1046.99,USD,paypal,overnight,
8308,Processing,1066.99,USD,debit_card,standard,
8309,Delivered,169.95,GBP,apple_pay,dhl,
8310,Processing,707.99,USD,credit_card,standard,
8311,Returned,190.99,USD,credit_card,pickup_point,
8312,Cancelled,715.99,EUR,debit_card,overnight,
8313,Refunded,1062.95,EUR,bank_transfer,express,
8314,Delivered,750.95,USD,paypal,dhl,
8315,Cancelled,1241.99,USD,apple_pay,ups,
8316,Cancelled,586.95,EUR,klarna,economy,
8317,Delivered,1378.99,EUR,debit_card,dhl,
8318,Pending,1310.99,USD,klarna,express,
8319,Refunded,844.95,EUR,google_pay,dhl,
8320,Processing,1445.99,EUR,google_pay,overnight,
8321,Pending,196.95,USD,paypal,ups,Business address
8322,Delivered,1476.99,EUR,bank_transfer,ups,
8323,Refunded,1341.99,GBP,apple_pay,express,
8324,Delivered,227.95,USD,bank_transfer,overnight,
8325,Cancelled,1040.99,GBP,paypal,pickup_point,
8326,Pending,691.95,USD,google_pay,dhl,
8327,Refunded,960.99,EUR,credit_card,ups,
8328,Cancelled,76.99,GBP,google_pay,dhl,
8329,Returned,381.99,GBP,paypal,overnight,
8330,Cancelled,1217.99,GBP,credit_card,ups,
8331,Delivered,465.99,USD,bank_transfer,standard,
8332,Cancelled,1159.95,GBP,paypal,overnight,
8333,Refunded,638.95,EUR,paypal,pickup_point,
8334,Pending,146.95,GBP,klarna,express,
8335,Pending,1069.99,GBP,google_pay,dhl,
8336,Returned,559.99,GBP,apple_pay,fedex,
8337,Cancelled,254.95,GBP,apple_pay,economy,
8338,Refunded,1373.99,GBP,apple_pay,fedex,
8339,Shipped,266.95,GBP,apple_pay,fedex,
8340,Cancelled,440.95,EUR,apple_pay,pickup_point,
8341,Refunded,166.99,EUR,paypal,standard,
8342,Pending,1435.95,EUR,klarna,ups,
8343,Returned,1030.99,USD,apple_pay,ups,
8344,Refunded,183.99,GBP,apple_pay,standard,
8345,Shipped,145.99,USD,apple_pay,dhl,
8346,Refunded,1466.99,USD,paypal,dhl,
8347,Pending,552.99,GBP,bank_transfer,dhl,
8348,Shipped,1163.95,EUR,debit_card,express,
8349,Delivered,1179.95,USD,debit_card,ups,
8350,Processing,703.99,EUR,paypal,fedex,
8351,Delivered,737.95,GBP,apple_pay,overnight,
8352,Processing,595.95,USD,klarna,dhl,
8353,Returned,397.95,GBP,credit_card,dhl,
8354,Cancelled,262.95,USD,credit_card,fedex,
8355,Pending,1191.99,USD,credit_card,standard,
8356,Pending,356.95,EUR,klarna,pickup_point,
8357,Returned,495.95,GBP,debit_card,fedex,
8358,Returned,112.95,EUR,debit_card,pickup_point,
8359,Refunded,931.99,EUR,bank_transfer,economy,
8360,Shipped,1395.99,USD,google_pay,ups,
8361,Returned,1238.99,GBP,credit_card,fedex,
8362,Cancelled,808.99,GBP,debit_card,standard,
8363,Returned,541.99,USD,paypal,pickup_point,
8364,Pending,741.95,GBP,debit_card,pickup_point,
8365,Shipped,367.99,EUR,paypal,pickup_point,
8366,Refunded,347.95,USD,credit_card,express,
8367,Returned,1305.95,EUR,apple_pay,pickup_point,
8368,Processing,886.99,GBP,bank_transfer,economy,
8369,Processing,1193.99,GBP,apple_pay,pickup_point,
8370,Shipped,1051.95,EUR,bank_transfer,standard,
8371,Cancelled,1423.99,GBP,paypal,pickup_point,
8372,Cancelled,1429.95,USD,debit_card,economy,
8373,Refunded,1338.95,GBP,klarna,overnight,
8374,Delivered,672.99,EUR,credit_card,pickup_point,
8375,Shipped,436.95,USD,apple_pay,express,
8376,Pending,1023.95,EUR,debit_card,express,
8377,Shipped,676.95,GBP,paypal,dhl,
8378,Pending,680.95,USD,bank_transfer,overnight,
8379,Shipped,1006.99,USD,google_pay,express,
8380,Processing,838.99,EUR,paypal,overnight,
8381,Shipped,1278.99,USD,credit_card,standard,
8382,Cancelled,1268.99,GBP,google_pay,ups,
8383,Refunded,1391.95,EUR,credit_card,pickup_point,
8384,Shipped,574.99,USD,bank_transfer,express,
8385,Returned,927.99,USD,google_pay,fedex,
8386,Returned,1288.95,GBP,apple_pay,dhl,
8387,Returned,485.95,USD,apple_pay,express,
8388,Delivered,836.99,USD,paypal,ups,
8389,Shipped,1117.95,GBP,klarna,express,
8390,Processing,395.99,EUR,debit_card,standard,
8391,Shipped,1280.95,EUR,credit_card,express,
8392,Shipped,1339.99,GBP,google_pay,overnight,
8393,Pending,1198.99,USD,debit_card,standard,
8394,Processing,1357.95,EUR,google_pay,fedex,
8395,Processing,915.99,EUR,debit_card,overnight,
8396,Cancelled,1069.99,USD,google_pay,overnight,
8397,Shipped,655.95,GBP,google_pay,economy,
8398,Processing,1144.95,EUR,debit_card,express,
8399,Processing,1115.99,GBP,bank_transfer,standard,
8400,Delivered,158.95,USD,apple_pay,standard,
8401,Shipped,773.95,GBP,credit_card,overnight,
8402,Refunded,1266.99,USD,debit_card,standard,
8403,Refunded,1449.99,EUR,debit_card,ups,
8404,Cancelled,1378.99,GBP,google_pay,pickup_point,
8405,Delivered,1482.95,EUR,google_pay,overnight,
8406,Processing,391.99,GBP,google_pay,express,
8407,Delivered,343.99,USD,klarna,dhl,
8408,Shipped,892.99,USD,credit_card,overnight,
8409,Processing,503.99,GBP,apple_pay,express,
8410,Processing,1331.99,USD,credit_card,ups,
8411,Processing,274.95,GBP,apple_pay,dhl,
8412,Processing,598.95,EUR,bank_transfer,dhl,
8413,Shipped,412.95,GBP,klarna,pickup_point,
8414,Processing,239.95,USD,paypal,standard,
8415,Shipped,1214.99,EUR,bank_transfer,dhl,
8416,Refunded,170.95,EUR,credit_card,fedex,
8417,Delivered,730.99,GBP,paypal,fedex,
8418,Delivered,798.95,GBP,paypal,express,
8419,Cancelled,748.99,GBP,debit_card,fedex,
8420,Returned,768.95,EUR,bank_transfer,pickup_point,
8421,Cancelled,284.99,USD,google_pay,economy,Leave with neighbor if not home
8422,Returned,347.95,USD,paypal,pickup_point,
8423,Processing,239.95,GBP,bank_transfer,dhl,
8424,Refunded,827.95,USD,apple_pay,pickup_point,
8425,Returned,664.99,USD,google_pay,pickup_point,
8426,Refunded,786.99,GBP,bank_transfer,fedex,
8427,Processing,500.95,GBP,apple_pay,express,
8428,Delivered,1414.95,GBP,debit_card,standard,Do not leave in direct sunlight
8429,Refunded,1269.95,USD,credit_card,standard,
8430,Shipped,1153.99,EUR,paypal,standard,Please pack carefully
8431,Pending,607.99,EUR,debit_card,dhl,
8432,Cancelled,867.95,GBP,debit_card,express,
8433,Returned,70.95,USD,credit_card,standard,
8434,Delivered,23.95,GBP,klarna,dhl,
8435,Cancelled,19.95,GBP,debit_card,express,
8436,Shipped,1103.95,GBP,bank_transfer,dhl,
8437,Refunded,505.95,GBP,bank_transfer,ups,
8438,Processing,593.99,USD,paypal,fedex,
8439,Processing,1049.99,USD,apple_pay,dhl,
8440,Delivered,818.95,USD,apple_pay,overnight,
8441,Cancelled,891.95,USD,klarna,dhl,
8442,Cancelled,42.95,USD,google_pay,fedex,
8443,Cancelled,851.99,EUR,google_pay,overnight,
8444,Returned,652.95,EUR,debit_card,fedex,
8445,Pending,225.99,GBP,klarna,pickup_point,
8446,Cancelled,1448.95,USD,klarna,fedex,
8447,Returned,350.95,EUR,paypal,overnight,
8448,Cancelled,891.95,GBP,google_pay,ups,
8449,Delivered,78.95,GBP,bank_transfer,fedex,
8450,Processing,909.95,GBP,bank_transfer,ups,
8451,Refunded,323.95,USD,debit_card,pickup_point,
8452,Cancelled,329.99,USD,google_pay,fedex,
8453,Shipped,128.95,EUR,paypal,ups,
8454,Delivered,356.95,EUR,debit_card,standard,
8455,Cancelled,858.95,USD,bank_transfer,fedex,
8456,Processing,1353.99,USD,debit_card,standard,
8457,Delivered,682.95,EUR,paypal,dhl,
8458,Pending,1495.99,GBP,google_pay,standard,
8459,Returned,914.99,GBP,paypal,economy,
8460,Cancelled,194.99,GBP,klarna,ups,
8461,Cancelled,461.99,GBP,bank_transfer,pickup_point,
8462,Delivered,416.99,USD,credit_card,ups,
8463,Refunded,1278.99,GBP,credit_card,standard,
8464,Processing,631.99,GBP,klarna,fedex,
8465,Delivered,1308.95,USD,debit_card,economy,
8466,Delivered,224.99,GBP,google_pay,overnight,
8467,Processing,507.99,EUR,paypal,economy,
8468,Refunded,137.99,GBP,google_pay,express,
8469,Pending,1484.99,GBP,credit_card,economy,
8470,Shipped,742.95,EUR,apple_pay,dhl,
8471,Pending,988.99,EUR,google_pay,express,
8472,Pending,551.99,GBP,bank_transfer,pickup_point,
8473,Delivered,378.99,USD,google_pay,economy,
8474,Delivered,925.99,GBP,bank_transfer,economy,
8475,Returned,1100.95,GBP,credit_card,overnight,
8476,Cancelled,1458.99,EUR,klarna,overnight,
8477,Delivered,743.95,EUR,google_pay,dhl,
8478,Cancelled,978.95,EUR,credit_card,pickup_point,
8479,Shipped,1154.99,GBP,paypal,ups,
8480,Cancelled,458.95,GBP,paypal,fedex,Fragile - handle with care
8481,Pending,1447.95,EUR,debit_card,express,
8482,Refunded,291.95,GBP,debit_card,dhl,
8483,Shipped,940.99,EUR,debit_card,ups,
8484,Shipped,463.99,GBP,debit_card,pickup_point,
8485,Cancelled,1119.99,GBP,paypal,economy,
8486,Pending,66.95,GBP,paypal,overnight,
8487,Pending,1092.99,EUR,paypal,overnight,
8488,Refunded,1487.99,USD,google_pay,dhl,
8489,Shipped,602.99,EUR,apple_pay,ups,
8490,Shipped,278.99,USD,apple_pay,standard,
8491,Pending,963.99,GBP,paypal,economy,
8492,Cancelled,1275.99,USD,apple_pay,economy,
8493,Cancelled,1002.99,USD,credit_card,overnight,
8494,Returned,417.99,EUR,bank_transfer,fedex,
8495,Pending,1128.95,EUR,credit_card,overnight,
8496,Processing,1134.99,EUR,debit_card,economy,
8497,Shipped,147.99,GBP,apple_pay,ups,
8498,Returned,544.99,USD,bank_transfer,pickup_point,
8499,Processing,634.95,GBP,apple_pay,ups,Business address
8500,Returned,1349.95,USD,bank_transfer,standard,
8501,Shipped,64.95,GBP,bank_transfer,overnight,
8502,Cancelled,1197.99,EUR,apple_pay,dhl,
8503,Processing,592.99,USD,apple_pay,overnight,
8504,Refunded,1000.95,GBP,paypal,express,
8505,Shipped,40.99,EUR,google_pay,pickup_point,
8506,Processing,751.95,EUR,klarna,overnight,
8507,Shipped,299.95,USD,bank_transfer,fedex,
8508,Cancelled,1203.95,USD,apple_pay,fedex,
8509,Processing,800.99,GBP,debit_card,dhl,
8510,Processing,676.99,GBP,paypal,economy,
8511,Refunded,220.95,EUR,debit_card,overnight,
8512,Pending,1013.99,USD,paypal,standard,
8513,Cancelled,526.95,EUR,credit_card,dhl,
8514,Refunded,267.99,GBP,credit_card,overnight,
8515,Refunded,1237.99,EUR,credit_card,express,
8516,Cancelled,456.99,USD,debit_card,economy,
8517,Delivered,1449.99,EUR,apple_pay,fedex,
8518,Shipped,557.95,USD,debit_card,dhl,
8519,Cancelled,112.99,GBP,paypal,express,
8520,Cancelled,619.99,USD,google_pay,standard,
8521,Processing,1123.95,USD,debit_card,ups,
8522,Cancelled,946.99,GBP,apple_pay,ups,
8523,Processing,878.95,EUR,klarna,standard,
8524,Cancelled,765.95,USD,klarna,express,
8525,Delivered,379.95,EUR,paypal,standard,
8526,Delivered,374.99,USD,credit_card,economy,
8527,Cancelled,727.99,EUR,bank_transfer,standard,
8528,Processing,1249.95,GBP,klarna,fedex,
8529,Pending,653.99,GBP,paypal,standard,
8530,Shipped,1304.95,EUR,debit_card,economy,
8531,Cancelled,1169.99,EUR,klarna,express,Fragile - handle with care
8532,Cancelled,1301.95,GBP,credit_card,economy,Business address
8533,Cancelled,882.99,EUR,apple_pay,standard,
8534,Pending,1105.95,EUR,bank_transfer,standard,
8535,Delivered,931.99,GBP,credit_card,overnight,
8536,Delivered,406.95,GBP,klarna,dhl,
8537,Pending,287.95,GBP,google_pay,pickup_point,
8538,Delivered,1309.95,EUR,google_pay,pickup_point,
8539,Delivered,977.95,EUR,paypal,fedex,
8540,Delivered,1431.95,GBP,bank_transfer,overnight,
8541,Delivered,1032.95,USD,credit_card,ups,
8542,Pending,282.95,USD,bank_transfer,economy,
8543,Processing,494.99,EUR,debit_card,standard,
8544,Shipped,686.99,GBP,klarna,standard,
8545,Returned,1022.99,GBP,debit_card,dhl,
8546,Processing,364.95,USD,apple_pay,fedex,
8547,Processing,1481.95,GBP,bank_transfer,overnight,
8548,Pending,1470.95,EUR,paypal,overnight,
8549,Shipped,576.95,GBP,debit_card,standard,
8550,Pending,264.95,EUR,credit_card,ups,
8551,Cancelled,979.95,EUR,credit_card,economy,
8552,Refunded,1211.99,USD,debit_card,express,
8553,Processing,128.95,EUR,google_pay,economy,
8554,Processing,1085.99,USD,klarna,economy,
8555,Shipped,253.95,GBP,bank_transfer,economy,
8556,Shipped,1226.95,EUR,bank_transfer,ups,
8557,Shipped,857.99,USD,apple_pay,economy,Please pack carefully
8558,Delivered,93.99,GBP,klarna,overnight,
8559,Refunded,590.99,GBP,apple_pay,dhl,
8560,Pending,835.95,USD,apple_pay,economy,
8561,Refunded,795.99,USD,credit_card,fedex,
8562,Returned,1494.95,USD,bank_transfer,fedex,
8563,Returned,504.99,GBP,credit_card,pickup_point,
8564,Processing,166.95,GBP,debit_card,overnight,
8565,Cancelled,818.95,GBP,bank_transfer,ups,
8566,Pending,1264.95,EUR,credit_card,dhl,
8567,Processing,341.95,USD,credit_card,ups,
8568,Delivered,1445.95,EUR,google_pay,dhl,
8569,Cancelled,974.99,GBP,credit_card,economy,
8570,Processing,1021.99,USD,credit_card,dhl,
8571,Pending,729.95,GBP,google_pay,pickup_point,
8572,Pending,396.99,EUR,bank_transfer,express,
8573,Delivered,759.95,EUR,paypal,fedex,
8574,Cancelled,1139.95,GBP,google_pay,pickup_point,
8575,Processing,1254.99,USD,credit_card,fedex,
8576,Pending,725.99,EUR,klarna,ups,
8577,Shipped,724.99,EUR,credit_card,overnight,
8578,Delivered,1314.99,USD,klarna,ups,
8579,Cancelled,1168.95,EUR,klarna,pickup_point,
8580,Processing,924.95,GBP,apple_pay,ups,
8581,Pending,24.99,GBP,credit_card,ups,
8582,Returned,123.99,USD,debit_card,ups,
8583,Delivered,1199.99,GBP,credit_card,pickup_point,
8584,Processing,634.99,GBP,credit_card,express,
8585,Delivered,906.99,USD,debit_card,express,
8586,Processing,1029.95,USD,debit_card,overnight,Do not leave in direct sunlight
8587,Refunded,207.99,GBP,bank_transfer,dhl,
8588,Cancelled,40.99,GBP,apple_pay,express,
8589,Processing,953.95,USD,paypal,economy,
8590,Delivered,126.99,GBP,bank_transfer,express,
8591,Processing,809.95,GBP,bank_transfer,dhl,
8592,Delivered,947.99,EUR,credit_card,ups,
8593,Shipped,751.99,GBP,bank_transfer,ups,
8594,Cancelled,1373.95,GBP,credit_card,economy,
8595,Cancelled,1347.95,GBP,paypal,fedex,
8596,Cancelled,912.99,EUR,debit_card,pickup_point,
8597,Returned,1107.99,GBP,credit_card,express,
8598,Processing,583.95,EUR,google_pay,ups,
8599,Delivered,860.95,GBP,google_pay,fedex,
8600,Shipped,681.95,EUR,debit_card,overnight,
8601,Pending,329.99,USD,paypal,ups,
8602,Shipped,785.99,USD,google_pay,pickup_point,
8603,Refunded,1203.95,EUR,bank_transfer,overnight,
8604,Cancelled,1427.95,USD,apple_pay,fedex,
8605,Shipped,1436.99,USD,apple_pay,express,
8606,Refunded,722.95,GBP,klarna,fedex,
8607,Returned,1323.99,EUR,klarna,fedex,
8608,Pending,1383.99,EUR,debit_card,overnight,
8609,Returned,413.99,EUR,bank_transfer,dhl,
8610,Refunded,795.95,GBP,credit_card,express,
8611,Pending,203.99,USD,debit_card,fedex,
8612,Processing,1047.99,GBP,paypal,overnight,
8613,Pending,1055.95,EUR,google_pay,standard,
8614,Cancelled,920.95,USD,paypal,express,
8615,Processing,550.95,EUR,paypal,ups,
8616,Refunded,676.99,EUR,paypal,dhl,
8617,Refunded,1103.99,GBP,debit_card,economy,
8618,Refunded,42.95,EUR,apple_pay,overnight,
8619,Processing,621.95,EUR,paypal,express,
8620,Returned,138.95,USD,google_pay,express,
8621,Delivered,1053.95,EUR,google_pay,standard,
8622,Shipped,582.99,GBP,klarna,express,
8623,Returned,363.99,USD,credit_card,fedex,
8624,Cancelled,557.99,GBP,apple_pay,overnight,
8625,Shipped,1319.95,EUR,klarna,ups,
8626,Shipped,459.99,USD,paypal,standard,
8627,Shipped,413.95,GBP,google_pay,express,
8628,Cancelled,32.95,GBP,paypal,dhl,Business address
8629,Returned,843.95,USD,apple_pay,fedex,
8630,Delivered,697.95,EUR,paypal,express,
8631,Pending,300.95,EUR,google_pay,dhl,
8632,Shipped,1474.99,GBP,bank_transfer,overnight,
8633,Shipped,1182.95,GBP,debit_card,economy,
8634,Cancelled,398.95,USD,google_pay,dhl,
8635,Pending,253.95,USD,google_pay,economy,Please leave at front door
8636,Delivered,778.99,USD,debit_card,economy,
8637,Delivered,1191.99,EUR,bank_transfer,economy,
8638,Processing,711.99,EUR,google_pay,fedex,
8639,Cancelled,948.95,USD,bank_transfer,economy,
8640,Returned,393.99,USD,google_pay,dhl,Do not leave in direct sunlight
8641,Returned,357.95,GBP,google_pay,economy,
8642,Cancelled,385.95,GBP,debit_card,dhl,
8643,Returned,312.95,EUR,apple_pay,fedex,
8644,Pending,143.95,USD,google_pay,fedex,Please pack carefully
8645,Pending,734.95,GBP,debit_card,express,
8646,Cancelled,107.99,USD,debit_card,ups,
8647,Processing,147.99,GBP,paypal,pickup_point,
8648,Shipped,1251.99,GBP,bank_transfer,express,
8649,Cancelled,1374.95,GBP,apple_pay,economy,Signature required
8650,Returned,1200.95,GBP,google_pay,dhl,
8651,Returned,515.99,EUR,google_pay,economy,
8652,Refunded,1186.95,USD,apple_pay,ups,
8653,Shipped,1153.95,USD,bank_transfer,ups,
8654,Shipped,609.99,EUR,debit_card,economy,
8655,Pending,1390.99,EUR,google_pay,overnight,
8656,Refunded,169.99,USD,bank_transfer,express,
8657,Cancelled,857.99,EUR,apple_pay,economy,
8658,Processing,1480.99,USD,paypal,express,
8659,Returned,111.95,USD,credit_card,dhl,
8660,Processing,367.99,EUR,bank_transfer,standard,
8661,Pending,1072.95,EUR,apple_pay,economy,
8662,Delivered,1180.95,GBP,debit_card,pickup_point,
8663,Pending,576.99,EUR,google_pay,dhl,
8664,Delivered,1376.95,EUR,google_pay,dhl,
8665,Processing,1264.99,GBP,bank_transfer,dhl,
8666,Shipped,334.95,GBP,klarna,pickup_point,
8667,Delivered,430.95,USD,bank_transfer,express,Fragile - handle with care
8668,Delivered,579.99,USD,klarna,pickup_point,
8669,Processing,890.99,GBP,credit_card,dhl,
8670,Cancelled,1047.95,GBP,bank_transfer,overnight,
8671,Cancelled,1322.99,EUR,google_pay,pickup_point,
8672,Refunded,472.99,GBP,credit_card,express,
8673,Returned,1254.99,GBP,google_pay,express,
8674,Cancelled,428.95,EUR,debit_card,standard,Fragile - handle with care
8675,Shipped,106.95,GBP,apple_pay,ups,
8676,Refunded,1029.95,GBP,apple_pay,overnight,
8677,Returned,1344.95,EUR,bank_transfer,ups,
8678,Returned,417.95,EUR,klarna,economy,
8679,Refunded,1142.95,GBP,debit_card,express,
8680,Delivered,402.95,GBP,credit_card,economy,
8681,Refunded,1072.99,USD,bank_transfer,standard,Please pack carefully
8682,Pending,1224.95,GBP,credit_card,express,
8683,Refunded,889.99,EUR,debit_card,ups,
8684,Processing,1357.99,EUR,credit_card,overnight,
8685,Refunded,711.99,EUR,debit_card,overnight,
8686,Returned,638.95,GBP,google_pay,fedex,
8687,Returned,593.95,EUR,paypal,dhl,
8688,Returned,761.95,EUR,paypal,economy,
8689,Returned,1045.95,GBP,google_pay,standard,
8690,Returned,1209.95,GBP,klarna,ups,Leave with neighbor if not home
8691,Refunded,288.99,GBP,apple_pay,economy,
8692,Cancelled,434.99,EUR,apple_pay,pickup_point,
8693,Pending,13.95,EUR,debit_card,overnight,
8694,Returned,1481.95,GBP,apple_pay,overnight,
8695,Shipped,729.95,GBP,paypal,express,
8696,Pending,1223.99,EUR,debit_card,pickup_point,
8697,Refunded,355.99,GBP,bank_transfer,express,
8698,Refunded,1219.95,EUR,paypal,ups,
8699,Returned,127.95,GBP,bank_transfer,economy,
8700,Returned,40.95,GBP,apple_pay,standard,
8701,Processing,947.99,USD,debit_card,standard,
8702,Returned,1384.99,EUR,bank_transfer,standard,
8703,Returned,912.95,USD,bank_transfer,overnight,
8704,Delivered,393.99,EUR,klarna,dhl,
8705,Delivered,616.95,EUR,credit_card,standard,
8706,Cancelled,1424.99,USD,google_pay,ups,
8707,Refunded,681.95,EUR,google_pay,standard,
8708,Processing,178.95,GBP,google_pay,ups,
8709,Pending,97.99,USD,klarna,pickup_point,
8710,Pending,1383.95,USD,bank_transfer,standard,
8711,Processing,1316.95,USD,debit_card,ups,
8712,Delivered,962.95,GBP,apple_pay,express,
8713,Delivered,547.99,EUR,paypal,economy,Leave with neighbor if not home
8714,Cancelled,289.95,EUR,klarna,pickup_point,
8715,Processing,697.99,EUR,google_pay,economy,
8716,Delivered,682.99,USD,google_pay,express,
8717,Pending,298.99,EUR,bank_transfer,overnight,
8718,Cancelled,783.95,EUR,bank_transfer,ups,
8719,Returned,1167.95,GBP,google_pay,fedex,
8720,Pending,746.95,USD,paypal,standard,
8721,Refunded,384.95,GBP,paypal,standard,
8722,Pending,238.99,GBP,bank_transfer,overnight,
8723,Delivered,17.99,GBP,google_pay,standard,
8724,Returned,1402.95,EUR,credit_card,dhl,
8725,Delivered,1037.95,USD,apple_pay,ups,
8726,Shipped,653.99,USD,apple_pay,express,
8727,Pending,754.95,EUR,apple_pay,economy,
8728,Delivered,1445.99,EUR,apple_pay,standard,
8729,Returned,1443.95,EUR,debit_card,dhl,
8730,Refunded,902.99,USD,klarna,fedex,
8731,Cancelled,714.95,USD,credit_card,fedex,
8732,Processing,572.95,USD,debit_card,overnight,
8733,Delivered,1466.95,USD,google_pay,pickup_point,
8734,Pending,1038.95,USD,klarna,economy,
8735,Pending,1073.99,GBP,bank_transfer,dhl,
8736,Returned,576.95,USD,debit_card,overnight,
8737,Pending,379.95,GBP,debit_card,standard,
8738,Cancelled,53.99,EUR,apple_pay,fedex,
8739,Cancelled,141.95,GBP,google_pay,fedex,
8740,Delivered,546.99,USD,credit_card,express,
8741,Delivered,1333.99,EUR,klarna,overnight,
8742,Pending,1446.99,EUR,debit_card,ups,
8743,Processing,1049.95,GBP,apple_pay,standard,
8744,Cancelled,65.95,EUR,google_pay,pickup_point,
8745,Refunded,395.95,USD,paypal,overnight,
8746,Returned,320.95,EUR,paypal,pickup_point,
8747,Refunded,897.95,GBP,paypal,ups,
8748,Processing,1103.95,EUR,google_pay,pickup_point,
8749,Returned,131.95,EUR,klarna,overnight,
8750,Processing,160.99,GBP,apple_pay,standard,
8751,Returned,791.99,USD,google_pay,dhl,
8752,Returned,1390.99,USD,credit_card,overnight,
8753,Returned,1385.95,GBP,klarna,express,
8754,Refunded,1370.95,GBP,google_pay,standard,
8755,Refunded,1044.95,EUR,credit_card,overnight,
8756,Shipped,82.95,EUR,google_pay,overnight,
8757,Cancelled,400.95,USD,debit_card,fedex,
8758,Shipped,598.99,EUR,klarna,ups,
8759,Shipped,1136.99,GBP,apple_pay,economy,
8760,Shipped,495.95,GBP,debit_card,standard,
8761,Processing,944.95,EUR,bank_transfer,economy,
8762,Cancelled,1491.95,EUR,apple_pay,economy,
8763,Pending,352.95,EUR,google_pay,standard,
8764,Pending,996.95,EUR,paypal,express,
8765,Returned,201.95,GBP,debit_card,standard,
8766,Delivered,1363.95,EUR,apple_pay,dhl,
8767,Cancelled,708.95,EUR,credit_card,ups,
8768,Processing,1124.99,EUR,credit_card,ups,
8769,Cancelled,301.99,GBP,paypal,standard,Please leave at front door
8770,Pending,834.99,GBP,apple_pay,fedex,
8771,Cancelled,1118.99,USD,klarna,express,
8772,Pending,879.99,USD,klarna,overnight,
8773,Pending,1317.95,GBP,bank_transfer,economy,
8774,Pending,862.95,USD,credit_card,pickup_point,
8775,Processing,1378.99,GBP,klarna,standard,
8776,Shipped,373.95,GBP,paypal,ups,
8777,Returned,1243.99,USD,credit_card,economy,
8778,Shipped,271.99,GBP,debit_card,express,
8779,Delivered,358.99,EUR,klarna,ups,
8780,Refunded,1047.95,GBP,credit_card,standard,
8781,Refunded,978.95,GBP,klarna,overnight,
8782,Returned,915.95,EUR,klarna,standard,
8783,Returned,1221.95,GBP,google_pay,pickup_point,
8784,Shipped,635.99,GBP,bank_transfer,express,
8785,Delivered,95.99,GBP,credit_card,overnight,Leave with neighbor if not home
8786,Refunded,875.99,EUR,google_pay,economy,
8787,Pending,237.95,EUR,bank_transfer,fedex,
8788,Delivered,42.99,EUR,paypal,overnight,
8789,Pending,1322.95,USD,paypal,overnight,
8790,Shipped,518.95,USD,klarna,dhl,
8791,Refunded,643.99,USD,bank_transfer,economy,
8792,Pending,800.99,EUR,debit_card,fedex,
8793,Pending,786.95,USD,paypal,dhl,
8794,Processing,1208.99,GBP,google_pay,overnight,
8795,Returned,440.99,EUR,credit_card,economy,
8796,Pending,353.99,EUR,bank_transfer,overnight,
8797,Delivered,1456.95,USD,paypal,express,
8798,Returned,523.99,EUR,bank_transfer,ups,
8799,Pending,1261.95,GBP,paypal,fedex,
8800,Delivered,89.95,GBP,klarna,standard,
8801,Cancelled,1316.95,GBP,klarna,overnight,
8802,Shipped,818.95,EUR,paypal,overnight,
8803,Pending,370.95,USD,bank_transfer,ups,
8804,Shipped,618.95,EUR,bank_transfer,express,
8805,Returned,226.99,EUR,google_pay,ups,
8806,Pending,1051.99,EUR,debit_card,dhl,
8807,Returned,191.99,GBP,paypal,ups,
8808,Processing,311.99,EUR,google_pay,express,
8809,Cancelled,979.99,EUR,apple_pay,economy,
8810,Processing,562.95,EUR,paypal,standard,Please leave at front door
8811,Returned,668.99,GBP,credit_card,fedex,
8812,Delivered,632.99,GBP,bank_transfer,pickup_point,
8813,Delivered,863.99,EUR,paypal,pickup_point,
8814,Returned,511.95,EUR,bank_transfer,fedex,
8815,Refunded,758.99,EUR,bank_transfer,economy,
8816,Cancelled,452.95,USD,credit_card,fedex,
8817,Pending,794.95,GBP,debit_card,economy,
8818,Refunded,830.95,USD,klarna,ups,
8819,Pending,260.99,GBP,paypal,pickup_point,
8820,Pending,796.99,USD,apple_pay,ups,Combine with other items if available
8821,Shipped,608.99,USD,klarna,express,
8822,Shipped,386.95,EUR,debit_card,ups,
8823,Shipped,1119.95,USD,google_pay,dhl,
8824,Returned,457.99,EUR,bank_transfer,dhl,Please pack carefully
8825,Refunded,970.99,GBP,apple_pay,economy,
8826,Delivered,1119.99,GBP,apple_pay,overnight,
8827,Delivered,404.95,EUR,klarna,dhl,
8828,Returned,1036.95,USD,google_pay,dhl,
8829,Cancelled,30.95,EUR,google_pay,standard,
8830,Returned,404.99,USD,google_pay,express,
8831,Processing,1308.99,USD,klarna,standard,
8832,Returned,1257.99,USD,apple_pay,pickup_point,
8833,Delivered,620.99,EUR,klarna,dhl,
8834,Refunded,943.95,GBP,paypal,fedex,
8835,Processing,1124.99,EUR,debit_card,economy,
8836,Processing,1350.95,EUR,bank_transfer,overnight,
8837,Processing,704.99,GBP,apple_pay,ups,
8838,Refunded,420.99,USD,google_pay,express,
8839,Shipped,1294.99,GBP,paypal,overnight,
8840,Refunded,1170.99,EUR,credit_card,dhl,
8841,Returned,1032.95,USD,google_pay,pickup_point,
8842,Shipped,1017.99,EUR,paypal,overnight,
8843,Returned,404.95,GBP,credit_card,standard,
8844,Shipped,351.99,USD,debit_card,express,
8845,Returned,1459.95,EUR,credit_card,express,
8846,Cancelled,749.99,EUR,google_pay,fedex,
8847,Cancelled,1262.99,GBP,bank_transfer,fedex,
8848,Refunded,706.99,USD,google_pay,pickup_point,
8849,Pending,619.99,EUR,google_pay,overnight,
8850,Delivered,22.99,GBP,klarna,standard,
8851,Refunded,1484.95,EUR,apple_pay,pickup_point,
8852,Cancelled,285.95,EUR,apple_pay,economy,
8853,Returned,617.95,USD,google_pay,pickup_point,
8854,Delivered,338.95,GBP,credit_card,express,
8855,Pending,1142.99,GBP,apple_pay,economy,
8856,Delivered,885.99,USD,bank_transfer,express,
8857,Processing,754.95,GBP,paypal,pickup_point,
8858,Returned,575.99,USD,paypal,standard,
8859,Refunded,1378.99,EUR,credit_card,overnight,
8860,Delivered,480.99,GBP,klarna,ups,Fragile - handle with care
8861,Delivered,1469.99,GBP,credit_card,overnight,
8862,Delivered,274.95,EUR,google_pay,fedex,
8863,Shipped,642.95,GBP,debit_card,fedex,
8864,Processing,139.95,USD,apple_pay,overnight,
8865,Returned,1343.99,EUR,klarna,dhl,
8866,Cancelled,1216.99,EUR,bank_transfer,fedex,
8867,Pending,1135.95,EUR,debit_card,pickup_point,
8868,Refunded,44.99,GBP,paypal,overnight,
8869,Shipped,932.99,GBP,bank_transfer,dhl,
8870,Refunded,265.99,USD,klarna,overnight,
8871,Delivered,90.95,USD,bank_transfer,dhl,
8872,Cancelled,541.99,EUR,paypal,fedex,
8873,Returned,1027.99,GBP,klarna,express,
8874,Delivered,678.95,USD,apple_pay,standard,
8875,Delivered,826.99,EUR,klarna,dhl,
8876,Shipped,319.99,USD,paypal,express,
8877,Processing,835.95,EUR,debit_card,overnight,
8878,Returned,983.95,USD,paypal,economy,
8879,Returned,133.95,EUR,google_pay,standard,
8880,Shipped,1411.99,GBP,bank_transfer,economy,
8881,Returned,484.99,USD,klarna,express,
8882,Processing,854.95,GBP,google_pay,overnight,
8883,Returned,633.99,EUR,paypal,economy,
8884,Pending,1030.95,EUR,bank_transfer,overnight,
8885,Delivered,1373.95,EUR,debit_card,ups,
8886,Pending,1073.95,EUR,debit_card,pickup_point,
8887,Pending,1081.95,USD,credit_card,ups,
8888,Shipped,598.95,USD,klarna,overnight,
8889,Returned,127.95,GBP,apple_pay,express,
8890,Processing,1240.99,EUR,bank_transfer,express,
8891,Cancelled,1429.99,GBP,credit_card,dhl,
8892,Delivered,1279.95,GBP,klarna,standard,
8893,Processing,1082.95,EUR,google_pay,pickup_point,
8894,Shipped,629.95,EUR,credit_card,fedex,
8895,Delivered,808.99,GBP,klarna,ups,
8896,Cancelled,227.99,EUR,credit_card,ups,
8897,Refunded,943.99,GBP,apple_pay,standard,
8898,Delivered,130.95,EUR,paypal,fedex,
8899,Delivered,967.99,EUR,paypal,pickup_point,
8900,Pending,566.95,USD,bank_transfer,fedex,
8901,Pending,1018.95,EUR,paypal,express,
8902,Refunded,1462.95,EUR,credit_card,pickup_point,
8903,Shipped,642.99,EUR,bank_transfer,overnight,
8904,Cancelled,322.95,EUR,apple_pay,overnight,
8905,Refunded,1028.95,EUR,google_pay,standard,
8906,Delivered,64.95,EUR,klarna,pickup_point,
8907,Returned,146.99,USD,bank_transfer,ups,
8908,Cancelled,1381.95,USD,credit_card,ups,
8909,Processing,1153.95,USD,credit_card,standard,
8910,Cancelled,1011.95,EUR,google_pay,pickup_point,
8911,Processing,697.95,GBP,google_pay,economy,
8912,Returned,82.95,GBP,apple_pay,fedex,
8913,Processing,467.99,GBP,paypal,pickup_point,
8914,Refunded,555.99,EUR,credit_card,standard,
8915,Refunded,517.99,GBP,debit_card,economy,
8916,Pending,527.99,GBP,paypal,overnight,
8917,Processing,1157.95,EUR,apple_pay,ups,
8918,Shipped,1386.99,EUR,apple_pay,ups,
8919,Delivered,369.95,GBP,bank_transfer,standard,
8920,Cancelled,952.99,USD,debit_card,dhl,
8921,Returned,129.95,GBP,paypal,ups,Combine with other items if available
8922,Processing,869.95,GBP,klarna,dhl,
8923,Shipped,1095.95,GBP,apple_pay,dhl,
8924,Pending,387.99,USD,debit_card,dhl,
8925,Pending,680.99,EUR,apple_pay,fedex,
8926,Shipped,567.95,EUR,apple_pay,express,
8927,Returned,1193.95,EUR,bank_transfer,fedex,
8928,Pending,1330.99,GBP,paypal,fedex,
8929,Processing,1421.95,USD,debit_card,fedex,
8930,Refunded,851.95,EUR,credit_card,dhl,
8931,Cancelled,1398.99,USD,paypal,economy,
8932,Delivered,443.95,USD,bank_transfer,fedex,
8933,Processing,1316.99,EUR,paypal,economy,
8934,Shipped,10.95,USD,google_pay,fedex,Ring doorbell twice
8935,Shipped,805.95,GBP,apple_pay,pickup_point,
8936,Shipped,141.95,GBP,bank_transfer,standard,
8937,Pending,1263.95,GBP,bank_transfer,standard,
8938,Returned,382.99,EUR,apple_pay,economy,
8939,Shipped,699.95,USD,paypal,fedex,
8940,Refunded,819.99,GBP,paypal,standard,
8941,Delivered,520.99,GBP,paypal,fedex,
8942,Processing,58.95,GBP,paypal,standard,
8943,Returned,980.99,EUR,paypal,fedex,
8944,Delivered,706.99,EUR,klarna,overnight,
8945,Processing,718.99,GBP,google_pay,ups,
8946,Cancelled,164.95,GBP,debit_card,express,
8947,Delivered,579.95,USD,bank_transfer,dhl,
8948,Shipped,537.95,GBP,paypal,standard,
8949,Processing,168.95,USD,paypal,fedex,
8950,Cancelled,170.99,EUR,debit_card,standard,
8951,Processing,755.95,USD,paypal,economy,
8952,Delivered,125.95,GBP,klarna,standard,
8953,Pending,660.95,USD,credit_card,overnight,
8954,Processing,692.95,USD,klarna,economy,
8955,Returned,1265.95,GBP,google_pay,economy,
8956,Processing,1109.99,USD,bank_transfer,pickup_point,
8957,Delivered,977.95,GBP,credit_card,express,
8958,Shipped,1179.99,USD,debit_card,fedex,
8959,Refunded,403.95,EUR,bank_transfer,fedex,
8960,Processing,399.95,EUR,debit_card,dhl,
8961,Delivered,566.95,EUR,credit_card,fedex,
8962,Returned,522.99,EUR,paypal,express,
8963,Returned,918.99,EUR,bank_transfer,dhl,
8964,Returned,853.95,GBP,credit_card,overnight,
8965,Refunded,1479.99,GBP,debit_card,fedex,
8966,Shipped,890.95,EUR,debit_card,express,
8967,Pending,1146.95,GBP,google_pay,overnight,
8968,Delivered,873.95,USD,bank_transfer,overnight,
8969,Returned,519.95,EUR,debit_card,overnight,
8970,Shipped,1318.99,EUR,google_pay,ups,
8971,Delivered,1210.99,EUR,paypal,economy,
8972,Pending,1415.95,EUR,debit_card,standard,
8973,Returned,1156.95,GBP,debit_card,standard,Please pack carefully
8974,Processing,1311.95,GBP,apple_pay,dhl,
8975,Returned,1044.99,USD,credit_card,dhl,
8976,Delivered,1489.95,GBP,klarna,ups,
8977,Refunded,1273.99,GBP,credit_card,economy,
8978,Shipped,345.95,EUR,bank_transfer,pickup_point,
8979,Refunded,1284.99,USD,credit_card,fedex,
8980,Delivered,922.99,USD,bank_transfer,dhl,
8981,Cancelled,641.99,USD,apple_pay,ups,ASAP delivery needed
8982,Pending,526.99,EUR,bank_transfer,economy,
8983,Shipped,1490.95,GBP,klarna,economy,
8984,Pending,1241.99,GBP,klarna,pickup_point,
8985,Cancelled,262.99,EUR,bank_transfer,ups,
8986,Cancelled,1234.95,USD,google_pay,fedex,
8987,Delivered,74.95,EUR,apple_pay,standard,
8988,Shipped,1082.95,GBP,google_pay,economy,
8989,Cancelled,129.95,EUR,paypal,express,
8990,Processing,1266.95,GBP,apple_pay,fedex,
8991,Shipped,883.95,USD,paypal,pickup_point,Combine with other items if available
8992,Pending,15.99,USD,paypal,ups,
8993,Shipped,732.95,GBP,klarna,dhl,
8994,Delivered,195.95,EUR,credit_card,overnight,
8995,Returned,1147.99,USD,apple_pay,standard,
8996,Pending,1434.99,USD,credit_card,express,
8997,Refunded,588.95,GBP,paypal,overnight,
8998,Pending,820.99,USD,credit_card,express,
8999,Delivered,1054.95,EUR,debit_card,express,
9000,Processing,847.95,EUR,bank_transfer,economy,
9001,Cancelled,801.95,GBP,bank_transfer,standard,
9002,Refunded,19.95,USD,debit_card,dhl,
9003,Delivered,978.95,EUR,paypal,economy,
9004,Refunded,1211.95,GBP,credit_card,express,
9005,Pending,580.99,GBP,google_pay,ups,
9006,Pending,883.99,EUR,paypal,pickup_point,
9007,Cancelled,96.99,EUR,bank_transfer,economy,Business address
9008,Processing,1081.99,USD,klarna,fedex,
9009,Processing,425.99,GBP,google_pay,overnight,
9010,Delivered,1209.95,USD,debit_card,overnight,
9011,Returned,529.99,EUR,credit_card,standard,
9012,Cancelled,668.95,GBP,paypal,economy,
9013,Delivered,437.99,EUR,apple_pay,standard,
9014,Returned,854.99,GBP,credit_card,economy,
9015,Delivered,137.95,USD,credit_card,express,
9016,Pending,1350.95,USD,bank_transfer,economy,
9017,Shipped,239.95,EUR,google_pay,pickup_point,
9018,Returned,158.99,USD,paypal,economy,
9019,Cancelled,253.95,EUR,debit_card,ups,
9020,Processing,1023.95,GBP,credit_card,overnight,
9021,Cancelled,488.95,GBP,credit_card,fedex,
9022,Pending,311.99,GBP,paypal,standard,
9023,Delivered,917.95,GBP,bank_transfer,pickup_point,
9024,Pending,180.99,EUR,google_pay,economy,
9025,Processing,1007.99,USD,debit_card,economy,
9026,Delivered,708.95,USD,bank_transfer,dhl,
9027,Refunded,575.99,GBP,paypal,dhl,
9028,Cancelled,783.99,GBP,google_pay,pickup_point,
9029,Delivered,345.95,USD,klarna,ups,
9030,Pending,1068.95,GBP,google_pay,economy,
9031,Refunded,908.99,USD,bank_transfer,dhl,
9032,Refunded,1330.95,USD,klarna,ups,
9033,Pending,544.95,GBP,credit_card,ups,
9034,Processing,1033.95,USD,debit_card,dhl,
9035,Shipped,1017.99,EUR,credit_card,overnight,
9036,Cancelled,251.99,USD,bank_transfer,overnight,
9037,Refunded,819.99,GBP,bank_transfer,pickup_point,
9038,Cancelled,1030.99,EUR,google_pay,ups,
9039,Pending,720.95,GBP,apple_pay,express,
9040,Cancelled,34.99,EUR,credit_card,express,
9041,Cancelled,487.99,GBP,klarna,overnight,
9042,Pending,181.95,GBP,bank_transfer,ups,
9043,Pending,430.99,GBP,paypal,standard,
9044,Delivered,362.95,GBP,bank_transfer,overnight,
9045,Refunded,156.95,EUR,bank_transfer,express,
9046,Pending,1486.99,USD,bank_transfer,ups,
9047,Cancelled,296.99,GBP,credit_card,ups,
9048,Refunded,211.99,GBP,paypal,ups,
9049,Refunded,1306.99,EUR,apple_pay,economy,
9050,Refunded,341.95,EUR,paypal,economy,
9051,Cancelled,1089.95,USD,bank_transfer,economy,
9052,Refunded,1464.99,EUR,credit_card,pickup_point,
9053,Cancelled,643.99,EUR,google_pay,dhl,
9054,Returned,745.99,EUR,bank_transfer,fedex,
9055,Pending,812.99,GBP,credit_card,pickup_point,
9056,Pending,1401.99,USD,apple_pay,pickup_point,
9057,Returned,634.95,GBP,apple_pay,economy,
9058,Returned,1355.95,USD,debit_card,overnight,
9059,Shipped,1051.95,USD,credit_card,economy,
9060,Cancelled,1411.99,USD,paypal,express,
9061,Shipped,525.95,USD,apple_pay,overnight,
9062,Delivered,703.99,GBP,bank_transfer,pickup_point,
9063,Returned,568.99,GBP,debit_card,ups,
9064,Processing,89.99,GBP,debit_card,overnight,Signature required
9065,Refunded,894.99,EUR,klarna,economy,
9066,Processing,1029.95,USD,klarna,pickup_point,
9067,Delivered,137.99,GBP,paypal,pickup_point,
9068,Delivered,83.99,USD,debit_card,dhl,
9069,Delivered,797.99,GBP,apple_pay,express,
9070,Returned,205.95,USD,apple_pay,fedex,
9071,Shipped,1260.95,GBP,bank_transfer,pickup_point,
9072,Pending,877.95,USD,apple_pay,overnight,
9073,Pending,210.99,GBP,apple_pay,dhl,
9074,Shipped,284.99,USD,klarna,fedex,
9075,Processing,625.95,GBP,google_pay,economy,
9076,Delivered,253.99,GBP,paypal,pickup_point,
9077,Delivered,106.95,USD,bank_transfer,dhl,
9078,Shipped,1243.99,USD,apple_pay,dhl,
9079,Processing,804.99,EUR,klarna,dhl,
9080,Processing,1406.95,GBP,debit_card,dhl,
9081,Cancelled,162.95,EUR,paypal,ups,
9082,Delivered,1261.99,USD,klarna,dhl,
9083,Pending,422.95,EUR,debit_card,express,
9084,Refunded,673.99,USD,paypal,overnight,
9085,Processing,716.99,USD,debit_card,overnight,
9086,Pending,121.99,USD,google_pay,dhl,
9087,Pending,938.95,GBP,debit_card,ups,
9088,Shipped,601.99,USD,paypal,ups,
9089,Pending,1459.99,USD,credit_card,ups,
9090,Shipped,1464.99,GBP,klarna,pickup_point,
9091,Processing,298.99,GBP,klarna,overnight,
9092,Processing,1407.95,USD,google_pay,ups,
9093,Refunded,86.95,EUR,bank_transfer,dhl,
9094,Refunded,1178.95,EUR,credit_card,economy,
9095,Refunded,515.95,GBP,debit_card,express,
9096,Cancelled,1360.95,GBP,bank_transfer,economy,
9097,Cancelled,1499.95,GBP,apple_pay,fedex,
9098,Processing,1035.99,GBP,bank_transfer,fedex,
9099,Pending,1280.95,GBP,klarna,dhl,
9100,Processing,728.95,USD,debit_card,economy,
9101,Shipped,1255.95,USD,credit_card,standard,
9102,Delivered,65.99,USD,paypal,overnight,
9103,Shipped,545.99,USD,bank_transfer,ups,
9104,Cancelled,89.99,EUR,apple_pay,dhl,
9105,Processing,180.95,EUR,credit_card,dhl,
9106,Cancelled,1341.95,GBP,google_pay,pickup_point,
9107,Pending,206.95,GBP,klarna,dhl,
9108,Delivered,1462.95,EUR,credit_card,dhl,
9109,Shipped,1377.95,GBP,klarna,overnight,
9110,Processing,1387.95,EUR,klarna,ups,
9111,Pending,1166.95,GBP,apple_pay,pickup_point,
9112,Pending,1091.99,EUR,debit_card,ups,Do not leave in direct sunlight
9113,Returned,470.99,USD,debit_card,dhl,
9114,Processing,1198.95,USD,bank_transfer,pickup_point,
9115,Refunded,630.95,GBP,google_pay,ups,
9116,Refunded,1291.99,USD,paypal,dhl,
9117,Shipped,814.95,EUR,apple_pay,dhl,
9118,Refunded,583.95,EUR,paypal,express,
9119,Returned,840.95,USD,debit_card,overnight,
9120,Refunded,905.99,EUR,debit_card,pickup_point,
9121,Cancelled,1428.95,USD,apple_pay,dhl,
9122,Delivered,148.99,USD,google_pay,standard,
9123,Pending,504.95,USD,paypal,dhl,
9124,Refunded,173.99,GBP,credit_card,dhl,
9125,Pending,529.99,EUR,apple_pay,express,
9126,Delivered,158.99,GBP,google_pay,standard,
9127,Refunded,614.95,GBP,debit_card,fedex,
9128,Returned,1037.95,EUR,debit_card,standard,
9129,Shipped,870.99,GBP,klarna,economy,
9130,Refunded,1343.95,USD,bank_transfer,fedex,
9131,Refunded,1200.99,USD,klarna,ups,
9132,Returned,80.99,USD,bank_transfer,express,
9133,Shipped,1184.99,EUR,klarna,dhl,
9134,Cancelled,1456.99,USD,apple_pay,fedex,
9135,Pending,755.99,USD,credit_card,overnight,
9136,Delivered,648.95,EUR,bank_transfer,overnight,
9137,Cancelled,1301.95,EUR,bank_transfer,standard,
9138,Delivered,209.99,GBP,credit_card,economy,
9139,Refunded,1269.95,EUR,debit_card,express,
9140,Returned,1347.99,EUR,apple_pay,express,
9141,Processing,1075.95,USD,credit_card,dhl,
9142,Shipped,208.95,GBP,debit_card,overnight,
9143,Returned,1239.95,USD,klarna,dhl,
9144,Refunded,949.95,GBP,debit_card,pickup_point,
9145,Returned,709.99,EUR,google_pay,fedex,
9146,Delivered,131.99,EUR,bank_transfer,economy,
9147,Returned,996.95,EUR,paypal,economy,
9148,Refunded,521.99,GBP,bank_transfer,fedex,
9149,Returned,868.99,EUR,klarna,fedex,
9150,Delivered,341.95,USD,klarna,overnight,
9151,Cancelled,408.99,GBP,credit_card,overnight,
9152,Processing,1239.95,GBP,credit_card,overnight,
9153,Returned,455.99,GBP,debit_card,dhl,
9154,Returned,649.99,GBP,credit_card,standard,
9155,Cancelled,539.99,USD,apple_pay,standard,
9156,Pending,1209.95,EUR,klarna,economy,
9157,Cancelled,1459.99,USD,klarna,fedex,
9158,Refunded,1058.95,EUR,bank_transfer,overnight,
9159,Delivered,821.95,EUR,debit_card,fedex,
9160,Refunded,798.95,USD,paypal,express,
9161,Cancelled,658.95,GBP,bank_transfer,fedex,
9162,Cancelled,874.95,GBP,debit_card,standard,
9163,Processing,894.99,USD,google_pay,ups,
9164,Returned,828.99,GBP,debit_card,pickup_point,
9165,Cancelled,947.95,EUR,klarna,fedex,
9166,Returned,675.95,EUR,bank_transfer,express,
9167,Refunded,492.99,USD,bank_transfer,ups,
9168,Delivered,1256.99,USD,credit_card,pickup_point,
9169,Pending,254.95,USD,klarna,pickup_point,
9170,Returned,1246.95,EUR,debit_card,fedex,
9171,Shipped,499.99,USD,bank_transfer,ups,
9172,Returned,975.95,EUR,credit_card,standard,
9173,Returned,598.95,GBP,apple_pay,ups,
9174,Processing,1372.95,USD,debit_card,economy,
9175,Refunded,668.95,EUR,credit_card,standard,
9176,Cancelled,1153.99,GBP,klarna,pickup_point,
9177,Returned,785.95,GBP,apple_pay,pickup_point,
9178,Cancelled,1328.95,EUR,credit_card,dhl,
9179,Returned,96.95,EUR,paypal,standard,
9180,Returned,1043.95,EUR,apple_pay,economy,
9181,Processing,57.99,EUR,klarna,dhl,
9182,Pending,1380.95,GBP,klarna,fedex,
9183,Processing,624.99,GBP,bank_transfer,overnight,
9184,Shipped,1454.99,EUR,credit_card,economy,
9185,Shipped,1045.99,GBP,google_pay,pickup_point,
9186,Delivered,673.99,EUR,credit_card,express,
9187,Refunded,548.99,EUR,credit_card,overnight,
9188,Cancelled,689.99,GBP,google_pay,overnight,
9189,Delivered,533.95,GBP,paypal,pickup_point,
9190,Shipped,1457.95,GBP,klarna,economy,
9191,Processing,543.99,USD,paypal,dhl,
9192,Pending,237.99,USD,klarna,ups,
9193,Pending,774.99,EUR,apple_pay,pickup_point,
9194,Pending,1123.99,EUR,bank_transfer,economy,
9195,Processing,251.99,GBP,google_pay,overnight,
9196,Cancelled,1438.99,EUR,debit_card,fedex,Ring doorbell twice
9197,Refunded,829.99,GBP,credit_card,standard,
9198,Refunded,420.95,GBP,paypal,overnight,
9199,Refunded,1103.95,USD,klarna,economy,
9200,Refunded,801.95,GBP,credit_card,dhl,
9201,Cancelled,967.95,GBP,apple_pay,overnight,
9202,Refunded,405.95,GBP,debit_card,express,
9203,Pending,382.99,EUR,debit_card,economy,
9204,Delivered,1223.95,EUR,klarna,pickup_point,
9205,Delivered,652.99,GBP,bank_transfer,dhl,
9206,Pending,1486.99,GBP,bank_transfer,express,
9207,Shipped,83.99,USD,credit_card,ups,
9208,Processing,293.95,USD,credit_card,economy,
9209,Pending,947.99,USD,klarna,pickup_point,
9210,Returned,831.99,USD,paypal,standard,
9211,Shipped,185.99,EUR,paypal,overnight,
9212,Pending,1384.95,GBP,klarna,economy,
9213,Returned,390.99,EUR,google_pay,pickup_point,
9214,Returned,656.95,USD,paypal,fedex,
9215,Shipped,365.95,GBP,bank_transfer,economy,
9216,Cancelled,790.99,USD,klarna,express,
9217,Pending,808.99,GBP,google_pay,standard,
9218,Returned,483.95,EUR,credit_card,dhl,
9219,Pending,682.99,EUR,google_pay,express,
9220,Delivered,683.95,GBP,klarna,ups,
9221,Returned,262.95,EUR,credit_card,economy,
9222,Returned,472.99,GBP,credit_card,dhl,
9223,Refunded,315.95,USD,credit_card,economy,
9224,Processing,80.99,USD,debit_card,overnight,
9225,Returned,488.99,EUR,bank_transfer,overnight,
9226,Cancelled,132.99,USD,debit_card,dhl,
9227,Cancelled,647.99,USD,paypal,overnight,
9228,Shipped,40.99,USD,google_pay,express,
9229,Refunded,472.99,USD,google_pay,fedex,
9230,Processing,642.99,EUR,google_pay,overnight,
9231,Cancelled,100.95,GBP,bank_transfer,ups,
9232,Shipped,1442.99,EUR,klarna,express,
9233,Delivered,629.95,USD,klarna,express,
9234,Processing,1066.99,GBP,paypal,express,
9235,Returned,940.99,USD,debit_card,express,
9236,Refunded,163.99,EUR,google_pay,pickup_point,
9237,Pending,316.95,EUR,debit_card,pickup_point,
9238,Processing,1464.99,EUR,debit_card,dhl,
9239,Pending,69.95,USD,google_pay,express,
9240,Delivered,385.95,EUR,credit_card,economy,
9241,Refunded,1282.99,GBP,klarna,dhl,
9242,Cancelled,173.95,GBP,apple_pay,standard,
9243,Pending,1232.95,GBP,google_pay,economy,
9244,Cancelled,294.95,EUR,credit_card,ups,
9245,Processing,1246.99,GBP,bank_transfer,fedex,
9246,Shipped,324.95,GBP,credit_card,express,
9247,Delivered,1013.99,GBP,klarna,fedex,
9248,Returned,1092.99,GBP,bank_transfer,fedex,
9249,Cancelled,267.99,GBP,credit_card,standard,
9250,Cancelled,1476.99,EUR,klarna,pickup_point,
9251,Returned,345.95,EUR,credit_card,ups,
9252,Processing,1043.99,EUR,credit_card,pickup_point,
9253,Returned,402.95,GBP,apple_pay,ups,
9254,Pending,180.99,GBP,google_pay,overnight,
9255,Refunded,420.95,GBP,debit_card,overnight,
9256,Cancelled,1329.95,EUR,paypal,fedex,
9257,Shipped,1485.95,GBP,paypal,standard,
9258,Processing,370.99,GBP,google_pay,standard,
9259,Cancelled,774.99,GBP,paypal,ups,
9260,Returned,399.95,USD,credit_card,fedex,
9261,Shipped,1352.95,GBP,credit_card,pickup_point,
9262,Cancelled,1278.99,GBP,bank_transfer,dhl,Fragile - handle with care
9263,Returned,613.99,USD,klarna,dhl,
9264,Pending,1118.95,EUR,bank_transfer,fedex,
9265,Pending,527.95,EUR,credit_card,express,Do not leave in direct sunlight
9266,Refunded,471.99,GBP,klarna,fedex,
9267,Returned,504.95,EUR,klarna,express,
9268,Refunded,132.99,EUR,debit_card,pickup_point,
9269,Returned,1266.95,USD,google_pay,dhl,
9270,Returned,1249.95,USD,paypal,ups,
9271,Refunded,244.99,GBP,google_pay,dhl,
9272,Delivered,756.99,USD,debit_card,dhl,
9273,Shipped,867.99,GBP,credit_card,fedex,
9274,Cancelled,1461.99,EUR,credit_card,dhl,
9275,Processing,652.95,GBP,credit_card,dhl,
9276,Pending,115.99,GBP,klarna,ups,
9277,Pending,624.99,USD,credit_card,fedex,
9278,Returned,1028.95,EUR,google_pay,pickup_point,Gift wrapping requested
9279,Pending,172.99,GBP,bank_transfer,fedex,
9280,Pending,281.99,EUR,klarna,pickup_point,
9281,Pending,1411.99,EUR,bank_transfer,standard,
9282,Refunded,327.99,GBP,bank_transfer,economy,
9283,Processing,19.99,EUR,credit_card,fedex,
9284,Processing,445.99,EUR,credit_card,standard,
9285,Pending,664.99,GBP,google_pay,fedex,
9286,Returned,17.95,GBP,debit_card,overnight,
9287,Returned,849.95,GBP,klarna,standard,
9288,Pending,720.95,EUR,credit_card,fedex,
9289,Refunded,1472.95,USD,debit_card,dhl,
9290,Processing,344.99,GBP,bank_transfer,express,
9291,Cancelled,1240.99,EUR,credit_card,express,
9292,Delivered,505.95,USD,google_pay,dhl,
9293,Cancelled,1107.95,EUR,credit_card,fedex,
9294,Shipped,1434.95,EUR,credit_card,pickup_point,
9295,Pending,487.95,EUR,bank_transfer,overnight,
9296,Returned,1047.99,USD,paypal,economy,
9297,Shipped,373.99,GBP,klarna,ups,
9298,Delivered,957.99,EUR,google_pay,overnight,
9299,Cancelled,606.95,GBP,credit_card,economy,
9300,Cancelled,1098.95,USD,google_pay,ups,
9301,Shipped,706.95,USD,credit_card,economy,
9302,Shipped,1075.99,EUR,credit_card,ups,
9303,Delivered,814.95,GBP,klarna,overnight,
9304,Cancelled,1094.95,EUR,paypal,pickup_point,
9305,Shipped,723.95,GBP,apple_pay,pickup_point,
9306,Processing,1125.95,USD,credit_card,dhl,
9307,Pending,1214.95,GBP,klarna,standard,
9308,Delivered,898.99,GBP,paypal,dhl,
9309,Delivered,372.95,GBP,apple_pay,express,
9310,Processing,532.99,USD,apple_pay,dhl,
9311,Refunded,176.99,USD,google_pay,fedex,
9312,Shipped,1137.99,GBP,google_pay,overnight,
9313,Refunded,616.95,GBP,klarna,ups,
9314,Processing,1418.95,USD,paypal,fedex,
9315,Processing,1121.99,USD,credit_card,standard,
9316,Shipped,1488.95,GBP,google_pay,ups,
9317,Delivered,1044.99,EUR,apple_pay,dhl,
9318,Processing,1250.99,GBP,bank_transfer,pickup_point,
9319,Returned,500.99,GBP,google_pay,fedex,
9320,Cancelled,490.95,GBP,paypal,pickup_point,
9321,Processing,382.95,USD,debit_card,ups,
9322,Shipped,1269.95,EUR,paypal,express,
9323,Pending,572.95,EUR,google_pay,overnight,
9324,Cancelled,484.99,GBP,bank_transfer,pickup_point,
9325,Cancelled,98.95,GBP,apple_pay,pickup_point,
9326,Returned,1054.99,EUR,debit_card,overnight,Do not leave in direct sunlight
9327,Refunded,635.99,GBP,paypal,dhl,
9328,Shipped,370.95,GBP,klarna,fedex,
9329,Pending,378.95,EUR,paypal,dhl,
9330,Cancelled,800.95,USD,bank_transfer,ups,
9331,Delivered,1370.95,GBP,debit_card,fedex,
9332,Cancelled,47.99,USD,credit_card,express,
9333,Cancelled,397.95,USD,apple_pay,overnight,Business address
9334,Returned,699.95,GBP,bank_transfer,pickup_point,
9335,Pending,181.95,EUR,credit_card,fedex,
9336,Returned,615.99,USD,apple_pay,overnight,Gift wrapping requested
9337,Processing,78.99,USD,google_pay,ups,
9338,Pending,21.99,USD,klarna,economy,
9339,Delivered,790.95,EUR,debit_card,overnight,
9340,Delivered,850.99,EUR,klarna,pickup_point,
9341,Processing,252.99,USD,bank_transfer,dhl,
9342,Shipped,93.95,EUR,credit_card,overnight,
9343,Refunded,1175.95,EUR,google_pay,standard,
9344,Returned,1165.99,USD,apple_pay,ups,
9345,Delivered,739.99,USD,bank_transfer,pickup_point,
9346,Shipped,952.99,GBP,apple_pay,fedex,
9347,Pending,1338.95,USD,google_pay,dhl,
9348,Pending,39.99,EUR,bank_transfer,pickup_point,
9349,Processing,946.99,EUR,debit_card,standard,
9350,Pending,1423.95,USD,credit_card,economy,
9351,Returned,552.99,GBP,credit_card,ups,
9352,Delivered,486.99,GBP,klarna,overnight,
9353,Pending,791.99,EUR,paypal,fedex,
9354,Shipped,133.99,USD,debit_card,ups,
9355,Pending,1283.95,USD,credit_card,standard,
9356,Pending,399.99,GBP,paypal,fedex,
9357,Returned,1410.95,GBP,bank_transfer,express,
9358,Refunded,945.99,GBP,bank_transfer,express,
9359,Processing,1220.99,USD,apple_pay,ups,
9360,Delivered,1068.99,EUR,google_pay,economy,
9361,Processing,1491.99,EUR,google_pay,overnight,
9362,Shipped,131.99,EUR,debit_card,ups,ASAP delivery needed
9363,Refunded,896.99,EUR,debit_card,economy,
9364,Shipped,1200.95,EUR,apple_pay,dhl,
9365,Refunded,1244.99,GBP,debit_card,dhl,
9366,Delivered,1230.99,EUR,credit_card,dhl,
9367,Refunded,1209.95,GBP,paypal,standard,
9368,Shipped,508.95,GBP,paypal,dhl,
9369,Refunded,1404.99,USD,debit_card,express,
9370,Returned,1352.99,GBP,credit_card,economy,
9371,Shipped,317.99,USD,debit_card,fedex,
9372,Returned,498.95,GBP,klarna,dhl,
9373,Pending,1079.95,GBP,bank_transfer,economy,
9374,Cancelled,328.99,USD,paypal,overnight,
9375,Refunded,1009.95,GBP,klarna,pickup_point,
9376,Returned,618.99,EUR,apple_pay,standard,
9377,Processing,896.95,USD,klarna,express,
9378,Cancelled,260.95,USD,klarna,overnight,
9379,Cancelled,214.95,USD,klarna,express,
9380,Delivered,509.99,USD,apple_pay,ups,
9381,Shipped,46.99,USD,credit_card,dhl,
9382,Pending,593.99,EUR,bank_transfer,standard,
9383,Shipped,1392.99,EUR,apple_pay,express,
9384,Refunded,104.99,GBP,google_pay,overnight,
9385,Shipped,743.99,USD,credit_card,economy,
9386,Returned,240.99,GBP,bank_transfer,economy,
9387,Shipped,666.99,EUR,apple_pay,fedex,
9388,Delivered,559.95,EUR,google_pay,fedex,
9389,Delivered,708.99,EUR,bank_transfer,fedex,
9390,Pending,917.95,GBP,apple_pay,standard,
9391,Shipped,1151.99,EUR,credit_card,ups,
9392,Processing,751.95,GBP,klarna,economy,
9393,Returned,1429.95,GBP,google_pay,ups,
9394,Processing,1484.95,USD,bank_transfer,express,
9395,Processing,441.95,EUR,bank_transfer,economy,
9396,Delivered,1390.95,USD,apple_pay,economy,Please pack carefully
9397,Delivered,197.95,EUR,paypal,fedex,
9398,Returned,704.99,EUR,credit_card,overnight,
9399,Delivered,1033.95,EUR,bank_transfer,overnight,
9400,Delivered,407.99,EUR,paypal,overnight,
9401,Processing,766.99,EUR,bank_transfer,standard,
9402,Pending,857.95,EUR,paypal,dhl,
9403,Pending,1330.99,EUR,debit_card,standard,
9404,Cancelled,1066.95,EUR,debit_card,express,
9405,Shipped,1126.95,EUR,klarna,overnight,Please pack carefully
9406,Refunded,695.99,EUR,apple_pay,express,
9407,Returned,483.95,EUR,klarna,ups,
9408,Pending,933.99,USD,apple_pay,overnight,
9409,Shipped,1449.95,GBP,google_pay,dhl,
9410,Pending,58.95,USD,paypal,dhl,
9411,Pending,404.95,USD,credit_card,standard,
9412,Shipped,326.99,EUR,credit_card,dhl,
9413,Cancelled,322.99,EUR,apple_pay,fedex,
9414,Refunded,133.99,USD,debit_card,dhl,
9415,Delivered,1426.99,USD,apple_pay,express,
9416,Pending,951.95,EUR,bank_transfer,express,
9417,Returned,860.95,EUR,debit_card,ups,
9418,Cancelled,1158.95,GBP,paypal,standard,
9419,Returned,1136.99,GBP,google_pay,pickup_point,
9420,Returned,536.95,EUR,credit_card,express,
9421,Delivered,41.95,USD,bank_transfer,express,
9422,Shipped,943.95,USD,klarna,ups,
9423,Refunded,468.95,GBP,google_pay,fedex,
9424,Shipped,934.95,USD,apple_pay,pickup_point,
9425,Delivered,282.95,USD,apple_pay,express,
9426,Cancelled,213.95,USD,apple_pay,standard,
9427,Delivered,888.95,EUR,klarna,ups,
9428,Returned,26.99,USD,apple_pay,economy,
9429,Pending,1121.99,USD,klarna,pickup_point,
9430,Cancelled,881.95,GBP,debit_card,standard,
9431,Shipped,1156.99,USD,google_pay,standard,
9432,Pending,1101.99,GBP,credit_card,express,
9433,Processing,912.95,USD,bank_transfer,standard,
9434,Shipped,653.99,GBP,debit_card,economy,
9435,Processing,1335.99,USD,bank_transfer,pickup_point,
9436,Delivered,256.99,GBP,google_pay,fedex,
9437,Processing,1036.95,USD,credit_card,pickup_point,
9438,Cancelled,702.99,EUR,credit_card,express,
9439,Pending,174.95,USD,bank_transfer,fedex,
9440,Pending,537.95,EUR,klarna,dhl,
9441,Returned,1293.95,EUR,google_pay,overnight,
9442,Shipped,1358.95,GBP,apple_pay,dhl,
9443,Returned,313.95,USD,debit_card,express,
9444,Pending,1121.99,GBP,apple_pay,ups,
9445,Processing,1197.99,GBP,credit_card,pickup_point,
9446,Processing,1085.95,EUR,paypal,dhl,Gift wrapping requested
9447,Cancelled,1265.95,EUR,google_pay,express,
9448,Pending,67.95,USD,bank_transfer,express,
9449,Refunded,720.99,EUR,google_pay,dhl,
9450,Refunded,550.99,EUR,credit_card,economy,
9451,Refunded,395.99,EUR,apple_pay,economy,
9452,Processing,570.99,USD,credit_card,dhl,
9453,Refunded,1173.95,GBP,bank_transfer,fedex,
9454,Pending,1380.95,GBP,bank_transfer,overnight,
9455,Shipped,77.95,GBP,google_pay,ups,
9456,Shipped,463.95,EUR,paypal,dhl,
9457,Cancelled,1259.95,EUR,apple_pay,fedex,
9458,Processing,970.99,GBP,bank_transfer,ups,
9459,Returned,1150.99,GBP,credit_card,overnight,
9460,Shipped,1202.99,EUR,klarna,overnight,
9461,Refunded,1488.95,USD,google_pay,dhl,
9462,Refunded,546.95,GBP,bank_transfer,overnight,
9463,Pending,288.99,USD,debit_card,overnight,
9464,Processing,524.99,EUR,google_pay,express,
9465,Processing,1168.99,EUR,debit_card,pickup_point,
9466,Processing,729.95,USD,apple_pay,pickup_point,
9467,Pending,1387.95,GBP,google_pay,dhl,
9468,Pending,498.99,GBP,bank_transfer,dhl,
9469,Pending,55.95,EUR,paypal,express,
9470,Returned,1383.99,USD,google_pay,pickup_point,
9471,Delivered,243.99,USD,apple_pay,ups,
9472,Cancelled,325.95,GBP,bank_transfer,express,
9473,Delivered,1418.99,GBP,apple_pay,ups,Do not leave in direct sunlight
9474,Processing,567.99,GBP,credit_card,express,
9475,Refunded,1237.99,USD,bank_transfer,fedex,
9476,Refunded,1328.95,EUR,paypal,overnight,
9477,Cancelled,312.95,USD,google_pay,ups,
9478,Cancelled,114.95,GBP,paypal,pickup_point,
9479,Processing,1187.99,EUR,klarna,dhl,
9480,Returned,971.99,USD,bank_transfer,standard,
9481,Shipped,519.99,EUR,credit_card,ups,
9482,Pending,78.95,USD,paypal,economy,
9483,Delivered,37.95,GBP,credit_card,ups,
9484,Refunded,1416.99,EUR,bank_transfer,express,
9485,Processing,1145.95,USD,paypal,fedex,
9486,Cancelled,1417.99,EUR,paypal,overnight,
9487,Processing,1025.99,GBP,debit_card,express,
9488,Cancelled,933.99,EUR,klarna,express,
9489,Returned,258.95,USD,bank_transfer,economy,
9490,Pending,232.95,USD,klarna,overnight,
9491,Cancelled,1188.95,USD,credit_card,dhl,
9492,Processing,1489.95,USD,debit_card,overnight,
9493,Refunded,766.95,GBP,paypal,pickup_point,Fragile - handle with care
9494,Shipped,32.99,USD,google_pay,fedex,
9495,Cancelled,755.95,GBP,apple_pay,fedex,
9496,Processing,449.99,EUR,debit_card,overnight,
9497,Refunded,1240.99,USD,credit_card,express,
9498,Processing,708.99,GBP,bank_transfer,express,
9499,Processing,411.95,GBP,klarna,standard,
9500,Delivered,1497.95,GBP,bank_transfer,economy,Please pack carefully
9501,Delivered,874.99,EUR,bank_transfer,express,
9502,Processing,278.99,GBP,credit_card,dhl,
9503,Processing,345.95,USD,apple_pay,dhl,
9504,Returned,357.95,GBP,klarna,dhl,
9505,Returned,224.99,GBP,klarna,overnight,
9506,Pending,274.99,GBP,credit_card,standard,
9507,Cancelled,1413.99,EUR,apple_pay,standard,
9508,Processing,768.95,EUR,google_pay,fedex,
9509,Delivered,496.99,USD,google_pay,economy,
9510,Refunded,77.99,GBP,credit_card,pickup_point,
9511,Pending,25.99,EUR,klarna,overnight,
9512,Pending,753.99,EUR,credit_card,economy,
9513,Cancelled,1169.95,EUR,paypal,pickup_point,
9514,Cancelled,1005.95,USD,apple_pay,pickup_point,
9515,Shipped,1278.95,EUR,bank_transfer,pickup_point,
9516,Processing,567.95,GBP,bank_transfer,dhl,
9517,Returned,566.95,EUR,bank_transfer,overnight,
9518,Processing,1100.95,EUR,debit_card,pickup_point,
9519,Delivered,1035.99,EUR,apple_pay,pickup_point,
9520,Processing,279.95,GBP,apple_pay,standard,
9521,Delivered,1450.99,USD,klarna,pickup_point,
9522,Cancelled,565.95,USD,klarna,standard,
9523,Shipped,144.99,EUR,apple_pay,overnight,
9524,Returned,160.99,GBP,google_pay,dhl,
9525,Cancelled,192.99,GBP,paypal,ups,Ring doorbell twice
9526,Cancelled,516.99,EUR,apple_pay,overnight,
9527,Returned,39.95,EUR,apple_pay,fedex,
9528,Shipped,718.95,GBP,credit_card,standard,
9529,Shipped,1241.99,EUR,bank_transfer,dhl,
9530,Returned,230.95,USD,google_pay,express,
9531,Delivered,38.99,EUR,bank_transfer,ups,
9532,Cancelled,40.99,EUR,credit_card,economy,
9533,Pending,994.99,EUR,credit_card,pickup_point,
9534,Pending,1083.99,EUR,google_pay,standard,
9535,Processing,1327.99,EUR,bank_transfer,pickup_point,
9536,Processing,952.95,GBP,klarna,dhl,
9537,Delivered,269.95,USD,apple_pay,express,
9538,Processing,1344.95,GBP,credit_card,express,
9539,Refunded,887.99,EUR,apple_pay,express,
9540,Refunded,1131.95,EUR,debit_card,express,
9541,Delivered,1313.99,GBP,credit_card,pickup_point,
9542,Refunded,1203.95,GBP,debit_card,fedex,
9543,Returned,1001.95,GBP,bank_transfer,express,
9544,Delivered,1435.99,USD,debit_card,pickup_point,
9545,Shipped,1029.95,USD,bank_transfer,overnight,Residential address
9546,Shipped,742.99,EUR,klarna,express,
9547,Cancelled,1396.95,USD,bank_transfer,ups,
9548,Pending,710.95,USD,apple_pay,fedex,
9549,Refunded,1085.95,GBP,debit_card,dhl,
9550,Returned,919.95,GBP,paypal,economy,
9551,Shipped,358.95,EUR,debit_card,pickup_point,
9552,Processing,304.99,EUR,klarna,ups,
9553,Refunded,607.95,USD,credit_card,pickup_point,
9554,Processing,99.99,GBP,paypal,pickup_point,
9555,Processing,229.95,GBP,debit_card,overnight,
9556,Refunded,1169.99,GBP,paypal,dhl,
9557,Cancelled,1117.99,USD,credit_card,fedex,
9558,Shipped,712.95,EUR,credit_card,overnight,
9559,Shipped,1337.99,GBP,google_pay,pickup_point,
9560,Returned,470.95,EUR,credit_card,ups,
9561,Cancelled,627.99,GBP,google_pay,express,
9562,Delivered,357.99,EUR,bank_transfer,pickup_point,
9563,Delivered,1377.95,GBP,google_pay,standard,
9564,Returned,50.95,USD,debit_card,economy,
9565,Processing,1070.95,GBP,bank_transfer,ups,
9566,Processing,1380.95,GBP,bank_transfer,fedex,
9567,Processing,553.95,EUR,google_pay,dhl,
9568,Returned,1309.99,EUR,debit_card,standard,
9569,Delivered,1393.95,EUR,klarna,economy,
9570,Returned,473.95,GBP,paypal,economy,
9571,Processing,1317.99,EUR,google_pay,express,
9572,Shipped,1403.95,USD,debit_card,standard,
9573,Pending,1324.99,GBP,credit_card,economy,Residential address
9574,Delivered,72.95,EUR,apple_pay,standard,
9575,Returned,1449.99,GBP,credit_card,dhl,
9576,Cancelled,1143.95,EUR,bank_transfer,dhl,
9577,Returned,1320.99,EUR,paypal,express,
9578,Processing,1431.95,USD,klarna,economy,
9579,Cancelled,1379.99,EUR,paypal,standard,
9580,Shipped,154.99,GBP,bank_transfer,express,
9581,Delivered,177.95,USD,paypal,express,
9582,Processing,324.95,GBP,debit_card,dhl,
9583,Cancelled,1320.95,EUR,apple_pay,pickup_point,
9584,Delivered,425.99,USD,paypal,fedex,
9585,Processing,78.95,USD,credit_card,pickup_point,
9586,Pending,1406.99,EUR,paypal,economy,
9587,Pending,758.99,USD,apple_pay,ups,
9588,Processing,735.95,USD,bank_transfer,pickup_point,
9589,Refunded,988.99,EUR,google_pay,economy,
9590,Shipped,1223.99,GBP,paypal,pickup_point,
9591,Shipped,448.99,GBP,debit_card,economy,
9592,Pending,775.99,GBP,debit_card,pickup_point,
9593,Refunded,224.95,USD,paypal,overnight,
9594,Refunded,949.99,EUR,google_pay,overnight,
9595,Returned,873.99,GBP,apple_pay,overnight,
9596,Cancelled,428.99,GBP,credit_card,fedex,
9597,Processing,794.95,EUR,paypal,economy,
9598,Shipped,358.95,EUR,credit_card,fedex,
9599,Shipped,539.95,EUR,google_pay,fedex,
9600,Refunded,1340.99,EUR,debit_card,dhl,
9601,Shipped,1358.95,GBP,credit_card,fedex,
9602,Delivered,583.99,EUR,bank_transfer,express,
9603,Cancelled,1114.95,GBP,google_pay,pickup_point,
9604,Pending,1314.99,EUR,bank_transfer,overnight,
9605,Pending,637.95,USD,bank_transfer,economy,
9606,Refunded,1128.99,USD,klarna,fedex,
9607,Cancelled,605.99,USD,klarna,ups,
9608,Cancelled,1167.95,EUR,credit_card,fedex,
9609,Shipped,204.95,USD,bank_transfer,pickup_point,
9610,Processing,619.99,EUR,credit_card,economy,
9611,Refunded,136.99,GBP,bank_transfer,pickup_point,
9612,Processing,1307.99,GBP,debit_card,express,
9613,Processing,933.95,USD,apple_pay,overnight,
9614,Pending,632.99,EUR,paypal,dhl,
9615,Cancelled,540.99,GBP,credit_card,pickup_point,
9616,Shipped,633.95,GBP,paypal,fedex,
9617,Refunded,1244.95,GBP,google_pay,fedex,
9618,Returned,1419.95,EUR,credit_card,economy,
9619,Processing,979.99,GBP,paypal,overnight,
9620,Processing,685.95,GBP,google_pay,economy,
9621,Pending,906.95,GBP,klarna,express,
9622,Shipped,763.99,GBP,klarna,economy,
9623,Delivered,544.95,GBP,google_pay,express,
9624,Cancelled,567.99,GBP,apple_pay,standard,
9625,Refunded,440.99,GBP,debit_card,pickup_point,
9626,Delivered,1095.99,GBP,apple_pay,economy,
9627,Shipped,1346.99,USD,bank_transfer,pickup_point,
9628,Processing,376.95,USD,google_pay,pickup_point,
9629,Shipped,595.99,EUR,google_pay,pickup_point,
9630,Pending,748.99,EUR,klarna,dhl,
9631,Returned,556.95,EUR,google_pay,pickup_point,
9632,Shipped,181.95,EUR,apple_pay,dhl,
9633,Shipped,1039.99,GBP,paypal,economy,
9634,Shipped,1151.95,GBP,apple_pay,fedex,
9635,Cancelled,1263.95,GBP,apple_pay,pickup_point,Ring doorbell twice
9636,Delivered,61.99,USD,apple_pay,dhl,
9637,Delivered,231.95,EUR,bank_transfer,economy,
9638,Processing,344.95,EUR,debit_card,express,
9639,Shipped,957.99,GBP,google_pay,standard,
9640,Cancelled,630.95,EUR,apple_pay,fedex,
9641,Refunded,115.95,USD,credit_card,standard,
9642,Delivered,847.95,GBP,bank_transfer,economy,
9643,Returned,518.99,GBP,bank_transfer,overnight,
9644,Processing,873.99,GBP,klarna,standard,
9645,Shipped,128.95,EUR,klarna,fedex,
9646,Processing,1235.95,USD,klarna,express,
9647,Processing,1184.95,USD,klarna,express,
9648,Refunded,1237.95,GBP,credit_card,overnight,
9649,Processing,838.99,GBP,paypal,economy,
9650,Delivered,1340.95,GBP,google_pay,fedex,
9651,Shipped,650.99,GBP,bank_transfer,ups,
9652,Returned,520.99,USD,debit_card,express,
9653,Pending,1427.95,USD,apple_pay,ups,
9654,Delivered,977.99,USD,bank_transfer,dhl,
9655,Shipped,1197.99,EUR,debit_card,dhl,
9656,Pending,621.95,USD,apple_pay,express,
9657,Delivered,726.95,GBP,paypal,fedex,
9658,Cancelled,976.95,USD,google_pay,fedex,Please leave at front door
9659,Shipped,424.95,EUR,google_pay,fedex,
9660,Delivered,1353.95,USD,debit_card,express,
9661,Refunded,1271.99,GBP,bank_transfer,standard,
9662,Processing,1072.95,USD,apple_pay,economy,
9663,Refunded,689.99,USD,debit_card,pickup_point,
9664,Pending,902.95,USD,debit_card,express,
9665,Shipped,1298.95,GBP,debit_card,economy,
9666,Processing,419.95,EUR,debit_card,ups,
9667,Cancelled,523.99,GBP,klarna,economy,
9668,Delivered,1185.99,EUR,bank_transfer,dhl,
9669,Pending,506.95,EUR,credit_card,economy,
9670,Pending,102.95,EUR,klarna,economy,
9671,Cancelled,386.95,USD,credit_card,overnight,
9672,Returned,169.99,USD,credit_card,standard,
9673,Delivered,1240.95,USD,debit_card,overnight,
9674,Cancelled,537.95,GBP,debit_card,dhl,
9675,Refunded,1267.95,USD,apple_pay,ups,
9676,Processing,241.99,EUR,bank_transfer,dhl,
9677,Returned,1315.99,GBP,paypal,ups,
9678,Cancelled,898.99,GBP,bank_transfer,pickup_point,
9679,Pending,469.95,EUR,klarna,overnight,
9680,Returned,676.99,EUR,apple_pay,standard,
9681,Pending,1231.99,EUR,google_pay,ups,
9682,Processing,1400.95,GBP,bank_transfer,standard,
9683,Shipped,418.99,EUR,credit_card,fedex,
9684,Cancelled,1295.99,USD,credit_card,fedex,Gift wrapping requested
9685,Shipped,395.95,USD,apple_pay,pickup_point,
9686,Processing,1058.95,USD,klarna,fedex,
9687,Shipped,32.95,EUR,credit_card,express,
9688,Shipped,563.95,GBP,google_pay,overnight,Fragile - handle with care
9689,Processing,1225.99,GBP,paypal,standard,
9690,Processing,81.99,USD,paypal,ups,
9691,Delivered,1056.95,GBP,paypal,dhl,
9692,Returned,162.99,EUR,google_pay,overnight,
9693,Returned,487.95,GBP,apple_pay,economy,
9694,Delivered,1024.95,GBP,credit_card,express,
9695,Shipped,365.95,EUR,bank_transfer,pickup_point,
9696,Pending,558.95,GBP,paypal,fedex,
9697,Processing,574.99,GBP,credit_card,pickup_point,
9698,Shipped,1465.99,USD,bank_transfer,standard,
9699,Processing,1121.99,GBP,bank_transfer,dhl,
9700,Delivered,1213.95,USD,bank_transfer,dhl,
9701,Cancelled,415.99,EUR,google_pay,economy,
9702,Refunded,629.99,USD,google_pay,standard,
9703,Delivered,1455.95,USD,credit_card,economy,
9704,Pending,531.95,USD,credit_card,fedex,
9705,Cancelled,592.95,GBP,klarna,ups,
9706,Delivered,1145.95,USD,klarna,ups,
9707,Pending,91.95,USD,google_pay,pickup_point,
9708,Refunded,1408.99,EUR,bank_transfer,ups,
9709,Pending,1335.99,USD,bank_transfer,fedex,
9710,Pending,42.99,USD,bank_transfer,standard,
9711,Refunded,263.99,USD,apple_pay,fedex,
9712,Processing,364.99,GBP,apple_pay,ups,
9713,Delivered,1144.95,USD,debit_card,dhl,
9714,Returned,191.99,USD,google_pay,pickup_point,
9715,Returned,852.99,EUR,bank_transfer,overnight,
9716,Delivered,286.95,GBP,google_pay,economy,Leave with neighbor if not home
9717,Refunded,397.95,GBP,credit_card,standard,
9718,Pending,912.95,EUR,paypal,dhl,
9719,Cancelled,957.99,GBP,google_pay,overnight,
9720,Returned,1121.95,USD,debit_card,economy,
9721,Processing,63.99,GBP,debit_card,express,
9722,Returned,736.95,GBP,bank_transfer,pickup_point,
9723,Cancelled,841.95,EUR,apple_pay,overnight,Gift wrapping requested
9724,Processing,782.95,GBP,bank_transfer,fedex,
9725,Refunded,602.95,EUR,apple_pay,standard,
9726,Refunded,1335.95,EUR,google_pay,standard,
9727,Refunded,831.99,EUR,debit_card,economy,
9728,Pending,479.99,USD,google_pay,pickup_point,
9729,Pending,149.95,GBP,bank_transfer,standard,
9730,Refunded,1058.99,USD,debit_card,overnight,
9731,Returned,506.95,EUR,apple_pay,standard,
9732,Shipped,102.99,USD,google_pay,pickup_point,
9733,Processing,1335.95,GBP,credit_card,pickup_point,
9734,Refunded,139.95,USD,bank_transfer,pickup_point,Gift wrapping requested
9735,Pending,584.95,EUR,paypal,dhl,
9736,Returned,397.99,EUR,paypal,express,
9737,Cancelled,146.99,USD,credit_card,express,
9738,Processing,113.95,USD,credit_card,economy,
9739,Returned,697.99,GBP,credit_card,fedex,
9740,Processing,307.95,GBP,bank_transfer,dhl,
9741,Returned,568.99,EUR,paypal,economy,
9742,Cancelled,361.99,EUR,bank_transfer,ups,
9743,Cancelled,829.99,GBP,klarna,ups,
9744,Delivered,615.99,GBP,bank_transfer,standard,
9745,Refunded,866.95,GBP,bank_transfer,overnight,
9746,Pending,371.99,EUR,apple_pay,express,
9747,Pending,1490.99,GBP,debit_card,pickup_point,
9748,Cancelled,207.95,GBP,bank_transfer,pickup_point,
9749,Cancelled,20.95,GBP,paypal,standard,
9750,Returned,1292.95,GBP,klarna,standard,
9751,Pending,1443.99,GBP,paypal,economy,
9752,Delivered,288.95,GBP,credit_card,express,
9753,Pending,257.99,GBP,debit_card,standard,
9754,Delivered,75.99,USD,klarna,pickup_point,
9755,Processing,1155.95,GBP,klarna,fedex,
9756,Processing,1412.95,GBP,klarna,overnight,
9757,Cancelled,512.99,GBP,credit_card,ups,
9758,Processing,1334.99,USD,bank_transfer,ups,
9759,Delivered,1093.95,EUR,debit_card,standard,
9760,Delivered,659.99,USD,google_pay,overnight,
9761,Returned,361.99,GBP,apple_pay,overnight,
9762,Shipped,841.99,USD,credit_card,fedex,
9763,Shipped,532.95,USD,paypal,express,
9764,Cancelled,1258.99,GBP,klarna,economy,
9765,Processing,1294.99,GBP,credit_card,standard,
9766,Pending,1074.99,USD,klarna,ups,
9767,Returned,826.95,GBP,apple_pay,express,
9768,Pending,895.95,EUR,debit_card,dhl,
9769,Pending,266.95,USD,bank_transfer,pickup_point,
9770,Cancelled,1138.99,EUR,apple_pay,fedex,
9771,Processing,703.99,USD,bank_transfer,express,
9772,Cancelled,809.99,USD,credit_card,pickup_point,
9773,Returned,379.99,EUR,credit_card,express,
9774,Cancelled,480.99,USD,paypal,ups,
9775,Returned,327.95,USD,google_pay,express,
9776,Shipped,1219.99,EUR,klarna,express,
9777,Processing,603.95,EUR,google_pay,express,
9778,Pending,579.99,EUR,apple_pay,overnight,
9779,Cancelled,878.95,GBP,klarna,pickup_point,
9780,Delivered,191.95,GBP,google_pay,fedex,
9781,Refunded,857.95,EUR,bank_transfer,fedex,
9782,Pending,606.95,GBP,bank_transfer,express,
9783,Processing,1285.95,USD,bank_transfer,dhl,
9784,Returned,10.95,EUR,apple_pay,overnight,
9785,Delivered,1193.99,EUR,apple_pay,express,
9786,Delivered,1440.95,GBP,credit_card,express,
9787,Pending,1320.95,USD,debit_card,overnight,
9788,Refunded,902.99,EUR,credit_card,express,
9789,Cancelled,411.95,GBP,klarna,overnight,
9790,Refunded,1387.99,EUR,paypal,economy,
9791,Delivered,302.95,GBP,bank_transfer,overnight,
9792,Cancelled,279.99,EUR,klarna,overnight,Please pack carefully
9793,Refunded,675.99,USD,google_pay,economy,
9794,Delivered,1455.99,EUR,klarna,economy,
9795,Delivered,84.99,USD,paypal,standard,
9796,Pending,1363.99,GBP,debit_card,fedex,
9797,Pending,451.95,EUR,paypal,fedex,
9798,Cancelled,498.95,EUR,klarna,fedex,
9799,Returned,40.95,EUR,credit_card,pickup_point,
9800,Pending,618.99,USD,apple_pay,economy,
9801,Refunded,425.95,GBP,paypal,dhl,
9802,Cancelled,819.95,EUR,bank_transfer,fedex,
9803,Processing,1003.95,EUR,google_pay,overnight,
9804,Pending,1254.99,EUR,paypal,pickup_point,Combine with other items if available
9805,Shipped,1290.95,USD,klarna,economy,
9806,Returned,860.95,EUR,apple_pay,express,Combine with other items if available
9807,Refunded,1183.99,EUR,bank_transfer,standard,
9808,Processing,243.99,USD,google_pay,standard,
9809,Refunded,557.99,USD,klarna,ups,
9810,Delivered,387.99,USD,bank_transfer,economy,
9811,Returned,239.99,USD,apple_pay,fedex,
9812,Pending,410.99,EUR,google_pay,fedex,
9813,Delivered,1267.99,EUR,apple_pay,fedex,
9814,Refunded,56.95,GBP,credit_card,dhl,
9815,Cancelled,378.95,EUR,debit_card,economy,
9816,Returned,407.95,USD,bank_transfer,economy,
9817,Processing,464.99,GBP,klarna,ups,
9818,Pending,1384.99,GBP,klarna,ups,Leave with neighbor if not home
9819,Pending,1181.95,EUR,paypal,standard,
9820,Cancelled,347.95,USD,bank_transfer,ups,
9821,Cancelled,1328.95,USD,apple_pay,overnight,
9822,Shipped,391.99,GBP,paypal,ups,
9823,Refunded,116.95,GBP,credit_card,standard,
9824,Processing,749.95,EUR,apple_pay,pickup_point,
9825,Processing,866.99,USD,debit_card,fedex,
9826,Pending,1413.95,GBP,bank_transfer,economy,
9827,Pending,382.99,GBP,google_pay,fedex,ASAP delivery needed
9828,Refunded,1452.99,USD,bank_transfer,economy,
9829,Returned,849.95,GBP,klarna,ups,
9830,Processing,440.95,GBP,google_pay,standard,
9831,Returned,546.95,GBP,bank_transfer,economy,
9832,Returned,1471.95,GBP,apple_pay,ups,
9833,Returned,935.99,EUR,google_pay,pickup_point,
9834,Pending,259.99,GBP,credit_card,express,
9835,Shipped,1308.99,GBP,bank_transfer,ups,
9836,Returned,426.99,GBP,apple_pay,fedex,
9837,Pending,342.99,USD,paypal,overnight,
9838,Cancelled,511.95,USD,paypal,pickup_point,
9839,Delivered,1464.99,USD,debit_card,dhl,
9840,Returned,631.99,USD,bank_transfer,dhl,Fragile - handle with care
9841,Pending,185.99,USD,paypal,overnight,Business address
9842,Cancelled,712.99,GBP,klarna,fedex,
9843,Pending,1074.95,EUR,debit_card,dhl,
9844,Returned,1104.95,GBP,credit_card,ups,
9845,Refunded,406.95,EUR,google_pay,express,
9846,Delivered,696.95,EUR,bank_transfer,pickup_point,
9847,Returned,826.95,USD,klarna,economy,
9848,Refunded,508.99,USD,paypal,express,
9849,Cancelled,632.99,USD,apple_pay,overnight,
9850,Processing,1251.99,EUR,debit_card,economy,
9851,Cancelled,846.95,USD,debit_card,ups,
9852,Delivered,89.99,USD,apple_pay,overnight,
9853,Shipped,1417.95,USD,klarna,pickup_point,
9854,Processing,64.99,USD,credit_card,overnight,
9855,Refunded,530.95,EUR,bank_transfer,express,
9856,Pending,218.95,GBP,credit_card,dhl,
9857,Pending,319.95,GBP,apple_pay,pickup_point,
9858,Returned,190.95,GBP,bank_transfer,overnight,
9859,Cancelled,812.99,GBP,credit_card,fedex,
9860,Shipped,108.95,GBP,paypal,fedex,
9861,Cancelled,540.95,GBP,klarna,standard,
9862,Shipped,1042.99,GBP,debit_card,express,
9863,Returned,1126.99,GBP,google_pay,standard,
9864,Returned,1345.99,USD,google_pay,economy,
9865,Pending,1069.95,EUR,credit_card,dhl,
9866,Processing,377.95,GBP,google_pay,ups,
9867,Processing,1492.95,USD,apple_pay,express,
9868,Processing,1311.95,EUR,klarna,express,
9869,Refunded,791.99,GBP,debit_card,dhl,
9870,Refunded,1298.95,USD,klarna,economy,Combine with other items if available
9871,Refunded,511.95,EUR,credit_card,economy,
9872,Delivered,1313.95,USD,apple_pay,standard,Business address
9873,Shipped,733.99,USD,klarna,standard,
9874,Pending,158.99,GBP,google_pay,pickup_point,
9875,Pending,1186.99,GBP,debit_card,standard,
9876,Refunded,1093.95,USD,google_pay,dhl,
9877,Delivered,1283.99,GBP,google_pay,ups,
9878,Pending,1203.99,EUR,bank_transfer,overnight,
9879,Refunded,1306.99,GBP,google_pay,express,
9880,Shipped,1334.99,GBP,google_pay,economy,
9881,Refunded,942.99,USD,bank_transfer,overnight,
9882,Processing,617.95,GBP,debit_card,overnight,
9883,Cancelled,1322.95,USD,klarna,fedex,
9884,Cancelled,1019.95,GBP,credit_card,fedex,
9885,Returned,1284.99,EUR,klarna,pickup_point,
9886,Processing,162.95,EUR,debit_card,ups,
9887,Delivered,68.99,EUR,paypal,pickup_point,
9888,Processing,651.99,USD,apple_pay,fedex,
9889,Returned,1405.95,EUR,klarna,fedex,
9890,Cancelled,593.99,EUR,debit_card,pickup_point,
9891,Shipped,49.95,EUR,bank_transfer,pickup_point,
9892,Refunded,493.99,USD,bank_transfer,fedex,
9893,Pending,1391.95,GBP,paypal,overnight,
9894,Returned,1442.99,GBP,bank_transfer,overnight,
9895,Shipped,446.99,GBP,apple_pay,overnight,
9896,Cancelled,1333.99,GBP,debit_card,express,
9897,Delivered,1280.99,EUR,debit_card,overnight,
9898,Processing,79.99,EUR,bank_transfer,standard,
9899,Refunded,432.99,EUR,apple_pay,standard,
9900,Shipped,1435.95,USD,paypal,express,
9901,Cancelled,812.95,EUR,credit_card,dhl,
9902,Cancelled,415.99,USD,klarna,dhl,
9903,Cancelled,657.99,USD,google_pay,standard,
9904,Shipped,574.99,GBP,google_pay,fedex,
9905,Refunded,1051.95,USD,bank_transfer,overnight,
9906,Returned,484.99,EUR,bank_transfer,economy,
9907,Refunded,46.95,GBP,google_pay,pickup_point,
9908,Returned,773.99,USD,klarna,pickup_point,
9909,Delivered,523.99,USD,klarna,ups,
9910,Shipped,900.95,EUR,google_pay,pickup_point,
9911,Refunded,1415.95,USD,google_pay,standard,
9912,Processing,558.95,USD,apple_pay,standard,
9913,Pending,718.95,USD,klarna,dhl,
9914,Cancelled,358.99,GBP,google_pay,standard,
9915,Cancelled,1316.99,EUR,klarna,overnight,
9916,Pending,523.99,USD,apple_pay,express,
9917,Cancelled,417.99,USD,paypal,economy,
9918,Cancelled,1254.95,GBP,klarna,express,
9919,Cancelled,1355.95,USD,debit_card,express,
9920,Returned,1017.95,EUR,debit_card,express,
9921,Refunded,800.95,EUR,credit_card,express,
9922,Shipped,839.95,USD,paypal,dhl,
9923,Cancelled,146.99,USD,google_pay,ups,
9924,Shipped,615.99,EUR,bank_transfer,express,
9925,Refunded,720.99,USD,debit_card,overnight,
9926,Delivered,342.95,EUR,credit_card,pickup_point,
9927,Pending,12.99,GBP,bank_transfer,overnight,
9928,Shipped,995.95,EUR,credit_card,express,
9929,Refunded,334.95,GBP,bank_transfer,ups,
9930,Refunded,1464.99,EUR,credit_card,express,
9931,Shipped,922.95,EUR,credit_card,overnight,
9932,Refunded,302.95,GBP,debit_card,fedex,
9933,Shipped,248.95,GBP,bank_transfer,standard,
9934,Processing,1026.99,USD,apple_pay,overnight,
9935,Returned,1225.95,USD,klarna,economy,
9936,Processing,1229.99,GBP,google_pay,dhl,
9937,Returned,143.99,EUR,google_pay,ups,
9938,Pending,378.95,EUR,klarna,economy,
9939,Delivered,1076.95,USD,apple_pay,economy,
9940,Delivered,1313.99,EUR,bank_transfer,express,
9941,Returned,1155.99,USD,debit_card,pickup_point,
9942,Delivered,1037.95,EUR,klarna,pickup_point,
9943,Processing,1463.99,EUR,credit_card,pickup_point,
9944,Returned,118.99,EUR,paypal,fedex,
9945,Returned,533.95,EUR,apple_pay,economy,
9946,Pending,574.99,USD,paypal,dhl,
9947,Cancelled,761.95,GBP,klarna,economy,
9948,Returned,1269.95,USD,credit_card,overnight,
9949,Pending,1339.95,GBP,bank_transfer,ups,
9950,Shipped,1120.95,EUR,google_pay,standard,
9951,Processing,240.95,EUR,google_pay,economy,
9952,Cancelled,1179.99,USD,debit_card,dhl,
9953,Delivered,1027.95,USD,paypal,dhl,
9954,Pending,439.99,USD,klarna,overnight,
9955,Refunded,329.95,GBP,bank_transfer,dhl,
9956,Shipped,749.99,GBP,paypal,ups,
9957,Processing,1223.99,EUR,google_pay,pickup_point,
9958,Returned,978.99,EUR,credit_card,overnight,
9959,Refunded,1406.99,GBP,paypal,ups,
9960,Returned,643.99,USD,google_pay,pickup_point,
9961,Delivered,1026.99,EUR,google_pay,standard,
9962,Processing,1009.95,USD,debit_card,standard,
9963,Delivered,1443.99,USD,bank_transfer,fedex,
9964,Refunded,980.99,USD,apple_pay,ups,
9965,Refunded,123.99,GBP,credit_card,fedex,
9966,Shipped,1007.95,USD,apple_pay,economy,
9967,Processing,787.95,EUR,credit_card,fedex,
9968,Shipped,97.99,USD,credit_card,overnight,
9969,Returned,317.99,EUR,debit_card,economy,
9970,Refunded,1042.95,EUR,paypal,ups,
9971,Shipped,1352.95,GBP,paypal,fedex,
9972,Refunded,809.95,GBP,apple_pay,dhl,
9973,Shipped,671.95,GBP,credit_card,economy,
9974,Pending,984.95,GBP,bank_transfer,economy,
9975,Delivered,1328.95,EUR,bank_transfer,pickup_point,
9976,Delivered,941.99,GBP,debit_card,overnight,
9977,Returned,860.95,GBP,apple_pay,economy,
9978,Returned,1041.99,GBP,google_pay,pickup_point,
9979,Delivered,759.95,GBP,bank_transfer,express,
9980,Returned,501.99,USD,debit_card,express,
9981,Returned,1067.99,USD,google_pay,standard,
9982,Returned,162.95,USD,credit_card,economy,
9983,Processing,99.99,GBP,credit_card,dhl,ASAP delivery needed
9984,Processing,885.95,EUR,google_pay,overnight,
9985,Refunded,124.99,EUR,credit_card,standard,
9986,Refunded,815.99,EUR,credit_card,ups,
9987,Refunded,506.99,USD,debit_card,standard,
9988,Shipped,598.99,EUR,debit_card,pickup_point,
9989,Delivered,1238.95,USD,klarna,overnight,
9990,Pending,657.95,USD,klarna,fedex,
9991,Returned,319.95,USD,apple_pay,standard,
9992,Refunded,1187.95,EUR,apple_pay,overnight,
9993,Delivered,1232.95,USD,debit_card,dhl,
9994,Returned,197.95,GBP,google_pay,ups,
9995,Delivered,1277.95,USD,apple_pay,economy,
9996,Shipped,683.95,USD,debit_card,fedex,
9997,Shipped,467.99,GBP,bank_transfer,pickup_point,
9998,Processing,365.95,GBP,debit_card,ups,
9999,Processing,662.99,EUR,bank_transfer,express,
10000,Returned,534.99,USD,paypal,standard,
